source,target,weight,motif_source,source_target
A,G,0,hepitope_X1X,A_G
A,N,0,hepitope_X1X,A_N
A,T,0,hepitope_X1X,A_T
D,A,0,hepitope_X1X,D_A
D,L,0,hepitope_X1X,D_L
D,R,3.333333333333333,hepitope_X1X,D_R
D,T,0,hepitope_X1X,D_T
D,W,0,hepitope_X1X,D_W
E,D,0,hepitope_X1X,E_D
E,E',0,hepitope_X1X,E_E'
E,Q,6.666666666666666,hepitope_X1X,E_Q
F,E,3.333333333333333,hepitope_X1X,F_E
F,L,3.333333333333333,hepitope_X1X,F_L
F,P,0,hepitope_X1X,F_P
G,D,0,hepitope_X1X,G_D
G,N,0,hepitope_X1X,G_N
G,R,0,hepitope_X1X,G_R
G,W,6.666666666666666,hepitope_X1X,G_W
H,E,3.333333333333333,hepitope_X1X,H_E
H,F,0,hepitope_X1X,H_F
H,N,0,hepitope_X1X,H_N
H,T,0,hepitope_X1X,H_T
I,D,0,hepitope_X1X,I_D
I,I',3.333333333333333,hepitope_X1X,I_I'
I,K,0,hepitope_X1X,I_K
I,Q,0,hepitope_X1X,I_Q
K,A,0,hepitope_X1X,K_A
K,G,0,hepitope_X1X,K_G
K,I,0,hepitope_X1X,K_I
K,K',0,hepitope_X1X,K_K'
K,Q,6.666666666666666,hepitope_X1X,K_Q
K,R,0,hepitope_X1X,K_R
K,Y,0,hepitope_X1X,K_Y
L,C,0,hepitope_X1X,L_C
L,K,0,hepitope_X1X,L_K
L,T,0,hepitope_X1X,L_T
L,V,0,hepitope_X1X,L_V
M,I,0,hepitope_X1X,M_I
N,F,10,hepitope_X1X,N_F
N,V,0,hepitope_X1X,N_V
N,W,0,hepitope_X1X,N_W
P,A,0,hepitope_X1X,P_A
P,Q,0,hepitope_X1X,P_Q
P,R,0,hepitope_X1X,P_R
Q,C,0,hepitope_X1X,Q_C
Q,F,0,hepitope_X1X,Q_F
Q,I,3.333333333333333,hepitope_X1X,Q_I
Q,K,3.333333333333333,hepitope_X1X,Q_K
Q,L,0,hepitope_X1X,Q_L
Q,R,0,hepitope_X1X,Q_R
R,A,0,hepitope_X1X,R_A
R,D,3.333333333333333,hepitope_X1X,R_D
R,G,3.333333333333333,hepitope_X1X,R_G
R,K,3.333333333333333,hepitope_X1X,R_K
R,L,3.333333333333333,hepitope_X1X,R_L
R,P,3.333333333333333,hepitope_X1X,R_P
R,Y,0,hepitope_X1X,R_Y
S,D,0,hepitope_X1X,S_D
S,F,0,hepitope_X1X,S_F
S,P,0,hepitope_X1X,S_P
S,S',0,hepitope_X1X,S_S'
T,D,0,hepitope_X1X,T_D
T,E,0,hepitope_X1X,T_E
T,G,0,hepitope_X1X,T_G
T,H,0,hepitope_X1X,T_H
T,N,10,hepitope_X1X,T_N
T,S,0,hepitope_X1X,T_S
V,A,0,hepitope_X1X,V_A
V,H,0,hepitope_X1X,V_H
V,T,0,hepitope_X1X,V_T
W,L,0,hepitope_X1X,W_L
Y,H,3.333333333333333,hepitope_X1X,Y_H
Y,L,3.333333333333333,hepitope_X1X,Y_L
Y,T,0,hepitope_X1X,Y_T
Y,V,0,hepitope_X1X,Y_V
