pdbid,abres,abresnum,abchain,segment,deltag
1FDL_1,GLY,66,L,LFR3,10.333
4XXD_1,GLY,95,L,CDR-L3,11.2346
1NCB_1,GLY,66,L,LFR3,10.2033
1MHP_1,GLN,100,H,CDR-H3,10.2546
4YC2_1,GLY,44,L,LFR2,10.1102
4YC2_1,GLN,105,L,LFR4,17.4555
3EFF_1,ARG,66,L,LFR3,10.7822
3EFF_1,GLN,90,L,CDR-L3,12.4694
3DVG_1,LYS,63,H,CDR-H2,12.17
1A2Y_1,GLY,66,L,LFR3,10.0301
4N90_1,ASP,67,H,HFR3,10.2935
5GIR_1,GLY,66,L,LFR3,10.766
3LDB_1,GLY,66,L,LFR3,10.637
3LDB_1,GLY,101,L,LFR4,10.3174
3QG6_1,CYS,4,H,HFR1,13.7268
5GS0_3,GLY,35,H,CDR-H1,10.5509
4XI5_1,GLN,90,L,CDR-L3,14.3591
4XI5_1,VAL,2,H,HFR1,22.4129
4XI5_1,PHE,27,H,HFR1,33.0627
4XI5_1,TYR,32,H,CDR-H1,22.1696
4XI5_1,ARG,66,H,HFR3,67.7748
4XI5_1,ARG,71,H,HFR3,39.3814
4XI5_1,LEU,75,H,HFR3,31.2423
4XI5_1,LEU,82,H,HFR3,29.6455
4XI5_1,ASP,86,H,HFR3,10.7015
4XI5_1,ARG,94,H,HFR3,27.7972
4XI5_1,ARG,39,H,HFR2,54.6321
4XI5_1,GLU,51,H,CDR-H2,12.9319
4XI5_1,PHE,53,H,CDR-H2,41.9194
1EO8_1,GLY,66,L,LFR3,11.5124
4YZF_1,GLY,35,H,CDR-H1,14.2546
4YO0_1,H1S,75,L,LFR3,13.0114
5DRZ_1,GLY,97,L,CDR-L3,11.0618
4BH7_1,GLY,66,L,LFR3,10.7628
4HJ0_1,ARG,43,L,LFR2,10.4418
5T5F_1,GLY,94,H,HFR3,10.4071
1CZ8_1,GLY,88,H,HFR3,11.4152
1CZ8_1,GLY,92,H,HFR3,18.3745
1V7M_1,GLY,66,L,LFR3,10.3529
3KJ4_1,TYR,98,L,LFR4,73.6488
4GMS_1,GLY,72,L,LFR3,10.4999
1EJO_1,TYR,91,L,CDR-L3,48.5315
1EJO_1,ARG,106,L,LFR4,69.2135
2R29_1,H1S,34,L,CDR-L1,10.8065
4DW2_1,ILE,2,L,LFR1,13.5914
4DW2_1,H1S,31,L,CDR-L1,12.5685
4DW2_1,GLY,64,L,LFR3,10.1049
4DW2_1,GLU,93,H,HFR3,16.9922
4DW2_1,ARG,94,H,HFR3,10.2332
4GAJ_1,GLY,66,L,LFR3,11.2227
3H0T_1,GLY,20,H,HFR1,11.1702
2ARJ_1,GLY,35,H,CDR-H1,10.5841
1NMB_1,GLY,66,L,LFR3,12.4863
5UGY_1,GLY,67,L,LFR3,10.8071
3V4V_1,GLY,66,L,LFR3,10.4651
1XGY_1,GLY,66,L,LFR3,10.0007
1XGY_1,GLN,6,H,HFR1,12.4176
5DUP_1,GLY,63,L,LFR3,10.4945
5DUP_1,GLY,93,L,CDR-L3,11.3956
5JHL_1,ARG,2,H,HFR1,34.0965
3SKJ_1,GLY,66,L,LFR3,10.5397
4GMS_2,GLY,72,L,LFR3,10.6637
5E8E_1,GLY,50,L,CDR-L2,12.697
1KC5_1,GLY,66,L,LFR3,10.7488
1FPT_1,GLY,66,L,LFR3,10.1302
4KUC_1,GLN,6,L,LFR1,17.945
4KUC_1,TYR,23,L,LFR1,53.7709
4KUC_1,GLY,99,L,LFR4,10.6942
4KUC_1,SER,100,L,LFR4,12.1985
4KUC_1,LEU,100,L,LFR4,23.8561
1TET_1,GLY,66,L,LFR3,10.4661
4TQE_1,GLY,96,H,CDR-H3,11.1405
3TT3_1,PHE,100,H,CDR-H3,13.1254
3TT3_1,GLU,62,H,CDR-H2,10.3861
4YK4_1,TRP,80,H,HFR3,21.1975
4YK4_1,VAL,112,H,HFR4,15.5379
2GSI_1,ILE,91,L,CDR-L3,12.5858
2GSI_1,ARG,92,L,CDR-L3,52.9352
2GSI_1,ARG,96,L,CDR-L3,12.9232
2HKF_1,GLY,66,L,LFR3,10.6768
1QFU_1,GLY,66,L,LFR3,10.0311
1QFU_1,GLY,26,H,HFR1,10.6408
4ENE_1,GLN,96,L,CDR-L3,13.5628
3MLY_1,GLY,100,H,CDR-H3,11.3765
1NCA_1,GLY,66,L,LFR3,10.3674
4LU5_1,GLY,66,L,LFR3,10.4773
2XRA_1,GLY,66,L,LFR3,10.1424
5KJR_1,GLY,31,H,CDR-H1,10.4081
1YNT_1,GLY,66,L,LFR3,11.9101
5CJO_1,GLY,95,L,CDR-L3,10.8069
5CJO_1,GLY,105,L,LFR4,10.5107
3SDY_1,GLY,72,L,LFR3,10.3124
5TZT_1,GLY,66,L,LFR3,10.4144
1OB1_1,GLY,100,H,CDR-H3,10.0442
1QFW_1,GLY,30,L,CDR-L1,11.7999
5MVZ_1,LYS,55,H,CDR-H2,10.161
2A6I_1,GLY,66,L,LFR3,10.0046
2A6I_1,GLY,33,H,CDR-H1,14.0285
2A6I_1,TYR,100,H,CDR-H3,12.0039
2GSI_2,GLY,66,L,LFR3,10.5883
2GSI_2,ILE,91,L,CDR-L3,17.8526
2GSI_2,ARG,92,L,CDR-L3,10.8515
2GSI_2,ARG,96,L,CDR-L3,17.9008
1KEN_1,GLY,66,L,LFR3,13.3523
4UU9_1,GLY,44,H,HFR2,10.6055
4IJ3_1,GLY,98,H,CDR-H3,10.5597
3TYG_1,PHE,38,L,LFR2,11.9388
1QKZ_1,GLY,66,L,LFR3,10.5483
5DWU_1,ARG,33,L,CDR-L1,39.8358
5DWU_1,ARG,52,L,CDR-L2,40.0199
5DWU_1,ARG,66,L,LFR3,53.3233
5DWU_1,PHE,67,L,LFR3,93.8512
5DWU_1,MET,79,L,LFR3,80.0441
1KIQ_1,GLY,66,L,LFR3,10.6298
5EOQ_1,GLY,66,L,LFR3,10.5654
1I9R_1,GLY,66,L,LFR3,11.2107
2JIX_2,ILE,99,H,CDR-H3,15.7077
2JIX_2,GLY,100,H,CDR-H3,10.8435
3QUM_2,GLN,90,L,CDR-L3,10.2469
3QUM_2,TRP,33,H,CDR-H1,11.294
3QUM_2,GLN,84,H,HFR3,11.7366
4Q5Z_8,GLY,95,L,CDR-L3,11.3836
1CU4_1,GLY,66,L,LFR3,13.1253
4HFU_1,GLY,97,L,CDR-L3,10.241
4ODX_1,PHE,54,H,CDR-H2,16.633
4ODX_1,H2S,75,H,HFR3,17.4993
5IGX_1,GLN,37,L,LFR2,12.6777
5IGX_1,LEU,47,L,LFR2,10.8339
2AP2_1,GLY,66,L,LFR3,11.1005
3BSZ_1,GLY,66,L,LFR3,11.6211
3BSZ_1,GLU,101,H,CDR-H3,14.8426
3QUM_1,GLY,66,L,LFR3,10.8763
4J8R_1,TRP,6,H,HFR1,10.3968
4J8R_1,GLY,7,H,HFR1,23.2501
1HI6_1,GLY,66,L,LFR3,10.7652
1HI6_1,LEU,11,H,HFR1,11.3458
5MHS_3,GLY,106,H,HFR4,13.0445
4ZPT_1,GLY,66,L,LFR3,10.3388
4XHJ_1,ARG,39,H,HFR2,50.8153
4XHJ_1,PHE,53,H,CDR-H2,36.4964
2XTJ_1,GLY,93,L,CDR-L3,10.9093
4NP4_1,GLY,92,L,CDR-L3,12.8461
3WFD_1,GLY,69,H,HFR3,11.2703
4JM2_2,GLY,66,L,LFR3,10.8502
2AEQ_1,LYS,52,H,CDR-H2,31.3075
2AEQ_1,ARG,71,H,HFR3,14.2603
4PP1_1,GLY,66,L,LFR3,10.6066
2H1P_1,ARG,71,H,HFR3,10.4442
4BH8_1,H1S,7,H,HFR1,14.7028
3VE0_1,GLY,98,H,CDR-H3,10.0601
3BDY_1,GLY,66,L,LFR3,11.5135
3BDY_1,GLY,88,H,HFR3,10.9982
5EZO_1,GLY,66,L,LFR3,12.2366
3DVN_1,LYS,63,H,CDR-H2,11.9158
4Q5Z_4,GLY,95,H,CDR-H3,11.3836
4QNP_1,GLY,66,L,LFR3,10.4195
1NSN_1,TRP,34,H,CDR-H1,11.1859
4YFL_1,TYR,91,L,CDR-L3,10.5648
4YFL_1,TRP,58,L,LFR3,10.961
3MXW_1,GLU,89,H,HFR3,11.3822
3MXW_1,GLU,90,H,HFR3,16.9854
3MXW_1,ASP,95,H,CDR-H3,13.9759
2LTQ_2,GLU,6,H,HFR1,12.401
3U9U_2,GLY,66,L,LFR3,11.7091
2HMI_1,GLY,106,H,HFR4,10.7749
1KB5_1,ARG,86,H,HFR3,10.61
2ZJS_1,GLY,53,H,CDR-H2,10.4667
3NH7_1,GLY,95,H,CDR-H3,10.1848
1MLC_1,GLY,66,L,LFR3,11.2493
4YFL_2,GLY,84,L,LFR3,12.4237
4FFV_1,GLY,97,H,CDR-H3,12.8128
5HI4_1,GLY,99,H,CDR-H3,10.3891
3T3P_1,GLY,51,H,CDR-H2,12.4173
3NCY_1,GLY,71,H,HFR3,12.9937
3NCY_1,GLY,72,H,HFR3,14.5743
3NCY_1,GLY,71,H,HFR3,12.9094
3NCY_1,GLY,72,H,HFR3,14.5819
3U30_1,GLY,35,H,CDR-H1,10.3873
3B9K_1,GLY,50,H,CDR-H2,10.1483
1CIC_2,GLY,66,H,HFR3,10.2606
5B3J_2,GLY,66,L,LFR3,10.6843
2R4R_1,GLY,66,L,LFR3,11.1053
5MHR_1,GLY,98,H,CDR-H3,10.2605
2DQG_1,ASN,94,H,HFR3,10.4393
3LQA_1,ASN,29,H,HFR1,10.0514
3W2D_1,GLY,66,L,LFR3,10.1958
3W2D_1,GLN,90,L,CDR-L3,12.3649
4M1C_1,GLY,95,H,CDR-H3,10.9719
4PLJ_1,GLY,66,L,LFR3,10.2224
4PLJ_1,GLU,93,L,CDR-L3,23.8183
1BGX_1,GLU,9,H,HFR1,13.9921
5B3J_1,GLY,66,L,LFR3,10.5197
1CIC_1,GLY,66,L,LFR3,10.2606
4O02_1,ILE,2,L,LFR1,13.6797
4O02_1,GLY,54,H,CDR-H2,10.3503
1NFD_1,H1S,74,H,HFR3,14.5779
1G9M_1,GLN,90,L,CDR-L3,10.4444
2Y6S_1,GLY,66,L,LFR3,10.8035
4LQF_1,GLY,66,L,LFR3,10.2785
4PP2_1,GLY,66,L,LFR3,10.451
2ZPK_1,GLY,96,H,CDR-H3,15.2748
2ZPK_1,GLY,106,H,HFR4,10.9237
5CWS_1,TYR,30,L,CDR-L1,30.9191
5CWS_1,SER,33,L,CDR-L1,12.8833
5CWS_1,TYR,52,L,CDR-L2,29.6227
5CWS_1,THR,72,L,LFR3,16.0366
3U9P_1,GLY,50,H,CDR-H2,10.1172
1G7I_1,GLY,66,L,LFR3,10.4668
4JR9_1,GLY,66,L,LFR3,10.3465
5KAQ_1,GLY,66,L,LFR3,10.725
1PKQ_1,GLY,66,L,LFR3,10.1179
1PKQ_1,GLU,6,H,HFR1,11.4135
1BJ1_1,GLY,92,H,HFR3,17.0071
1ZA3_1,GLY,38,H,HFR2,10.3796
1ZA3_1,GLU,70,H,HFR3,13.0353
1ZA3_1,ARG,92,H,HFR3,22.2105
4FFW_1,GLY,97,H,CDR-H3,10.3512
4LVH_3,ASN,34,H,CDR-H1,12.6902
4LVH_3,GLN,89,H,HFR3,13.022
4LVH_3,TYR,100,H,CDR-H3,10.3363
5AUM_1,GLY,66,L,LFR3,10.4212
3PJS_1,ASN,30,L,CDR-L1,13.0292
3PJS_1,ARG,66,L,LFR3,13.6045
3PJS_1,GLN,90,L,CDR-L3,14.6652
3PJS_1,TRP,67,H,HFR3,10.7612
3PJS_1,GLY,77,H,HFR3,11.1251
1JHL_1,GLY,66,L,LFR3,10.3205
1LK3_1,GLY,98,H,CDR-H3,10.0597
4G3Y_1,GLY,66,L,LFR3,10.2064
4ZTO_1,GLY,66,L,LFR3,10.2376
1DVF_1,GLY,66,L,LFR3,10.9229
1DVF_1,GLY,109,H,HFR4,10.0483
5FEC_2,GLY,56,L,CDR-L2,13.5943
3I50_1,ARG,6,L,LFR1,11.4111
4WFF_1,GLY,66,L,LFR3,10.0256
5K9O_1,MET,89,L,CDR-L3,11.5164
5K9O_1,GLN,90,L,CDR-L3,10.7555
5K9O_1,TRP,94,L,CDR-L3,13.0141
5K9O_1,GLY,101,L,LFR4,13.7406
5K9O_1,ARG,96,H,CDR-H3,13.9173
3BQU_1,ASP,56,H,CDR-H2,12.5112
3BQU_1,GLN,6,H,HFR1,11.8651
3BQU_1,ASP,30,H,HFR1,15.6629
3BQU_1,ASP,32,H,CDR-H1,11.3872
5L0Q_1,GLY,66,L,LFR3,10.3441
4HCR_1,GLY,66,L,LFR3,11.5115
5KTE_1,ARG,94,H,HFR3,58.941
4LVH_1,GLN,89,H,HFR3,10.5325
1AFV_1,GLY,66,L,LFR3,10.9177
1AFV_1,GLY,26,H,HFR1,10.5014
5I9Q_1,GLN,89,L,CDR-L3,10.8821
3WSQ_1,GLY,97,H,CDR-H3,10.3095
3WSQ_1,GLY,106,H,HFR4,11.8069
4IRZ_1,GLY,13,H,HFR1,10.7737
4IRZ_1,GLY,53,H,CDR-H2,11.5306
