abmotif,agmotif,count
X,X,1322
XX,X,117
X1X,X,77
XXX,XX,62
X2X,X,57
XXX,X,49
X1X,XX,46
XX,XX,39
XXXX1X,XXX,32
X2X,XX,30
X1X,X1X,28
XXXX,XX,28
XXX,X1X,26
XX,X1X,24
XXXX1X,XX,23
XXX,X3X,21
X1X,X2X,20
XXX,XXX,20
XXX,X2X,16
X2X,X1X,15
XX,X3X,15
XXXX1X,XX1X,14
XXX1X,XXX,12
XXXXXX,X1X,12
XX,X2X,12
X1X,X3X,11
X2X,X2X,11
X1X1X,X,10
XXXX,X,10
XXXX1X,X1X,9
XXXX1X,XX2X,8
XXXX,XXX,8
XXXX1X,X,8
XXXXXX,XX,8
X7X,X,8
X2X,X3X,8
XXXX1X,X2X,8
XXXXX,X,7
XXX1X,XX2X,7
X1X,X4X,7
X2X,X68X,7
X4X,X,7
XXXX1X,X2XXX,6
X4X,X1X,6
XXX1X,X1X,6
XXXX1X,XXXX,6
X1X1X,XX,6
XXXXXX,XXX,6
XXXX,X1XX,6
XXXXX,XXX,6
X2X,X4X,6
X3X,XX,6
XXX1X,X2XX,6
XXX,X2XX,6
XXXX,X1X,6
X4X,XX,5
XXX,X1XX,5
X1XX,XX,5
XXXXX,X3X,5
X1XXX1X1X,XX,5
XXXXX,X2X,5
XXXXXX,X1XX,5
XXX2X,XX,5
XXX,X7X,5
X1X,X6X,5
XXX1X,XX1X,5
X9X2X,X,5
XXXXX,XX1X,5
X2X,X6X,5
XXXX,XXXX,4
XXXX1X,X2X1X,4
X1X1X1X,XX,4
X1X1X1X,X2X,4
XXX2X,X,4
XXXXX,X1X,4
X4XX,XX179X,4
X1XXX,XX,4
XX3X,X,4
XXX,X3X2X,4
XXXXX1X,XXX,4
XXXXX,X2XX,4
XXX,X1X21X,4
X1X,X41X,4
X2X,X72X,4
XXXXXX,X2XX,4
X4XX,X180X,4
XXXX1X,XX1XX,4
XXXX,X2X,4
XXXX,X3X,4
X2X1X,XX,4
XX,X76X,4
XXX1X,X3X,4
XXXXX,XXX2X,4
X3XX,XX,4
X1XXXXX1X,X78XXXX,4
XX1X1X,XX,4
X1X1X,X1X,4
XXXX,XX1X,4
XX,X6X,4
XX1X1X,X3X,4
XXX,X79X,3
XX3X,XX,3
X1X,X14X,3
XXX,XX1X,3
XXX1X,X3XX,3
XX1X1X,X1X,3
X4XX,X179XX,3
X4XX,X3X178X,3
X2XXX,X2X76X,3
XX,X20X,3
XXX,XX2X,3
XXXX1X,X1X1X,3
X1XX,X1X,3
X2X1X,X1XX,3
X1X,X5X,3
XXX1X1XXX,XX,3
X1XX1X,XX,3
X1XXX1X1X,XXX,3
X1XX1X,XXX,3
XXXX1X,X3XX,3
XXX1X,X2X,3
XXX1X,X2X2X,3
X1X1X1X,X1XX,3
XXX1X,X1XX,3
XXXXX,X1XX,3
XXX,X23X2X,3
XX3X,X2X,3
XXXXX,X3X3X,3
XXX,X1X22X,3
X4XXXX1X1X,X3X2X,3
XX1X,XX,3
XXXXX,XX,3
XX,X23X,3
X1XXX,X2X76X,3
X1XX,X4X,3
XX,X25X,3
X1X,X42X,3
XXX,X6X,3
XXX,X4X,3
XXXXX,XXXX,3
XXX,X24X,3
X2X1X,XXX,3
XXX1X,XX,3
XX,X18X,3
XXXX,X3XX,3
XX4X,X,3
XXX2X,XXX,3
X1X2X,XX,3
X1X1X1X1X,XX1X,3
XXXX,X5XX,3
XXXXXX,XX1X,3
XXX,X2X3X,3
X1XX1X,X,3
XXXX1X,X1XX,3
XX1X,X2X,3
X1XX2X,XXX,3
XXX,X34X,3
XXX,X4XX,3
XXX1XX,X1X,3
X1X1X1X,XXX,3
XXXXX,X2X1X,3
XX,X61X,3
X1XX,X2X,3
X1X2X,X6X,3
XX1X,X1X,3
XXXX1X,XXX78X,3
XXXX1X,X1X2X,3
XX1X,XX40X,2
XX4X,XX,2
XXXXXXXX,XXX,2
XXXXXXX,X1XX193X3X,2
X1XXX1X1X,XXXX,2
X7X,X1X,2
XXXX,X3XX1X,2
XXX1X,XXX2X,2
X1X1X1X,X,2
XXXXXX,XXXX,2
X2X1X,X3X,2
XXXXXXX,XX2X,2
X3X,X,2
XXX,X23X,2
X2X1X,X2X1X,2
XXXX1X,XXX1X,2
XXXX1X,X4X,2
XXXX,X4X,2
XX,X10X,2
XXX3X,XX,2
XXX3X,XXX2X,2
XX3X,X3X,2
X1X,X40X,2
X4XX,X180XX,2
XX,X55X,2
XXXXX,X6XX,2
XXX,X33X,2
X5XX,X9X1X,2
XXX,X36X,2
XX,X17X,2
XXX,X25X,2
XXXX,X7X2X,2
XXX,X11X,2
X1XXX1X1X,XXX1X,2
X1XXXXX,XX6X,2
X1XXXXX1X,X41X37XX,2
XX1X,XX2X,2
XX,X26X,2
XX1X1X,X1XX,2
X2X,X24X,2
XXXX,X2XX,2
X2XXX,X1X2XX,2
X1X,X91X,2
X1XX4X,XX2X,2
XXX,X30X,2
XX,X21X,2
X1X1X,X2X1X,2
X1XX,X2XX,2
X4XXX1X1X,X2XX2X,2
XXX1X1X,XX,2
X1XXXXXX1X,XXXX,2
X1X,X47X,2
XXXXX,XX2X,2
X1X,X27X,2
X1X,X110X,2
X1X2XX2X1X,X2X,2
X1XXX1X1X,X24XXX,2
X1X2X,X1X,2
X9X,X,2
X4XX,X1X,2
XXXX,X1X1XX,2
X1X1X1X,X3X,2
XXXX,X11X,2
XXXX1X,X1XXX,2
XXX1X1X,X1X,2
XXX,XX3X,2
XX,X65X,2
X1X,X24X,2
XXXX1X,X40XXX,2
XX,X27X,2
X4XX,X179X,2
X4X,X5X,2
X1XX,XXX,2
X1X1X1X1X,X2XX,2
XX2X,X,2
X1X,X26X,2
X2X1X,X3XX,2
X1XXXXX1X,X40X37XXX,2
XX4X,XXX,2
X1XX,X8X,2
XXXX,X18X,2
XX1X,XX1X,2
XXXX1X,X26XX,2
X3X,X1X,2
X1X,X12X,2
XXXXX,X27X1X,2
X2X1X,X1X,2
XXX1X,X1X1X,2
XX,X31X,2
X2X1X,X2X,2
X4XX,X3X179X,2
XX4XX,XX,2
XX,X181X,2
XXXX1X,X4XX,2
X5X,XX,2
X2XX,X2X,2
XXX,X70X,2
XX,X56X,2
X1XXX,XXX,2
XXXX,X2X3X,2
XXXXX1X,XX,2
XX,X169X,2
X27X,X4X,2
X1X1X1X1X,XX1X3X,2
XX,X7X,2
X1XX1X,XX1X,2
XXXXXXX,XXX,2
XXXX,X2X32X,2
XXXXX,XX2X2X,2
XXX,X3X75X,2
XXXXX,X1XX1X,2
XXX,X5X,2
XXX,X1X17X,2
XXXXXXX,XXXX,2
XXX1X1X,XXX,2
X1XX1X1X,XXXX,2
XXX,XX12X,2
X2XXX,X2XX75X,2
XXXXXX,XX21XX,2
XXX,X245X61X,2
XXXXX,X42X1X,2
X1XXX,X30X1X,2
X1X2XX2X1X,XX1X,2
X1XXXXXX1X,X1X,2
XXX,X61X1X,2
X1X1X,X160X,2
XXXX,X35X,2
XXX,X28X,2
XXX1X1X,X2XX,2
XXXXXX,X2X,2
X4XXXX1X1X,X2X3X,2
X2X3XX,X2XX,2
XX1X,X20XX,2
XX1X1X,XXX,2
XX,X140X,2
X1X1X,X6X,2
XXXXX1X,XXXX,2
XXXXXXX,X1X3X,2
XX3X1X,XX,2
X2X1X,X,2
X1X,X10X,2
XXX1X,X2X1X,2
XXXXXXX,X3X,2
X1XXX,X2XX,2
XX1X,X3X,2
XXX,X29X6X,2
X2X1X,X2XX,2
XXXX1X,X3X1XX,2
X1XX,X5X68X,2
XX,X179X,2
X1XXXX1X,XXX,2
XXXX,XX1XX,2
XX,X95X,2
X2XXXX,XX1XX5X,2
X1X2X,X,1
XXXX1X,X3X121XX,1
XX1X2X1X2X,X115XX113X2X,1
XXXXXXX,X2XX6XX2X,1
XXXXXX,X1X3X,1
X1X1X,X8XX,1
X1XXXX,X2XX1X,1
X2XXXXX2XX,X6X56X2X3X49XX,1
XX,X29X,1
XX21X,X85X,1
XXXXX,X23X26XX,1
XXX,X27X2X,1
XXXXX1XXX,XX1X3X3X,1
XXX3X,XX1X,1
X1XXXX,X63X,1
XXXXX,XXXX1X,1
X1XXX,X176X11X,1
XXXXXX1X2X,X16XX4X2X,1
X23XXX,X,1
XXXXXXXXX1X1XX,XX2XXX8X2X4X162XX,1
XXX,X182X,1
X2X,X105X,1
X1XXXXX1XXXXX,X8X19XXXX146X,1
X1XX,X5X,1
X2X2X,X33X41X,1
XXXXXX1XXXX1X1X,X1X51XXX1XX1X,1
XXX3XXXX,X3X2X,1
X1X1X,X2X4X,1
X1XXX,X67X,1
XXXX,XX2XX,1
XX24XX1X,X22X2X,1
X1X3X1X,X56X,1
XXX,XX10X,1
XX4XX,X1X179X,1
XXX,X7XX,1
XXXXXX1X,X3X6X14X,1
X3X1X,X3X26X,1
XXXX3X,XXX1X,1
XXX1X1X,X11X46X5XX,1
XX,X36X,1
XXXX1X1X,XX1X,1
XX1X,X6X,1
X2XXXXXXXXXX,X82XXXX61X25X1XXX,1
XX,X236X,1
XXXXX,X64XX,1
XXX3X,X3X,1
XXXXX1X,X5X3X3994X,1
XXX,X2X65X,1
X1XXX1X1X,X23XX19X,1
X1X2X,X1XX,1
XXXX,X12X3X,1
XXX1X,X2X14X,1
XXXXXX3X,XX2XX,1
XXXX,X1X78X,1
X3XXX,X2X1X,1
X1XX4X,XX,1
XXXXX1XXXX1X,X5X2X3X2XX2X,1
X2XXXX,X27XX,1
XXXX,X20X1X22X,1
XXXX1X,X19XX,1
X1X1XXXXX,X3X35X2X,1
XXX,X33X4X,1
XXXXX,X6X89X,1
XXX1X1X1X,X1X,1
XX1X,X22X,1
X1X,X196X,1
XXXX1X,X105XXX,1
X2XX1X,X1XX,1
XX1X,X2X76X,1
XXXXXXX,X1X1X1XX,1
XXXXX,X29XX,1
X3XXXXX1XXX,X2X3X2XX,1
XXXX,X76XX,1
XXXXXX,X25X1X76XX18X,1
XX1X,X83X,1
X2X,X40X,1
XX1X1X,X6X1X130X,1
X1XXX1XXXXXX,X7X175XX191X1X,1
XXXX1X,X1XXXX,1
XXXXX2X,X2XX2X,1
XX,X44X,1
XXX2XXX,XXX,1
XXXX2XX,X27X52XX3X,1
XXXXXX2XXX1X1X,X74X55XXXX1X1X,1
XXX2XXX,X1XX,1
XXX1X1X,X30X31X,1
X1X1X1X,XX2X,1
XXX1X,X,1
X1XXX4X,X3X,1
X1X,X83X,1
X1XXXXX1X,XXX22X25X40X2X,1
XXX1X1X,X1X219XX,1
XXX20X,X41X3X,1
XXXXX1XXXXXX,X2X2X169X5XX193X3X,1
X1XX5X,X1X1X,1
XXX1X,X1X10X1X,1
XXX,X2X4X,1
XX1X,X32X7X,1
XXX2X,X2X20X,1
XXXX,X102X36X,1
X1XXXX1X1X2X,X2X1X10XX5X1X,1
XXXX,XXX4X,1
XXXXXX1X,X2XX,1
XXXX,X7X74X16X,1
X2X1X,X10X,1
X1X1X1X1X,X3X1X,1
X1X1X,X2X,1
X4XX,X3X180X,1
XXX,X1X79X,1
X5X,X2X,1
XXXXXXXXX,X1XX5XX1X42X,1
XX1X,X3X5X,1
XXX2X,XX2X1X,1
X2XXX,X1X,1
XXX,X23X7X,1
XXXXX,X17XX,1
XXX1X,X3X2X,1
X9X2X,X1X,1
XX,X8X,1
XXXX,X4X77X15X,1
X5X,X3X,1
XXX,XX49X,1
X1XXXXXXX,X22XX65X1X,1
XX2X,XX2X,1
XX1XXXXXXX,X1X108X1X78X148X,1
X1XXX1X1X,XX32XX2X,1
XXXX21X,X27X88X24X24X,1
XXX1X,X1X75X,1
X1X,X93X,1
XXX1X,X65X3XX,1
XXX2XX,X4X,1
XXXXXX,X130X2X1X1X,1
X1XXXX,X1X1X138X,1
X1XXXX1X1X,X2X2X2XX,1
X22XXXXXX,X56X47X7X,1
XXXX,X2XX26X,1
XXX,X11X60X,1
XXX,X5XX,1
X1XXX2X4X,X1X33X27X,1
X5X,X75X,1
XXX1X1X,X33X1X16X,1
XXX3XX,X1X7X1X,1
XX,X75X,1
X4X2XXXXX,XXX6X,1
X2X,X28X,1
X4XX,X181X,1
XX23XXX1X,XX1X1X,1
X1XX1XX,X1X,1
XXXXXX,XX5X6X,1
X1XXXXXXXX4X,X95X2X2XX1X8X,1
X1X1X1X1X,XX1X10X,1
X9X2X,XXX,1
XXXXXXXX,X2X1X5X45X3X,1
X1X1X1X1X,X1X5X,1
X1X1XX,XXX34X,1
X23XXX1X,X42X1X1XX,1
XXXXXXX,X2X1XXX126X,1
XX1X1X,X1X7X,1
XXXXX,X10X1X,1
XX1XXX1X,X56XX1XX,1
XX1XX,X1X181X,1
XXXX1X5X1X,XX7X1X19X,1
XXXXXX,XXXXX,1
XXX3X,XX30X,1
XXX,X1X58X,1
XX20X,X114X,1
XX1X,X1X129X,1
XXX1X1X,X1X13XX,1
XXXXXXXX1XX,X1X2X19X59X,1
XXX,X6X1X,1
X1XXXXX1X,X51X27XXX,1
X1XXXXX,X3X12X1X23X,1
XXXXX,X256X7X,1
X1X1X1X,X2XX,1
X2XXXX,X26X45X3X,1
XXX1XX1X,X1X87XX,1
XXXX,XX2X22X,1
X1XXX,X2X94X,1
XXXX,X32X1X,1
X5X1X,XX14X,1
XXX,X46X,1
X5XXXX1X2X,X3X1X46XX1X,1
XXXX1X,X2XX2X,1
XXXXXXXX,X1XX2X,1
X1XX,X2X22X,1
XXXXX1XX,X1X8X,1
XXXX,X29XX,1
XXX1X,XX3XX,1
XXXX,XX132X,1
XXXX1X,X1X1XX,1
X1XXX1XXX,X30X33XX23X24X,1
XXX1X,X2X3X48X,1
XXX,X243X62X,1
X4XX,X1X178X,1
XXXXX1X,X2X100X1X,1
XXXXXX,X2X141X2XX,1
X1X1X1X,X26XX,1
X1X1X,X2XX,1
X1XXX1X1X,X23XX24X35X,1
X1XXX1XXX,XXXX2X,1
XXXX1X,X18XX,1
X1XXXX1X,XXXX,1
X1X2X,XX2X,1
X1XXX1X1X,X3X2X41X1X,1
XXXX,X6XX2X,1
XXXXX,X2X193X,1
XXX,X12X,1
XXX,X9X86X,1
XXX1X,X15X35X,1
XXXXX,X1X24X,1
XXXXXXX,X1X41X1X77X,1
X1X2XX2X1X,X1X,1
X1XXXXX,X41X9X1X24X1X,1
X1X1XXXXX,X2XXX,1
XXX1X1XXX,X3XX,1
XX1X,X147X,1
X5X1X,X1X99X,1
XXXX1XXX,XX63X1XX57X,1
X1X1X,X1X12X,1
X2XXXX,X3X,1
XXXXX,XX2X3X,1
X1XXX1XXX,X41X4X,1
X5X,X88X,1
XXXXX,XX28X,1
X1XXX2X,X61X,1
XXXXXXX,X1XXX7X,1
X1X1XXX,X7X,1
XXXXXXX,X2X3X,1
XXXXX,X24X3X1X,1
XXXXXXXXXX1X,X1X2X5XX2XX85X,1
XX1X1X,X2X,1
XXX,X82X,1
XX1X,XX16X,1
XX27X,X41X29X,1
XXX1X,XX25X,1
X3XXX,XX,1
X1XXXXXXXXXX,X1X1X1X18XX29X2X35X1X,1
XX1XXXXX,X3X1XX105X,1
XX1XXX,XX50XX,1
XX1XXXXXX,X2XX13X,1
X1XX,X4X6X,1
XXXX,X6X3X,1
XX3X,X232X,1
XXX1XXXXXX3X,XXXXXX,1
XXXX1X,X1X22X1X,1
XXX1X,XX4X2X,1
X2X,X12X,1
X2X,X42X,1
XXXXXXX,X1XX193X,1
X5X,X5X,1
XXXXX2X,X1XXX42X1X,1
XXXXXX,X64XX37X,1
XXX1X,XX4X,1
XXX,X16X33X,1
X1XXX,X10XX,1
XXXXXXXX1X,XXX182X20X,1
XXXX1X,X4XXX,1
XXXXXX,XX187X,1
XXXX1X,X1X27X9X4X,1
XXXX1X,X48XX,1
XX4X,X3X,1
X1XXXXXXXX5X,XX20XX41X,1
X1XX1XX1X,XX148X5X1X,1
XX23X1X1X,XX129X,1
X2X1XX,X24X2X,1
X1XXXXXXXXXXX1X,X1X81XXX58X2X26X1X2X,1
XXXX,X21X,1
XXXXX,X23X1X,1
XXXXX,X65X1X2X14X,1
XXXXXXXXXXX4X,X56X3XX,1
XXXX,X2X62X,1
XXXX1X2XX,XXXX,1
X1XXXXXXXX2X,XXXXX,1
XXXXXXXXX,X3X1067X,1
X1X2XXX,XXX,1
XXX1X,XXX36X,1
X1XXX1XXX5X,XXX13X1X18X1X,1
X1XX2XXX2X2X,X28X2XX1X19X,1
XXXXXX,XX1X6X,1
XXXXXXXX,X2X,1
XXXX2XX,XXX51X,1
XXXXX,XXX1X,1
X1XXXXXXX,XXX2X,1
XXXXX,X21X2XX,1
XXX,X2X17X,1
XXXXXXXX,XX1X16X6X6X,1
XXXXX,X31X,1
X1X1XXXXX,X1XX6X1X30X,1
XXXXXX1X,X2X,1
XXXXXXX2XXXXXXX1X,X3X2X2XX,1
XXX,X12XX,1
X1XXX1X,XX2XX,1
X1XXXX,X65XX,1
X1XXXXX,X16XX1X,1
XXX,X96X,1
X2XX,X5XX,1
XXX1X,X53X1X,1
X1X,X36X,1
X3X,X36X,1
XXXX,X36X1X10X,1
XXXXX,X5XX2XX,1
XXX,X16X4X,1
XXXXXX2X2X1X1X,XX2XXXXX,1
XXXXXX,X3XXX4X,1
XXXXX1XXX,XX1X7X,1
X1XX3X,X11X1XX,1
X3X,X5X,1
X1X,X8X,1
X1XXXX4X,X1XXX43X,1
XXX,X3X1X,1
XXX3XXX,XX,1
XXX1XXX,X335X2XX,1
X1X1X1X1X,X1X10X,1
XXXXX1X,XX1X24X6X,1
X2XXXXXXX,X177X3X1X194X,1
XXXXXXXXX,X15XX1X11X,1
XXXX,X181XX199X,1
XXX,XX58X,1
XXXX,XX79X16X,1
XX23XX2X,X35XX,1
XXXX1X,X22X1X,1
XX1X1X,X1X96X16X,1
XXXXXXX,X1X29XX30X,1
X28X,X3X,1
XXXXXX,X1X3XX,1
X1XXX1X,X1X12XX,1
XXXX,X1X94X1X,1
XX,X38X,1
X1XXXXX1X,X79XX,1
X1XXXX4X,X2X,1
X1X,X19X,1
XXX1X,X4X8X,1
X1X1X1XXX,X3X11X,1
XX2X,X16XX,1
XXXX1X,X1X5X,1
X1XX1X1X,XX47X,1
X1XX,X3X,1
X1X2XXXXXXXXXXX,X1XXX14XX,1
X1XXX,X7X,1
X1XXXXX1X,X39X26XXX1XX,1
XXX1X1X,X8XX,1
XXXX,XX15X,1
XX2X,X51X,1
XX1X,X52X,1
XXX1X1X,X220X8X1X,1
X1XXXXX1X,XX23X1X63X1X,1
XXXX,X39X,1
XXX,X37X,1
XXX,X2X29X,1
XXXXXX,X2X55XX,1
X1X1XX2X1XXX,X3X3X31X1XX43X2X,1
XXX,X300X5X,1
XXXXXX,X343XX2X,1
XXXX,X3X14X,1
X1XX2X1X,X1XX3X,1
X2X1X,X48X4X,1
XXXXXXXX4X,XX1XX170XXX3X,1
X1XXX3X,X4X54X,1
XXXX1X1X,XX181X2X,1
X5XXX,X,1
XXX2XX,X1X1X25X,1
XX1X1X1X,XX1X49X1X,1
X1XX,XX61X,1
X1XXX1X,X2X1X37X4X,1
XXXX,X33X1X8X,1
XX1XX1X,X2X2X,1
XX24XX1X,X20XX,1
X1XX1X1X,X2XX,1
XXXX,X46XX,1
XXXX,X7X74X19X,1
XXX,X95XX,1
XXXX1XXXX,X8X1X22X10X,1
XXX1XXX,X2X28X30X,1
XXXXX,X4X1X132X,1
XXX1X,X1X15X,1
XXXXXX,X2XX100X3X6X,1
XXX1X,X24X30XX,1
X1XXX3X,X9X,1
XXX3X,X1X4X,1
XXXXXX,X23XX27X,1
X2XXXX,XX14XX,1
XXX,X4X1X,1
X2XX,X121X,1
X1X2X1X,X,1
XXX,X134X27X,1
XXXXXXXXX,X16X22X19X2X,1
XXX,X140X68X,1
XXXX1X,X3X1X,1
X1X2XX2X1X,X4XX,1
X1XXXXXXX,X2X6X7X1XX33X3X,1
X5XX,XX4X,1
XXX,X85X,1
XXXX1XX,XX1X17X2X27X,1
X1XXXXX,XX45X1X,1
XXXXXXXX,X2X24X2X1X34X2X,1
XXX1X1X,X1X1XX,1
X1XXXXXXXX4X,X2X3X2X3X166X6X,1
XXXXX1XXX,X8X2XX,1
XXXXX1XX,X22X3X2X,1
X3XXX,X45X27XX,1
XXX,XX4X,1
XXXX1X,X2X3XX,1
X1XXX2X1X,X411X,1
XXXXX,XX2X23X,1
XXX1X,X9XX,1
XXX,X181X1X,1
X1X1XX,XXX,1
XX4XX,XXX,1
XX23XXX,X9X,1
X4XX,X50XX,1
XXXX1X,XX1X40X108X,1
XXXX,X25XX2X,1
XX2XX,X83XX,1
XXXX1XX,X1XX17XX,1
X1XXXXXXXXXXX1X,XX83XX3XX57X27XXX5X,1
XXXXXXXX,XX48X26X19X,1
XXXXXX1X,X5XXXX32X,1
X1XX,X10X1X,1
X2XX1X1X,XXX,1
X2XXXXXXXXXX,X84XXX86X1X1XX4X9X,1
XXX,X21XX,1
XXXX,X118X,1
XX4X,X1X1X,1
XXXXXX3XX,X44X196XXXX1X,1
XXXX,X1X1X37X,1
XXX3X,XXXX,1
X1XXXX,X37X36X,1
X1XXXXX,X3X7X2X,1
X2X,X19X,1
XXX,X26X32X,1
X1XXX1X1X,X2XX2X2X,1
XX,X12X,1
X1X1X1XXX,X135XX1XX,1
XXX,XX74X,1
XXX,X94X,1
XXXXXXXXXXX,X2X5X4XXX1X1X,1
XXX1X,X25X,1
XXXX1X,XXXX75X,1
X1XXX1X1X2X,X4X1XX8X,1
XXXXXX1X,X2X65X3XX,1
XXXXX1X,X59X48X1X,1
XXXXX,X31X211XX,1
XXXXX,X5X24X,1
XXXXX,XX25X55X,1
XXXXXX1XXXX,X46X197X1X1X,1
XXXXXX1X,XX62XX,1
X1XXXX1X,XX1XX,1
XXXX7X,XX1X4X32X,1
XXXX1X,X36X2X,1
XXXX1X,X53X1X3X,1
X1XXX2X1X,XX2XX,1
XXXXXXXXXXXXX,XX1XX1XX,1
XXX,X33XX,1
XXXXXXX1XX,XX2X5X3X6X,1
XXXXXX,X1XX5X,1
XXXX3XXXXXX2X,XXX5XX,1
XX1X,X12X,1
XXXXXX,X87X2X85X13X,1
XXXXXXXXXX,X6X3X166X3X2X,1
XXXX1X1X,X8XXX1X,1
X1X3X1X,X2X2X,1
XXX1X1XX1X,XX2X,1
X1X1XX,XX2X,1
XXXXXXXXX1XXX,X71X1X26X4X57XXX,1
XXXX1X,X35X1XX,1
XXXX1X,X1X39X1X14X,1
X1XXX1X,XXX,1
XXXXX,X2X1X6X,1
XXXXXX,X32X1X22X2X,1
XXXX,X40X2X,1
X3X,X8X,1
X1XXXXX1X,X3XXX,1
XXXXXXX1XXXXXXX1X,X3X2XX2X,1
X1X,X33X,1
X1X1X1XXXX1X2X,XXX6X1XX2X,1
XXXXXXXX,X8X3X,1
XXXXXXXXX,X6X35XX144X3X,1
XX1XX,XX1X,1
XXXXX1X,X2X3X,1
X1XXX1X,X3X10X,1
XX1X,X8X22X,1
X1XXX1X1X,X1X91X42X,1
X2X1XXXXXX,X1XXX,1
XXXXXX1X,XX4X230X,1
XXXXXX1X5X,X21XX2X,1
X1X1X,X3X358X,1
XXX,X2X23X,1
X1XXX,X1X1XX,1
X2X1XX,X84XX,1
XXXXXXXX,X1XXX10XX1X,1
X2XXX,XXX,1
XXXXXXXX,X1XX179X1X,1
X1XXX,X7X173X,1
XXXX,XXX13X,1
XXXXXX1X,X2X3X34X3X,1
XXXXXX,X67X22XXX,1
XXXXX,X1X70XX,1
X1X1X,X81X231X,1
XXX2X1X,XX2X,1
XXX1X,X26X1X,1
XXXX2X,X49X,1
X1X,X103X,1
X1XXXXX1X,X78XXX,1
XXXXX1XXX,XXX1X,1
XXXXXXXXXXXXX,X3XX2X3X2X,1
X2X1XXX,X13XX,1
XXXXXX,X64X3X,1
X1XXXXXX1X,XX38XX,1
X1XXX,X4X,1
XXXXXX,X1X16X7X44X,1
XXXX,X1XX62X,1
XXXX1X,XX189X,1
XXXXX,X36X1X31X,1
X1XX3X1X,X2X,1
XXXX,XX20X,1
X2XXXX,XX175X2X,1
X1XXXXXXX,X1X7X9XX33X3X30X,1
X1X1XXX,XX,1
XXX1XX1X,XX1XXX,1
XXXXXXX1X,XXX24XX,1
XXXX,X204X,1
XXXXXXX4XXX,XX1X2XXX2X,1
XX,X137X,1
XXXXX,X24X,1
XXXXX,X1X14X,1
X1XX,XX2X,1
XXX,X82XX,1
X4X,X80X,1
X4X1XX,X2XX,1
XXXXX,X19X1X22XX,1
XXX,X1054X6X,1
XXXXX,X7X14X,1
X1X1XXX,X,1
X4X,X6X,1
XXX,XX22X,1
X1X1X1X1X,XX3X,1
XXX1X,X1X10X,1
XXXXXX,XX1X74XX2X,1
X2XXXX,X46X3X,1
XXXXXX,X73X,1
XX1X,X21X,1
XXXXX,X1X17X,1
XX1XXX1X1X,XXX2X,1
X4X,X2X,1
X2X1X,X7X,1
XXX,X181X5X,1
XXXX3X,XX29X15X3X,1
X1X1X1X,X2X1X,1
XXXXXXX1XX1X,XX1X177X6X2XX2X63X,1
X2X,X5X,1
X2X2X1X5X,XX1X,1
XXXX1X1XXX,XXX,1
X2XXXX,X1XXX,1
XXX,X18XX,1
XX1X,X61X1X,1
XXXXXXXX1X,X68XXX,1
XXX,X2X11X,1
XXXXXX1X,X10X30X2X,1
XXX2X,X1X,1
X3XXXX,XX1X25X,1
X1X1X,XX47X,1
X7XX,XXX,1
X1X1X1XXX,X6XX,1
XXXXXX1X,X1X1X,1
XXXX1XXXX,XX4X,1
X22XXXXXX,X1XX5X,1
XXXXXXX1X,X3X16X22X19X2X,1
XXXXX1XXXX,X4X1X2X,1
XXX,X109XX,1
XXX1X,XX195X14X,1
XXXX1X,X3XX1X,1
XXXX1X,XX16X2X4X,1
XXX,X19X,1
X1X2X1X,X1X,1
XXXX,XX28X3X,1
X1XXXX1X,X1X,1
XXXX3X1X,XXX,1
XXXXXX1X,XX,1
XXXX1X,XXX3X,1
X1XXX1X,X81X1X,1
X1X,X101X,1
X3X1XXX,X48X1X,1
X5X,X438X,1
XXX4X,X49X,1
X2XXX,X2XX,1
X21X,X131X,1
X2XXXX,X1X,1
XXX,X9X,1
XXXX1X,XX78X,1
XX23XXX,XXX8X,1
X1X2XXXX,X1XXX4X,1
X1XXXXXX,X10X1XX5X,1
XXX,X22X24X,1
X1X1X1X1X,X11X1X,1
X1XXXX,X1X2X,1
XXXXXXXXXXX2X,XX1X3X10X,1
XXX1X,X4X4X,1
XXXX1X,X14X1X1X111X,1
X2XXXX,XX1X2X,1
XXXXX1XXX,X7XX,1
XXXX1XX,XX,1
XX1X1X,XX2X3X,1
XXXXX1X,XX27X48X1X,1
XXXXXX,X1X12X1X56X,1
X5X,X25X,1
X5X,X56X,1
XXXX,X3X2X,1
X2X1X1X,XX1X,1
X23X,XX,1
XXX,X61X,1
X1XXXXXXXXXXX1X,XX84X1X58X30X1XX4X2X,1
XX23XXX1X,XX26X,1
X1X2X1X,X1X4X,1
XXXXX,X21XX2X,1
XXX,X22X2X,1
XXXX,X26XX,1
XXX,X90X,1
XXXXX1X,X6X48X,1
XXXXXX3XXXXXX,XXXXX1XXX,1
XXXXX,X40X43XX,1
XXXX,X2X1X2X,1
XXXXX,X10X33X1X,1
X4X,X81X,1
X1XX,X6X,1
XXXXX,XX47X,1
X1XX3X,X1XX,1
X1X3XX1X1X,X1X4X,1
XXXXXX,XX74X,1
X2XXX,XX2X76X,1
XXXX,X43XX,1
X4XXXXXXX,XXXXX2X2X,1
XXXXX,X89XX2X,1
X1XXX1X1X,X4X2X,1
XXXXXXX,XXXX14X1X,1
XX,X58X,1
XX,X243X,1
XXXXXX,X1X27X,1
XX2XX,XXX73X,1
XX1X1X,X1X2X,1
XXX1X1X,X3X,1
XXXX1X,X15X2X146X,1
X2XXXX,XX18X23X,1
XXXXXX,X14X1X1X,1
X1XXX,X104X6X,1
X1XX2X,X1X19X3X,1
X1XXX1X1X,X19XXXX,1
XXX1X,X3X2XX,1
X3XX,X,1
XXX1X1X,XX1X,1
XXXXXXXX,X23XX1X1X,1
XX1X,X22X143X,1
X1X5X,XX1X,1
X1XX2X,X13XX2X,1
XXXXX1X,X28XXX,1
XXX,X55X88X,1
X2X1X1X,X34X18X,1
X1XXXX1XXXX,X1XX7X2X,1
XXX1XXXX,X174XXX1X85X,1
XXXX2X,X25X,1
XXXXXXX,X5X1XX9XX,1
XXXX1X1X,X2X2X,1
XXX,X1X10X,1
XXXXXX,X101XX,1
X2X,X8X,1
XXX,X3X3X,1
X2XXXXX1X,X3X2X96X,1
X23XXX1X,X2X,1
XXXX1X,X281XX,1
XXXX,XX12X,1
XX23XXXXX,X1X19XX,1
X4XXXXXXX,XXXX1X,1
XXX,X143X1X,1
XXX,X4X3X,1
X1XXXX1XXXX4X,X7XX24X10X2X,1
X2XXX1X,XX2X2X,1
XXXXX,XX222X,1
XX1XXXXXXX,X1X108X80X143X2X1X,1
X1X1XXXXX,X1X1X22X15X,1
XXX3X,X33X35XX,1
X4X,X181X,1
X1X3X1X,X2X,1
XXX,X243X56X,1
XXXX3X1X,X2XXX,1
X3X1XXXX,X1X4X1X42X,1
XXXXXXXX,X135X1X2X,1
XXXXXX1X1XXXXX,XX1X13XX,1
XXXXXX1X,X5X5X2X,1
XXXXX1X,X46X16X22X,1
X2X1X2X2X,X208X5X1X,1
XX20X,X28X,1
X1XXX1X,X9X4XXX,1
XXXX2X,X6X7X,1
X1XXX4X,X1XX,1
X1X,X50X,1
X2X,X53X,1
XX1X,X1X2X,1
X2XXXXX,X1X7XX,1
X1XXX1X1X,XX1XXX,1
X1XXXXXXXXXXX1X,X84X2X2X53X29X1X1XX8X3X,1
X1X1X,X43XX,1
X1X1XX1X,XX15X3X11X,1
XXX1XXXXXX,XX2X2XX2X,1
XXXXXX,X5XX2X,1
XXXXX,X1X1XX2X,1
X1XX1XX,XXX,1
X1XXXX1X,X26X29XXX,1
X1X2XXXX,XX26X46X,1
XX5X,XX19X,1
X1X,X102X,1
XX,X184X,1
X4XXXX,XX2X,1
X1XXXXX,X2X1X3X40X,1
X2XXX,X2X,1
XX1X,XX107X,1
XX1XXX,XX2X,1
XXXXXXX,X4X2XX,1
X1XXXXXXX,X131X2X47X44XX,1
X4XXX1X1X,X112X2X3X,1
X1XXXX1X,X6X,1
X1XXX,X3X,1
XXXXXXX1X,XXXX49X53X,1
X1XXXX,X27X3X18X,1
XXX,X22X3X,1
X1XXXXXX,X34X,1
XXXX3X,XXX,1
X1XXX,X3X15X7X,1
XXXX2X,X13X21X4X,1
XXX,X61XX,1
XXXX,X180X1X,1
XXXX,X4X6X,1
X2X,X47X,1
X2XXX,X41X1X,1
XXXXX1X1XX,XXX28XX75X,1
X23XXX1X,X27XX,1
X1X1X,X17X41X,1
XXXXXXXXXX,X36X6XX2X,1
X1X1X,XX1X,1
X1XX1X,XX1XX,1
X1X1X,X12X3X,1
X1X1XX,X2XX,1
XX1X1X,XX15X1X,1
X1X1X,X22X144X,1
XXXXXXXXXXX4X,X56X3X1X,1
XXXXX1X,XXX113X,1
X1XXXX,XX1X,1
X1XXXX,X1X2X76X,1
XXXXXX,X4X1X25X,1
XXXX,X38XX,1
X3XXXX,XX9X,1
XXXXX,X3X2XX,1
XXX,X8X23X,1
XX1X1X,X84X13X18X,1
XXXXX,X70XX,1
X1XXXX,XX2X2X,1
X3XXX,X12XX3X,1
XX4X,X1XX,1
X1XXX,X49X29XX,1
X1XXX1XXX,X4X2XX,1
XXXXXX,XX3X25X,1
X1X1XXXXX,XXX2X,1
XX2X,X2X34X,1
XXX1X,X19X86X,1
XXX,X82X91X,1
XXXXXXXXX,XXXX89XX12X,1
XXXX1X,X32X11X1X1X,1
XXX1X1X,X1X13X,1
XXXXXX,X17X92X3X,1
XXX3XXX,X8X,1
X2XXX,X37XX,1
X1XXXXXX1X,X166XX1X87X,1
X2XXXXXXXXXX1X,XX85X3X57X27XX2X,1
X1X,X48X,1
XXXXXXX,X181X1X194X,1
XXX,X62X1X,1
XXXXX1X,X6X1X1X,1
X1XXXX3X,XX1X3X,1
XX1XXXX1X1X,XX2X26X2X1X,1
X1XXXXXXXXXXX1X,XX83XXX3X85XXX1X14X,1
XXX1XX1X,X7XX,1
XXXX,X18X3XX,1
XXXX1X,X1X3X1X,1
X1X8X,X1XX,1
XXXXXXX,X25X23X41X3XX,1
XXXXXX,XX1X1X,1
X1XX2XX1X,X25XX34X,1
XXX,X114X,1
XXX1X,XX2X2X,1
X2X2X,X11X2X,1
XXXXXXX,X6X25X30XX1X,1
XX,X11X,1
XXXX,X41X,1
XXXXX2X1X,XX1X1XX,1
XXXXX1XXX,XX96X1X,1
X1XXXX2X1X,XX2X,1
XXXXXX,X1X24X1X,1
XXX1X,X12X2XX,1
X5X,X18X,1
XXXX1XXXXX,X91X1XXX8XX,1
X1X1X1XXX,X1X,1
X1XXXXXXX,X147XXX105X,1
XXXX,X6X,1
X2XXX,X,1
XXX,X27X54X,1
XXXXXXXXXXXXX,XX1XXXXX,1
XXXXX,X1X1X,1
XXXX1X,X26X,1
X1X3XXX,X1X,1
X2XXXXXXXXXX1X,X81X3XX4X82X2XX9X3XX,1
XXX1X1XXX,X29X,1
XXX1X1X,X1X15XX,1
X1XXXXX1X,X24XXX,1
X1X1X1X,X3XX,1
XXXXXX,X43XX21X,1
XXX1X,XX149X,1
XXXXXXXX1XX2XX,X2XX1X15X2X2X29X3X31X,1
XXXXXX,X104X1XX3X1X,1
XXX,X3X20X,1
XXXXX1XXXX,X2X23X2XX1X,1
XXXXXX2XXX1X1X,X79X52X1XXX2XX2X,1
XXX3XX,XX37X,1
XXX20X,X28X,1
XXXXX,X187XX,1
XXX,X40XX,1
XXXXXXX,X7X76X54X,1
X1X1X1XXX,XX1X10X,1
XXX2XXX,X8X174XXX,1
X4XX,X178XX,1
XXXXX,X2X3X,1
X1X5XX1X,X27X6X,1
X2XX,X125X,1
XXXXX1X,X30X54XX17XX,1
X1XXXX1X,X2XX35X,1
XXXXXXXX,X1X135X4X1X,1
X4XX,X179X2X,1
X1XXX1X1X,XX1X1X,1
XXX1XX,X1X20X3X2X,1
X2X1XX,X42XX,1
XXX,X72X,1
X1XX1X,XXXX,1
X1XXXXX2X1X,X1XX43X1X,1
XXX,X19X146X,1
XXX2X,XX1X,1
XX23XXX1X,XX1XX,1
XX,X62X,1
XXXX,X4XX,1
XX1X,X31X,1
XXXXXX1X1XXXXXX1X,XXXX82X1X2X100X1X,1
X2XXXX,X17X,1
X1XXXXXXXXXXX1X,X2X81X1XX57X29XXX2X12X,1
X1X1X,X28X1X,1
X1XX1X1X,XX22X23X,1
X1XXXXXXXXXXX,X84X1X3X55X30XXX12X,1
XXXXXX1X1X,XXX56X,1
X1X2XXX,X2XX,1
XXX,X39XX,1
X1XXX1X,X1X,1
X1X3XXXXXX2X,X2XX14X2X,1
X3XX,XXX,1
X1X1X,X46X,1
XXXXXXXXXXX1X,XX1X10XXX2X,1
XXXXX2X,X22X1X110XX,1
XXX1X1X,XX1X16X,1
X1XX1XX,X3X,1
X1XX,X23XX,1
XXXX1X,XX2XX,1
XXX,X23X32X,1
XX23XXX1X,X28X1X178X,1
XXXXX1X,X2X66X2X,1
XXXXXX,XX5X,1
X2XX,XX125X,1
XXX,X21X,1
XX26XX,X21X,1
XXXX,X1X3X,1
X3XXXXXXXXX,XX2X2XX,1
XXXX1X1X,X1X179X2X,1
X5X,X,1
XXXXXXXXX,XXX20X2X3X,1
XXX1XXX5X,X6X3X2X26X14X,1
XXXX1X,X3XX78X,1
XXXX1X,X12X8X44X,1
XXXX,X20XX,1
XXXX1X,X8X,1
X1XXX1XXX,XX99XX,1
XXXX,X267XX,1
XXXX,XXX2X,1
X2XX1X,X1X,1
XXXXXX,XX175XXX,1
X1X1XX1X2X,X1XX41X2X,1
X1XXXXXXX2X2X,X1X3X42XX2X2X,1
XXXXX,X73XX,1
X4X1XX1X,X1XXX,1
XXX,X1X4X,1
XXX,X3XX,1
XXXX2X,X3X3X,1
XXXXX,X4XX3X,1
X1XXXXX1X,X41X36XX,1
XXX1X1X,XX6XX,1
X1XXXXXXXXXXX1X,XX81X1X3X54X31X1XX14X,1
XXXX,X2X7X,1
XX2XX,X1X54X,1
XXXXX,X51XX2XX,1
X2XXXX2X,X13X16XX,1
X1XX1X1X,X3X,1
XXXXX,X2X2X,1
X2XXX,X2X9X,1
X1XXXX4X,XX179X1X126X,1
XXX,XX21X,1
XX3X,X180X,1
XXXX1XX,X181X2X193X,1
X2X2X,X16X4X,1
XXXX1X,X37XX4X,1
XXX1XXX,X2X18X,1
X1X,X63X,1
XXX,X55X,1
XXXXXX1XXX5X,X1X1X1X21X,1
XXX21X,X17X,1
XXXXXXXX,X24X1X20XX,1
X2XXX,X53XX,1
XXX1X,XX105X9X,1
XXX,XX83X,1
XXXX,X145X2X,1
XXXXXX3X,X1XXXX,1
X1XXXXXXXXXX2X,XX7X4X1X39X53X1XX2X,1
XXXXX2XXX,X14X,1
XX4X,X56X,1
XXX,X108X,1
XXX1XXXXXXXX,X3XXXX,1
XXXXX1X,X101XX1X,1
X26X,X2X,1
XXX,XX52X,1
XXXXXX1X1X,X1X19XX4X,1
XXXXX,X11XX2X,1
X1X2XXXXX,X34XX140X4X,1
XXXXX,X1X52X,1
X1XXX1XXX5X,XX2X1XX27X114X,1
X1XXX1X,X36X1X5X,1
XX1XXXXXXXXXX,X15XXX3X35X,1
XXX,X3X63X,1
XX1X,X57X,1
XXXX20XXXX1X,XXX16X18XX2X,1
X3XXXXXXX1X,XX30XX45X1X8X,1
XXXXXXX,X4X5XXX,1
XXXX1X,X23X24X,1
XXXX2XXX,X,1
X1XXX1X,X8X2X5X227X,1
XXXXXX1X,X1X128X2X2X,1
XX23XXX1X,X27X2X176X,1
XXXXXX2XXX1X1X,X55X1XXX2X,1
XXXXXXX,X3X1XX,1
X1XXX,X6X,1
X1X1XXX,X2X63X,1
X2X1X,X17XX,1
XXX,X8X6X,1
X23XXX1X,X97X,1
X5X1X,X1X,1
XXX2X1XXXX,XXX,1
X1XX,X1X1X,1
X23XXX1X,X4X1X2X,1
XXXXX,X5X3XX,1
XXX,X30X15X,1
X1XXXX,XX15X5X,1
X2X1X,XX7X,1
X1X1XX2X,XX1XX,1
X3X1X,X88X,1
XXXXXXXXXX,X93X1X85XXX4X,1
X1XX,X169X61X,1
XXXXXX,XX2X,1
XXXXXXX,X175X3X1XX193X,1
XX1X1X,XX2X23X,1
X1X1X,X82X,1
XXXX,X5X34X1X,1
X1X1X1X1X,X3XXX5X,1
XX1XXXXX1X,X39X32X,1
X1X2X,X2X,1
X4XXXXX4X,X4XX1XX,1
X1XXX,X2X7X,1
X9X2X,XX,1
X1XXX1X,XX2X1X,1
XXX2XXX,XX,1
XXXXXX,XXXX262X,1
X1X2XXXX1X,XX24X23X,1
XXXXX1X2X1X,X131X42X4XX3X,1
X3XXXX,XXX10X,1
X2X2X1X,X108X1X,1
X1XXX,XX22X1X,1
XXXXX,XX36X8XX,1
X1X1X,X231XX,1
X1XXXX3X,X1X1XX75X,1
XX1X,X28X61X,1
X25XX1X,X2X103X1X,1
XXXX1X1XX,XX6X,1
XX4XX,X99XXX,1
XX1X,X105X103X,1
XXX,XX79X,1
XXXXX4X,XXXX,1
XX23X1XXX,X61X53X1X,1
X1XXX,X1X,1
X1X4XX,X1X,1
XX1X1X,X72X13X110X,1
X1XXX1X,XXX2X,1
X1XXX1XXX,X2X132XXX1X,1
XXXXXXX,X1XX1X,1
XXXXXX,X43X22X,1
XXXX1X,XX181X,1
XXX1X1XX,X3X4X,1
X1X,X61X,1
X2XXXX,X2X18X,1
XXXXXXXXX,XX2X,1
X2X1X,X5X,1
XXXXX1XXX,X10XXX,1
XXXX,X1X5X,1
XXX,X86X,1
X2XXXXX,X37XX1X,1
XXXX,X58X84X,1
X1X2XXX1X1X,XX1X2X2X,1
X1XX,X143X,1
XXXXXX1X,X1XXX117X,1
XXXXXXX,X49XX37X2X,1
XXXXXXXX2X,XXX42X1X1X1X1X,1
X1X1XXX1X,X1X1X8X1X1X,1
XXXXX,X1X4X40X,1
XXXXX1XXXX,XXX5X,1
X1XXX1XXX,X1XX12X2X2X,1
X1XXXXXXXXXXX1XX,X2X81XXXX88XX1X14X,1
XXXXX1XXX,X91X2X3X,1
XXXXX,X1X9X,1
XXX1X,X5XX,1
X5X1XX1X2X,X2XX2X,1
XXXXX1X,X125X6X,1
XXXX,X116XX,1
XXXXXXXXX,X14X1X22X19X3X,1
XXXXXX,X1X1X46XX,1
X1XXX,XX1X,1
X1X1X2XX2X2XX,X53X1XX27X1X87X3X,1
XXXXXX,X27X1X,1
XXX1X,X1XX197X,1
XX1X1X,X3X2X76X,1
XXX3X,XX2X,1
X1X1XXXXXXXXXX2X,XX84XXX86XX1XX12X,1
XXXXXXXXX,X1XX11X2XX194X1X,1
X1X1X1X,X2XX1X,1
X1XXXXX,X31X4X1X,1
XXX,X81X,1
XXXXX,X2X77X,1
XX1XXXX,XX2X,1
X1X1X1X1X,X1XX,1
X1XX2X,X2XX,1
X1XXX1XXX,X2X7XXX,1
XXXXX,X95XX,1
XXXX,X2X3X25X,1
X1X,X133X,1
XXXX1X1X,X2XX,1
XXXXXXXXXXXXXX,X53XX2X2XX2X,1
XXXXXX,X2X1XX,1
XXXXXX,XX30X2X28X,1
XXXX1X,X1X3X3X,1
XXX,X2X82X,1
XX2X,X77X,1
XXX,X65X2X,1
X2XX,X,1
X1XXXXXXXXXX1X,XXXXX1X49X,1
XX1XX1X,XX41X1X,1
X1XXXXXX1X,X1X1X,1
X1XXXXXX,X3X27X1X29X86X,1
X3XXX,X74XX,1
XXXX2XX,X2X25X17X,1
X1XX1X1X,XXX,1
XXXXXX1XXX,X1XX1XXX,1
XX1X,X229XX,1
XX1X1X,X1X21X,1
XXX1X,X5X13X,1
XX1X1X,X6X41X,1
X26X,X161X,1
X2X,X50X,1
XXXXXXX,X175X5XX193X,1
X1XXXXX,X2XX1X1XX,1
XXXXXXXX,XX1X100X,1
XXXXXX,X3X2X,1
XXX1XX1X,X2X3X101X,1
XX,X50X,1
X5X,X12X,1
X1XXXXX1X,X53X24XXX,1
X1XXX1X1XX,X2X57XXX1X,1
XXXXX1X,XX62X36X,1
XX1X,X37XX,1
XX1X,X10XX,1
XX1X1X,X5X,1
XXXXXX,XXX43X,1
XXXXX,XX1X27X,1
X1XXXXXX,X4X21X2X,1
XXX1X,X2X2XX,1
XX2X,X29X6X,1
XXXXXXX1X1XXXX1X,XXXX1X2X1X,1
XXXXXXXXX,XX1XX,1
XXX,X7X23X,1
XXXXXX,X34XX,1
XX1X,XX63X,1
XXX,X57X,1
XXXXX1XXX,X6X,1
XXXX,X103X32X,1
X1XXX1X1X,X1X1X,1
XXXXXX,XX6XX26X3X,1
X1XX1X,XXX3X,1
XX2X,X76X,1
XXXX,X1X24X,1
XXX1XX1X,X1X27X3X6X,1
X5XXX,XXXX,1
XXXX1X,X2X1X78X,1
X1XXX1X1XX,X56XX17XX,1
X1X2X1X,X4X,1
X1X4X,X1X1X,1
X1XX4X,X29XXX,1
XXXXXXXXXX,XX1X7X2XX,1
XX1X,X111X1X,1
XX,X59X,1
X1XX1XX,XX2XX,1
X1XX1XX,X13X1X,1
XXXXX,X1X4X131XX,1
X1XX3X1X,XX1XX,1
X2XXXXXXXX1X,X2XX1XXXX,1
X1X1XXX,X27X,1
XXXX1XX,X3X12X1X,1
X1X,X195X,1
XXX1XX1X,XX1X3X,1
XXXXXX,X72X5XX,1
XX,X187X,1
X1XXXX1X,X1X311X28X,1
XXXXX1XXXX1X1X,XXXX1X,1
XXXX1X,X2X2X,1
X1XXXXXX1X,XXX1X,1
XXXXXX1X,XXX,1
X2XX1X,X130X,1
XXX1X,X3X35X,1
X1XXXXXXXXXXX1X,X83X2X2X83X1XX1XX11X,1
XXXX1X,X1XX1X16X,1
XXX,X2X1X,1
XXXX,X1X6X17X,1
X1XX,X30X1X,1
X1XXX1X1XX,X2X61X,1
XXXX,X4X77X,1
XXXXX1XXXX,X32X3X3XX,1
XX1XX,X7X5X,1
XXX2XXXXXX,X1X2X2X27X5X4X,1
XXXX1X1X,X3X9X10X1X31X,1
XXX2X1XXXXXX,XX3X34XX4X,1
X24XXX1X,X90X30X3X,1
XXXX,X35X2X,1
XXXXXXXXXXXX1X,XX54XX2XX2X2X,1
XXXXXX1X,XX55X3X1X,1
X23XXX1X,XXX10X,1
X1XX1X,X73X5XX,1
XXXX3X,X147XXX,1
XXX1X,X2XXX,1
XXXXXXXXXX2XXX,XX1X1X130X3XX2XX,1
XXXXX1X,X78X1X220X10X,1
XX23XXX1X,X127XXX,1
XXXX,X1X77X15X,1
X1X1XXX,X7XX,1
XXXXXXXXX,X3X2X27XX20X23X,1
X1XXXX,X1X,1
XXXXXXX1XX,XX2X5X,1
XXXXX,XX1X1XX,1
XX1XXX1X,X1X109X59X2X,1
X6X,X42X,1
XXX,X1X19X,1
X1XX1X,X3X4X2X,1
X1XXX1X,X75XX1X,1
XXXX,X18X1XX,1
XXXXXX,X1X8XX,1
X1XXX1X1X,X26XXX,1
XXXX2XX,XX1X1X,1
X2XX1X,XXX,1
X1XXX,X2X,1
X1XXX,X1X37X,1
XXX,X9X2X,1
X1X1XX,X,1
X1XXXXXXXXXX2X,X2X82X5X55X27X2X3X6X,1
X1XXX1XX1X,X2X88XX143X,1
XXX2X,X2X,1
XXX1X1X,X14XX28X,1
XXX1XXX5X,XXXXX2X,1
XXX,X37X1X,1
X1XXXXX,X43X3X2XX,1
XX1X1X,X1X3X,1
XXXXXXX,XX105XX,1
X1XXX1XXX,X1X9X,1
X1X1X,X1XX,1
XXX,X13X,1
XXXXXXX,X1X2X8X2X,1
XXXXXX1X,X34XX8X38X,1
XXXX1XX,X1X18X1X31X,1
XXXX3XXX,X1X8X,1
XX2X,X26XX,1
XXXXXXXX1X,X2X,1
XXX,X6X3X,1
XXX1XXXX1X2X,XXX44X1XX,1
XX,X141X,1
X4XX,XX51X,1
X2X1XX1X,X10X107X1X1X,1
X5XXX5X,XX20X,1
XXXXXXXXX,X18X2X21X19X2X,1
XXX1XXX2X,X4X9X77X5X13X,1
X2X4X,X1X2X,1
XXXXXX,X9XX74X,1
X1X1XXX1X1X,X15X1X,1
XX4X,X9X1X,1
X1XXXXXXXXXXX,X83XXXX2X85XXXX12XX,1
X2X2XXX,X1X1X3XX,1
XXXXXX1X,X29X1X,1
XXXXX1X,X4X23X,1
XXXXX,XX48X6X,1
XXXXXXX,XX3X,1
X2XX,X2X1X,1
XXXXX,X1X22X,1
XXXXXXX,X2X123X3X2X3X,1
XXXXX,X16X38XX1X,1
XXXXX2X1X,XXXX1X,1
XXXXX2X,X21X30X1X,1
X4X,X77X,1
XXXXXX1X,X57X103X,1
X3XX,X142X,1
XX1X1X,X49XX,1
XXXX,X17XX40X,1
XXXXXX,XXX13X,1
XXXXXXXXXXXX,XX2XX1XX1XX,1
XXXX1X3X,XXX,1
XX1XX4X5X,X41X72XX,1
XXXXXXX,X3X162X17X,1
XXXXXX,X,1
XXXXX,X21X144XX,1
XXXXX,X2X2X55X,1
XXXXXX1X,XXXX,1
XXXXX2X,XX18X5X,1
X1XXXXXXXXXXX1X,XX1X81X5X85XX1X8X2X1X,1
XXXX,X15X1X,1
X24XXX1X,X92X6X4XX,1
XXX2X,X2X2X,1
XXXXX1XX,X3X1XX1X,1
XXXXXX,X3X5X,1
X24XXX1X,X47X9XX,1
XXXX2X,X2X3X7X,1
XX21XXXXX,XXX44X,1
XXX1X,X13XX1X,1
XXXXX,X21X,1
XXXX,X78XX,1
XXX,X134X,1
XXXX,XX3X,1
XXXX,X18X3X,1
XXX2X,X14X,1
XXXXXXXX1XXXXX,X4XX1XX13XX,1
X2XXX,X47X,1
X2XXXXXXXXXX1X,XX1X62X24X1X1XX1X,1
XXXX,X4X74X17X,1
XXX,X32X1X,1
XX,X138X,1
XX2X,XX1X,1
X3XX1XXXXXXXX1X,XX1XX4X,1
XX,X4X,1
XXXX1X,XX1X32X15X,1
XXXX1X,X25XX2X,1
X4X,X26X,1
XXXXXXX,XX333X3X3X,1
XXXXX1XX1X,XX1XX,1
X1XXXXXX1X,XXX11X9X1X,1
X1XXXX1X1X,X1X3X22X1XX,1
X1XXX1X,X5X1XX,1
XXX1X,X4X1X2X,1
XXXXXXX,X1X2X1X191X,1
X1X1XXX,X1XXX2X,1
XXXX1XX1XX,X1X2XX,1
XXXXXX3XXXXX,X1X1X303X3X,1
XXXXXX3X,X1X2X1XX,1
X1X2X1X,XXX,1
X2X2XXX,XX1XX,1
X1X1X1X1X,XX6X,1
XXXX,X2X18X,1
XXXX1XX,XXX,1
XXXXXX,XXX1X,1
XX1XXXX1X1X,XX8X20XX11X3X,1
XXXXXXXXXX,X1XXX2XX,1
XXXX1X,X3XX2X,1
X1XXXXXXXXXX2X,XXX2X6X4X38X55X1X2X,1
XXX,XX187X,1
X1X1X,X6X1X,1
XXX1X1X,X1X70X,1
XX,X108X,1
XXXX1XX,X1X,1
XXXXXXXXX,X1XX10X,1
XXXX,X82X230X2X,1
XXX3X1X,XXXX,1
XXXXXXXX1X,X3X1X52XX,1
X1XXX1X1X,X38XX1X,1
X2XXXX,XX7XX,1
X1XXX1XXX5X,X7XX1X33X2X,1
XXXXXXXX,X2X30X33X24X,1
XXX1X,XX2XX,1
X1XXX,X26X3X,1
XXXXXXX,X2X21X,1
XXXXX1XXX,X2X3X,1
XX1XXXXXX,XXX18X11X2X,1
X1X1X,X149X,1
X2XX1X,X14X2X,1
XXX1X,XX1X35X,1
X4X1X,XX,1
XXXXX1X,X1X85X57X,1
X1XXXXX1X,X76X2XX,1
XXX,X15X48X,1
XXXX1X,X34X13X,1
XXXX1X,X4X108X2X,1
XXXX1X,X1X21X15X,1
X1XXXX1X,XXX4X,1
XXXX,X1XX7X,1
XXX1X1X,X14X1X,1
X1XXX1XXX5X,X12XX4XX110X,1
XXXX1X,X61XX,1
X1XXX2X,X6X,1
XXX1X,XX2X318X,1
XXXXX,X2XX2X,1
X1XXXX2X,XX2X153X,1
XXXX20X,X52XX2X2X,1
XXXXXX,X33X2XX,1
XXXX1XX,X13X2X,1
X1XX,X1XX,1
X2X1XX,X170X,1
XXXXX,X5X3XXX,1
XXX,XX50X,1
XXXX1X,X2X17X,1
XXXXX,X17X26X,1
XXXX1X1X,XX4X1X34X,1
XXXX,X164XX,1
X1XX,X2X2X,1
X21X,X104X,1
XXX,X3X23X,1
XXXX,X1X11X,1
XXXXX,X2XXX,1
X3XXX,X1X17X,1
X1XX1XX,X80XX2X,1
XXXXXXX,XXXXX,1
XXXX1X,X1XX1X,1
XXX1X1XXX1XXXXX,X1X1X22XX31XXX,1
X2X1X1X,X3X,1
XXXXXX,X2XX3XX2X,1
X1X1X,X7X,1
X4XXX1X1X,X2X3X,1
X2XXXXXXX,X1X179X1XX193X,1
XXXXX,X7X1X,1
XXX3X,X2X53X31X,1
XX1X,X4X,1
XXXX1X,X2X3X,1
XXXXXXX1X1XXX,X18X2XX1XX141X24X,1
X24X,X,1
X1X1X,X3X3X,1
XXXXX,X8XXX,1
XXXXXXXXXXXX,X1X81X2X2X3X52X26X2X13XXX,1
XXX1XXX,X2X1X28X30X,1
XXXXXXX,X181X1X1X193X,1
XXXXXXX1XXXXXXX1X,XX2XX1X3X,1
X1XXXX,X35X1X,1
XXX1X1X,XX23X47X,1
XX1X1X,X39X,1
XXX,X36X2X,1
XXXXXXXXXXXX1X,X8X46XX2X3X2X,1
XXXXXX,XX1XX,1
X1XXXXX,XXX3X1X,1
X2XXX,X1X20XX,1
XXX1X1XXX,X1XX,1
XXX,XX59X,1
X4X,X176X,1
XXXXXX,XX56X8X,1
XXXXX,XX1X193X,1
XX4X,X19X2X,1
X1XXX,X1XX84X,1
XX,X180X,1
X1X1X,X8X,1
X1XXX1X,XX92X,1
XXXXXXXX,X2XXX21X,1
X4X1XX1X,X2X1XX,1
XX1X,X1X14X,1
XXX1X1X,X81X220X10X,1
XXXX20XXXX1X,XXX16X18XX2X3X,1
X4XXXXXX,XX,1
X1XX,X23X2X,1
X1X3X1X,XX2X2X,1
X1XX1XXX,X38X1XX3X47X,1
XXXXXX1X,X1X177X2XXX,1
XXX,X19X3X,1
X5X,X55X,1
XXXXXX,X2X11XXXX,1
XXX1X,X1X1X1X,1
X1XXX1X,XX1X142X,1
X1X1XXX,X4X4X,1
XXXXX1XXX,X4XX,1
X1X2XXXX,X3XXX,1
XXX,X32X,1
X5XX,XX1X,1
XXXX3XX,X2XXXX,1
XXXX,X1X58X4X,1
XXXXXX,X1X259X1X63X2X,1
XX1XXX,XX8X1X,1
X2XXX1X1X,XX26X3X,1
X2XX,X1X,1
X1XXX1X1X,XX1X3X,1
XXX,X36X1X,1
X1XXXX1X1X,XXX2X,1
XXXX,X51X4X,1
XX,X24X,1
X1XXX1XXX,XX25X26X1X,1
XXXXXX,X1X7X76X,1
XXXXXX,X96X,1
XXX,X168X62X,1
X1XX2XX1X,XX55XX,1
XXXX5X,XX1X,1
XX2XX,XXXX,1
XXXXX1X1X,X4X1X39X,1
XX1X1X5X,X8X2X71X,1
XXXXXXX2XX1XX,XXX1X2XX,1
XXX,X5X2X,1
XXX,X1X31X,1
X5X,X1X,1
X1XXX1X,X45XX1X,1
X2XX,X10X,1
X1XX,X54X6X,1
XXX1X1X,XX8X,1
XXX,X28X3X,1
XXXXX,X56XX41X,1
XXXXXXXX,X19X21X24X1X,1
XXXX,X213X,1
X1X,X32X,1
XXXX1X,X34X1X33X,1
XX1XXX1X,X4X1X1X,1
XXXXX1XX,X1X7X3X2X3X,1
X1XXXXXXXXXX2X,X84XX3X84X1X10X3X,1
XXX,X12X1X,1
X6XXX4X,X7X,1
X1XXX1XXX,X10X1X7XX,1
XXXX,XX106X,1
XX,X16X,1
XXX1XX,XX1X,1
X1XXXXX1X,X36XXX,1
XXXXXX,X6XXXXX,1
XXXXXXXX1X,X29X102X2X2X3X,1
X1X1XXXXXX1X,X29X1XXXX24X29X,1
XXXXXX,X26X2X,1
XXXXXXX,XX50X,1
X1X3XXX,X39XX,1
X1XXXXX,X2X,1
XXXXXXXXXXXX,X11X2X3X2X3X18X3X13X,1
XXXXXX,X1X2XX,1
XXXXX17X1XX,X5X1XX47X,1
X1XXXX,X2XX19X,1
X1X5X,XX4X,1
XX1X,X2X40X,1
XXXXXXX1XXXXXXX1X,X2XX2X2XX,1
XXXXXXX,X1X9X22X1X,1
X1X,X44X,1
XXXX1X,X3X2X,1
XXXXX,X3X2X,1
XX1XXX,X85X3XX,1
XX1X,X1X1X,1
XXXXXX,X27X1XX,1
XXXXXXX,X17X190X6X15X,1
XXXXXXXXX,X20X2XX6X,1
X1XXXXX,XXX2X1X,1
XXX1X1X,XX2X12X37X,1
X1XXX,X5X,1
XXXXXXX,X4X176X1X194X,1
XXXXX1X,X3X2X,1
X1X2XX,XX2X199X,1
X1XXXX,X24XX31X,1
XXXXX1XXX,XX2X1XX,1
XXXX1XX1X,XXX1X,1
X1X1X,X2X3X,1
XXXXXXX,XX12X,1
X1X1X,X1X1X,1
XXX,XX32X,1
XXX1X1X,X34X1X,1
XXXXX2X,XX2X136X2X2X,1
XXXXXX,X3X2XX,1
XXXXX,X40X138X,1
X1X,X94X,1
XXX,X23X40X,1
XXXXXXX1XXXXXXX1X,X3X2X2XX,1
XX1X,X59X,1
XXXXXX1X,X84X3X3X,1
XXXX1X,XX1X78X,1
XXXXXX,X1X2X,1
X1X1X1X1X,X4XX,1
XXXX2XX,X4XX,1
X2X,X22X,1
XXX,X74X,1
XXXX,XXX1X,1
XXXX1X,XX3X,1
X1XXX1XXX,XX53XX,1
XXX1X,X3X1X,1
XXXXX1X,X3X1XX54X,1
X2XXXX,XX214X9X,1
X1XXXXXXXXXXX1X,X84XXXX2X55X29XXXX12X,1
XX4X,X19X,1
XXXXXX,XXX3X,1
XXX,X4X2X,1
X2XXXX,X2X1X,1
XXXXX2XXXXX,XX24XX2XX2X2X,1
XX1XX1X,X35X4X,1
XXXXXXX,X44X83X25X17X40X26X,1
X2XXX,XX29X,1
XXXXXX,X5XXX1X,1
X1XXX1X1X,XX36X1X,1
XXXXXXX,X1X8X62XX,1
XXXXXX,X5XX,1
X1XX1X,X1X17X31X,1
XXX,X35XX,1
XX1X,X63X,1
XXXX,XX1X52X,1
XX,X22X,1
X1XXX6X2X,X7X151X7X,1
XXXXXXXX,X38X42XX140X,1
XXX,X4X7X,1
XXXX,X36XX,1
X1XX1X1X,XX1XX,1
X1XXXXX1X,X40X37XX,1
XX1XXXXXX,X1XXX10X2X,1
XXXX1X,X2XX57X,1
X1XXXXXXX2X,X3X37X1X35X1X1X,1
XXXXX2XXX,XXXXX,1
XXX,X133X,1
XXXXX1X,X44X2X40XX,1
XXXXXX,X1XX33X,1
X1XXXXX1X,XX1X,1
XX1X,X7X2X,1
XXXX2XXX,X2X2X,1
XXX1X,X7X50X,1
X2X,X48X,1
X1X3X1X,XXX,1
X2X2X,X38X,1
XXXX1X,X156XX,1
X1XXXX1XXX,X92X160XX1XX2X,1
X1X3X1X,X2XX,1
XX,X33X,1
XXX1X1XXX,XXX1XX,1
XXXXXXX,X2X3X77X3X,1
XXXXXXX,X29XX1X28X,1
X4X,X32X,1
XXXX1X,X18X,1
XXX,X60X2X,1
X3XXX1X1X,X2X3X,1
X1XXXXXXXXXXX1X,XXXX86X1XX2X4X6X,1
XX1X,X,1
X1XX1X2XXXXX1X,XXX1X,1
X9X2X,XX1X,1
XXX1X1X,X3X142X,1
XXXXXXXXX,X1XX88X1X13X,1
X1XXXXXXXXXX2X,X85XXX2X85XX8X1X2X,1
X1X2XXXX,X1XXX,1
XXX,X49X,1
XXX,X139XX,1
XXXX3XXX,X2X,1
XXXXXXXX,XXX21X30X2X,1
XXXX1X,X18XX94X,1
X1X1X,X4X1X,1
X4XX,X178X1X,1
XXXXX2X5XX,X108X1X,1
X1XXXXXX1X,X46X5XX1X,1
X1X1XXX2X1X,X1X2X,1
XXXXXX1X1X,X3X1X6XXX,1
X1XXX1X,X2X1X,1
XXX2X,X1XX,1
XXXXX,X5XX4X,1
XXXXXX3XX,X1X5X110X,1
X1X1X1X1X,X,1
X1X3X1X,XX2X,1
X2XXXXXXXXX2X,X1X88X1XX13X3X,1
XXX1X1X,X33XX,1
XXX5X,XX,1
XXXX1X,X1X78X,1
XXXXX1X,X1X1X7X47X,1
XXXXXX,XX2XX49X,1
X1XX3X,XX2X,1
XXX1XXXX2X,XXXX49X1X,1
X1X2X,X7X,1
XXX1XXXX,X240XX1X60X,1
X2X,X63X,1
X1XXXXXX1X,X4X1XXXX,1
XXXX,X10XX,1
XXX1X1X,X3XX2XX,1
X1XXXXX,X127X4X,1
X1XX2X1X5X,XX72XX2X,1
XXXXX,X1XXX35X,1
XXX,X2X54X,1
X23XXX1X,X83XX,1
XXX,X47XX,1
X1XXX1X1XX,X2X1X10X,1
X1XXXXXXX2X2X,X2X1XXX41XX2X2X,1
XXXXXXXXXX,X2X1X1X24X5X,1
X1XXXXXXXXXXX1X,XX83XX1X1X57X28XXX5X,1
XXX1X,X3X4X,1
XXXXXX1X,X32X1X1X6XX1X,1
X2X1X,XX101X,1
XXXX,X172X,1
X1XXXXXXXX,X1XXXX,1
X1X1X1XXXX4X,X2XX25X72X,1
XXXXXX3X,X2XX1X,1
X1X6X1X,XX,1
XXX,X22XX,1
XXXXXX1X,X13X1XX1X,1
X2XXXX,XX1X43X,1
XXX,X5X1X,1
XXXXXX2X,X1X1X23X91X,1
X21X,X40X,1
XXXXX,XX2X151X,1
X1XXX,XX2X76X,1
X1XXXXXXXXXXX,X1X83X61X27XXX1X11X,1
XXXXX,XX2X3X2X,1
XXXX,X16X1X22X,1
XXXXXXXX1X2X,X6X48XX30XXX,1
XXX,X126X2X,1
XXXXX1XX,X1XXX2X,1
X21X,X53X,1
XXX,X130X,1
X1X3X1X,X2X4X,1
XX,X34X,1
XXX1X,X38XX,1
X1X,X142X,1
X1XXXXX1X,X25XX,1
X1XXX1X1X,X10X2X30X,1
XXXXXX,X22X2X,1
X1XXX1X1X,X202X162X3X,1
X1XXXXXX,X15X2X2X37X4X2X,1
XXX1X1X,X3XX,1
X1XXXXXXXXXXX,X85X2X58X25X1XX14X,1
XXXXX4X,XX3X,1
X1XX4X,X39X,1
XX,X9X,1
XXX,X47X,1
X1XX,X9X,1
XXXX,X24X5X,1
X1XXX1X,XX80X,1
XXXX1X,X1XX10X,1
XX4XX,XX179XX,1
XXXXX,X1XX134X,1
XXX1XXX,X19X21X23X,1
XXXXX,XX3XX,1
X1XX,X13X1X,1
XXX1X1X,X182XX192X1X,1
X1XX,X181X,1
X1XXXXXXXXXX2X,XX83X1X2X84X1XXX14X,1
XXXXX,XXX26X7X,1
XX4XX,XX3X1X,1
XXX1XXX,XX30XX29X,1
XX4X,X2X,1
XXXX3X,XX,1
XXX1X1XXX,X1X1X3X,1
XXX,X3X100X,1
X2XXXXXXX,XX4X176XXXX193X,1
XXXX1X,X70X12XX,1
X1X1X,X2X232X,1
XXX1X1X1X,X4XX,1
XXX2X,X1X25X,1
XXXXXXXXXXXXX,X53XX2X3X1XX,1
XXX,X1X24X,1
X1XXXXXX,X35X1XX,1
XXX1XX1X,XX,1
XXX4X,X3XX,1
X1X2XX,X2X1X,1
X1XX1XX4X,X2XXX,1
XX,X109X,1
XXX1X,X3X3X,1
X1XXX1X,XX81X11X,1
XXXX1X,XX1X1X,1
XXXXX1X,X60X,1
X1X1XX,X3X3X1X,1
XXXXXX,X33XX18XX,1
X1XXX1X1X,X38XXX,1
X2X2X,X57X35X,1
X2XXXX,X2X5X3X185X,1
X2X4X,X113X,1
X1XX,X35XX,1
XXXXX1X1X,X2X26X19XX,1
XXXX,X1X101X,1
X1XXXX,XX11X2X,1
XXXX1X,XX98X,1
XX1XXXXX1X,XX2X37XX32X,1
X1XX1X,X2X,1
X1X1X1X,XX1XX,1
XXXXXXXXXX,X39X2X3XX11X1X,1
XXX,XX81X,1
XX1X1XXXXX,X2X1XXX,1
XXXX,X19XX,1
X1X1X1X1X,X44XX2XX,1
XXXXXXXXXXXXXX,X1X4X33X1X46XX1X,1
X1X1XXX,X126XXX1X,1
X2XXXX,X3X67X6X,1
XXXXX1X,X1X5X,1
X1XXXX1X1X,X2X16X33XX1X1X,1
XXXXX,XX1X2X,1
XXX1X,XX27X1X,1
X1XXXXXXXXXXX1X,XXX2X83X1XXX6X2X3X,1
X1X1X1X1X,X1X,1
X2XX1X,X2X131X1X,1
X1XXX1X,X2XX11X,1
X1XXXX1XXX,X91X1X2X34X,1
X1XXX1XXX,X2XX2X21X,1
X1XXX,XX1X2X,1
X21X,X206X,1
X1X,X66X,1
X1XXXX1X1X1X,X2X15X5X3X24X,1
XXXXXXX,X53XX,1
XXXX1X,X5X,1
X2X1X,X2X27X,1
X1XXX1X1X,X41X37XXX,1
X1XXX1X1X,X36X2X15X1X,1
XX1X1X,X,1
XXXX1X,X5XX,1
XXXXXXX2XXXX1XX,XX1XXXX2XX,1
XXXX1X,X18X49X,1
X1XXX1X,XX,1
XX1XXX,X2X,1
XXXX,X25XX,1
XX,X35X,1
XXXXX,XX2X6X,1
X2XXXX1X,X28X1X38X,1
XX3XXX,X93XX,1
XX,X79X,1
X1X,X194X,1
XXX,X1X1X,1
XXXXXX,X16XX4X,1
XXXX1X,X1X2X17X,1
XXXX1X,XX91XX,1
X1XXXX,X1X1X,1
X2X1XX,X35X1X,1
X1XXX1X,X1X19X3X,1
X2XXXXXXXXX2X,X83XXXX86X2XX,1
X1XXX1X1X,X51X24X3X,1
XXX,X3X76X,1
X1X1X1XXX,X67X1XX1X,1
X1XXX1X1X2X,X2XX1X,1
X4XX,X177X2X,1
X1XXX1X1X,XX1X,1
X2XXX,X12X380X,1
XXX1X,X1X65XX,1
X5X1X5X,XXX,1
XXXX1X,X30XX1X,1
XXXX1X1X,XX1X33X1XX,1
XXXXXX,X5XXXX,1
XXXX,X115X,1
X1XX1X,X2XX,1
X1XXX1X1X,XX2X,1
XXXXX,X16X2X22X,1
X1XX,X9X1X,1
X5XXX,XX,1
XXXX,XX51X,1
XXX1XX,XXX,1
XXXXX2XXX1X1X,X77XX54X2XX2X3X,1
X1XXXXXX1X,X38XX,1
X1X,X64X,1
X1XXX,X3XXX,1
X1XXXXX1X,XXXX,1
XXX,X8X,1
XXXXX2X,XX52X,1
XXXXXXX,X23X4X5X1X23X,1
X2XXXXXX,XX15X2XX,1
X1XXXX,XX1XXX,1
XX,X32X,1
X1XXXX,XX1X31X2X,1
XXXXX1X,X322X2XX4X,1
XXXX2XXX,XX1X3X,1
XXX,X10XX,1
XXXXX,X37XX2X,1
XX1XX,XX,1
XXX1X,X4XX,1
X1XXX1X1X,X2X1X,1
X1XXXX,XXX,1
XXXX1X,XXXXX,1
XXXXXXXX2X,X21XX1XX12X,1
XXX1X1X,X22X1X,1
XXX,X22X,1
XXXXX1XXX1X,X1X6X2X10X18X,1
X1XXXXXX,X2X1X,1
X1X3X1XX1X2X,X34XXX72X3X,1
XXXX,X4X77X19X,1
XXXXX,X132X1X,1
X1X1X1X1X,X42X1X,1
X2X1XXXX,XX1XX12X,1
X1X,X23X,1
XXXX1X,XX77X,1
XXXXX,XX22X39X,1
X1XXX1XXX,X60X26X1X,1
XX1X1X,X18X1X1X,1
X1X1X1XXXX2X,X20X1X23X23X,1
X2XXX,X1X2X,1
X1XX1X1XXX,X5X5XXX,1
X2XXXX,X2X,1
X1X1X1X,XXX2X,1
XXXXXXXX,X5X2X13X3XX,1
XXX1X,X22X26X,1
X1XXXXX1XX,X4X36X1X5X,1
X1X1X1X,X84XXX,1
XXX1X1X,X43XX,1
XXXXXX,XX2X110X,1
XXXXX,X31X30X,1
XXXXXXX,X8X3X,1
XXXX,X21X1X,1
XXXXXXXXXX,XX2XX4X3X2X,1
X1X,X87X,1
X1XXXXX,X2XX2X,1
XXXX1X,XX18X,1
XXXX1X,X1X106XX,1
X2XXXXXXXXX2X,X83XXXX89X1X9X,1
X1XXXXXX,XX2X77XX,1
X1X3XXX,X4XX,1
X1XXXXX,XX3X65X,1
XXXXXX,X35X8X1X,1
XXXX,XX2X,1
X12X,X1X,1
X1XX,X,1
XXXX1XXX,X1X,1
XXXXXXXX,XXX2X3X,1
X2XXXX1X,X1XX4X,1
XXXX,XX28XX,1
X23XXX1X,X104X58X,1
XXX,X1X20X,1
XX1X1X,X93X,1
XXXX1X,X20XX1X,1
X1XX1X,X8X319X,1
XXXXX1X,X31X52XX56X,1
XXX1X,X23XX,1
X2XX,XX,1
X1X,X49X,1
XXXXX1XXX,X2X1X23XX,1
XXXXXXXX,X1XX41X,1
X1XX1XXXXXXXX,X153X2XXX2X,1
XX1X1X,X6X1X,1
XXXXXXXX2X,XX1XX13X,1
XXXXXX,X1X23X,1
XXXXXXX1X,X1X1X,1
X26X1X,X2X38X,1
X1XXX1XXX2X2X,X126X91X3X8X1X,1
XXX1X,XX72X106X,1
XXXXX1XX,XX1X,1
XXX,X43XX,1
X1X1X,X191X2X,1
X2XXXX,XX2X,1
XX1X1X,X10XX1X,1
XX1X,X75X,1
XXXXXXX,XX,1
XXXX1X,XX20X,1
XXXX1X,XXX177X,1
XXXXXXXXXXXXX,XX2X3X2X,1
X1X1X1X1X,X1X1X,1
X2X3XX5X,XXXX,1
XXXXX2X,X1X20X24X27X,1
XXXX,X6X4X8X,1
XX1XXX,X21XX1X,1
XXXXXXXXXXX,X1X6X67XXXXX,1
XXX2X,X3X,1
X1XXXXX1X,X3X9XXX12X,1
X1X1X1XXX,XX,1
X1XXXX1X1X,X20XXX,1
X1XXX1X1X,X37XXX,1
X2X1X,XX3X,1
X1XXXX1X,X1X2X2X,1
XXXX1X1X,X1X6X28X,1
X1XX,X3XX,1
X1XXXX,XXXX53X,1
X1XXXXXXXXXXX1X,X1X81X1XX2X55X27X1XXX1X,1
XXXX1X,X91XX,1
XXXXXXX,XXX2XX,1
XXX,X21X2X,1
X1XXXXX,X2XX3X,1
XXXXXX,X6X,1
X1XXXXXX2X,X13XX1X55X44X1X,1
XXX1X1X,XXX1X,1
XX,X19X,1
XXXXXXXXXX,X49X26X19X24X,1
XXX,X2X20X,1
X1XXXXXXXXXX2X,XX1X86X1X1X13XX,1
X2XXX,X1X182X,1
XXXX2X1X,XXX,1
XXXXX4X,X1XX2X,1
X6XXX,X,1
XX1X1X,X180X5X,1
XXX1X,XXX4X,1
X9X2X,X2X,1
XX1XXX,X24X153X1X,1
X2X1XX,X2XX,1
XX23XXX1X,X3X45X,1
XX4X,XX1X,1
XXXXXXX1X,X4X3X88X2XX,1
XXX,X1X2X,1
XXXXXX,X29X93XX,1
XXXXX,X215X2X,1
XXXXX1XXX,X2XX2X,1
X1X1XXX,X1X9XX,1
XXXX1X,X6X,1
XXX,X50X,1
X1X1X1X1X,X55X5XX,1
X1XX1X,X6XX,1
XX2X2XXXXXXX,XXX25XX2X,1
X1X3X1X,X36X1X,1
X11XX,X4X,1
XXXX1X,X5X16XX,1
XXX,X21X145X,1
XXXX1XXXX,X1X1X160X1XX17X3X,1
X2XX2X1X,XX1X,1
X1XXX1X1X,X52XXX1X,1
X1X1X,X6X3X,1
XXX,X242X,1
XXXXXX,X48X21X,1
XXXXX,XX1XX1X,1
XXX1X,XX43X33X,1
XXXXXX,X5X2X26X,1
XXX1X,X2X23X,1
XXXXXXXXXX,XX1X7XX,1
X1XXXX,X1X6X,1
XX,X37X,1
XXXXXX1X,X3X20X6X1X2X,1
X3X,X27X,1
X1XXXXXXXXXXX1X,XX83XX4X53X1X30X1X,1
X1XXXXXXXX1X,X65XXX10X38X4X49X,1
X1XXXXXXXXXX2X,X84XXXX58X28XXX10X3X,1
XXX3XXX,X,1
X1XX2XXX,X1X,1
X1X1X1XXX,X2X9XX,1
XXXX,X2X21XX,1
X1X,X46X,1
X1XX2XXXX,XX3XX,1
XX1XXXX,X24XX20XXX,1
X1X,X7X,1
XXXX,X2X1X78X,1
X1XX1X1X,XX,1
XXXXXX,X41XXX,1
XXXX,X1X1X,1
XXXXX1XX1X,X23X3X2XX,1
X2XX,XX13X,1
X1X1X1X1X,X1XXX,1
X1XXX1X,XXX96X,1
X1XX,XX3X,1
XXXX,X19X30X,1
X1XXXXXX1X,XXXXX,1
X2XXXX,XXX3X,1
XXXXXX,XX1X37X,1
XX23XXXX,X2X,1
XXXXX,X6X,1
X1XXXXX5X,X124X92X1XX10X,1
XXX1X1X,X4X,1
X4XXX,X2X,1
XX1X,X32X,1
X27XX,X78X,1
XXX,X189X2X,1
XX4XX,X1X178XX,1
X2XXXXXXXXXX1X,X1X84XX2X55X29X1X9X,1
X1XXX1X1X,X1X,1
X1XXXXXX,XXXX,1
X1XX1X,X36XX,1
XXX1X,X11X3X,1
XXXX1X,X16X11XXX,1
X20X,X28X,1
XX1XXX3X,XX1X45XX2X,1
XXXXXXXX1X,X2X3XX20XX1X,1
XX1X,X55X,1
X1X20XXXXX1X,X78X31X34XX,1
XXX1XX,X3X13X,1
XXXXXX,X4XX,1
X2X1X,X1X11X,1
XXXXXXXX4X,X20X6X2XX2X,1
XX1XX,XX168X,1
X3XXXX1X1X,X6X,1
XXX,X71X,1
X1X1XX2XX,X28X1X29X,1
XXXXXXXX1X,XX1XXX,1
XXXX,XX25X,1
X1XXX1XXX,XX2X,1
XX,X144X,1
XXXXX1X1X,XX50X78X,1
X1X3X1X,XX,1
XX1X,X18XX,1
X4X,X4X,1
X1X1X,X222X,1
XXXX1X,X41XX,1
XXXX,XX94X,1
X1XXXXX1X,X41X36XXX,1
XXX1X,X220X,1
X1XXXXXX,X1X,1
XXX,X27X,1
XXXXXXXXXXX,X85X4X85X1XX10X2X,1
X2X1XX,X3X,1
X2X2X1X,X17X1X,1
XXX1XXXXXX1X,X124X3X3X29X1X5X,1
XXXXXX,XX37X,1
