pdbid,abchain,segment,paratope,plen,shiftset,gapset,abresnumiset,ab_motif,absegment,gapstatus,gapstrstatus,ab_motiflen,ag_motiflen,epitope,epitope_len,ag_motif,agresnumiset,agchain,p_angle,e_angle,bn_status
4LSS_1,L,LFR1,V,1,NA,NA,3,X,FR1,0,continuous,1,1,N,1,X,460,G,NA,NA,BN
4LSS_1,L,CDR-L1,Y,1,NA,NA,28,X,CDR1,0,continuous,1,1,S,1,X,278,G,NA,NA,BN
4LSS_1,L,CDR-L3,YEF,3,5-1,4-0,91-96-97,X4XX,CDR3,1,discontinuous,4,4,NGG,3,X181XX,276-458-459,G,95,111,BN
4LSS_1,H,HFR1,I,1,NA,NA,30,X,FR1,0,continuous,1,1,V,1,X,430,G,NA,NA,BN
4LSS_1,H,CDR-H1,D,1,NA,NA,31,X,CDR1,0,continuous,1,1,R,1,X,476,G,NA,NA,BN
4LSS_1,H,HFR2,W,1,NA,NA,47,X,FR2,0,continuous,1,1,N,1,X,280,G,NA,NA,BN
4LSS_1,H,CDR-H2,WKRGGAVNYARPQ,13,2-1-1-1-1-1-1-1-1-1-1-2,1-0-0-0-0-0-0-0-0-0-0-1,50-52-53-54-55-56-57-58-59-60-61-62-64,X1XXXXXXXXXXX1X,CDR2,1,discontinuous,15,18,NAGIDGGSTD,10,XX191X101X2X1X91X92X95X3X,280-281-473-371-368-366-458-365-461-457,G,121,47,BN
4LSS_1,H,HFR3,RVY,3,1-1,0-0,71-72A-72B,XXX,FR3,0,continuous,3,5,DVT,3,X61X306X,368-430-123,G,129,119,BN
4LSS_1,H,CDR-H3,DYNW,4,1-1-1,0-0-0,99-100-100A-100B,XXXX,CDR3,0,continuous,4,5,KKAN,4,X184XXX,97-282-281-280,G,163,156,BN
4LSQ_1,L,LFR1,DQ,2,2,1,1-3,X1X,FR1,1,discontinuous,3,3,KE,2,X102X,357-460,G,NA,NA,BN
4LSQ_1,L,CDR-L1,RD,2,5,4,27-32,X4X,CDR1,1,discontinuous,3,3,KN,2,X80X,357-276,G,NA,NA,BN
4LSQ_1,L,CDR-L3,QYET,4,1-5-1,0-4-0,90-91-96-97,XX4XX,CDR3,1,discontinuous,5,5,TNE,3,X1X179X,278-280-460,G,56,74,BN
4LSQ_1,H,HFR1,P,1,NA,NA,30,X,FR1,0,continuous,1,1,K,1,X,476,G,NA,NA,BN
4LSQ_1,H,CDR-H1,FH,2,2,1,33-35,X1X,CDR1,1,discontinuous,3,1,A,1,X,281,G,NA,NA,BN
4LSQ_1,H,HFR2,W,1,NA,NA,47,X,FR2,0,continuous,1,1,N,1,X,280,G,NA,NA,BN
4LSQ_1,H,CDR-H2,WNTNGAVNYAWY,12,2-1-1-1-1-1-1-1-1-1-1,1-0-0-0-0-0-0-0-0-0-0,50-52-53-54-55-56-57-58-59-60-61-62,X1XXXXXXXXXXX,CDR2,1,discontinuous,13,19,NNGGISDGNG,10,X193X44X42X100X5X91X90X96X3X,280-474-429-472-371-365-457-366-463-459,G,73,28,BN
4LSQ_1,H,HFR3,RRS,3,1-1,0-0,71-72A-72B,XXX,FR3,0,continuous,3,3,GG,2,X242X,367-124,G,68,NA,BN
4LSQ_1,H,CDR-H3,RSEW,4,1-1-1,0-0-0,100-100A-100B-100C,XXXX,CDR3,0,continuous,4,3,KD,2,X2X,282-279,G,172,NA,BN
2OQJ_1,L,LFR1,V,1,NA,NA,2,X,FR1,0,continuous,1,1,M,1,X,10,I,NA,NA,BN
2OQJ_1,L,CDR-L1,SIEW,4,1-1-2,0-0-1,28-29-30-32,XXX1X,CDR1,1,discontinuous,5,2,MR,2,XX,10-11,I,148,NA,BN
2OQJ_1,L,CDR-L3,HAGYS,5,2-1-1-1,1-0-0-0,90-92-93-94-95,X1XXXX,CDR3,1,discontinuous,6,9,MLGPA,5,X1X4X9X1X,10-8-13-3-1,I,58,110,BN
2OQJ_1,H,CDR-H2,YD,2,2,1,56-58,X1X,CDR2,1,discontinuous,3,2,CA,2,XX,2-1,I,NA,NA,BN
2OQJ_1,H,CDR-H3,DN,2,1,0,100B-100C,XX,CDR3,0,continuous,2,3,TS,2,X1X,14-12,I,NA,NA,BN
4LSU_1,L,CDR-L3,FEF,3,5-1,4-0,91-96-97,X4XX,CDR3,1,discontinuous,4,5,TGA,3,X179X1X,278-458-460,G,83,103,BN
4LSU_1,H,HFR1,S,1,NA,NA,30,X,FR1,0,continuous,1,1,T,1,X,430,G,NA,NA,BN
4LSU_1,H,CDR-H1,F,1,NA,NA,33,X,CDR1,0,continuous,1,1,A,1,X,281,G,NA,NA,BN
4LSU_1,H,HFR2,W,1,NA,NA,47,X,FR2,0,continuous,1,1,N,1,X,280,G,NA,NA,BN
4LSU_1,H,CDR-H2,WNQWGQVNYARTQ,13,2-1-1-1-1-1-1-1-1-1-1-2,1-0-0-0-0-0-0-0-0-0-0-1,50-52-53-54-55-56-57-58-59-60-61-62-64,X1XXXXXXXXXXX1X,CDR2,1,discontinuous,15,19,NGNGISDGEAR,11,X192XX106X3X5X91XX7X5X8X,280-473-474-367-371-365-457-458-466-460-469,G,114,124,BN
4LSU_1,H,HFR3,RVY,3,1-1,0-0,71-72A-72B,XXX,FR3,0,continuous,3,3,DT,2,X61X,368-430,G,137,NA,BN
4LSU_1,H,CDR-H3,DEW,3,2-1,1-0,100-100B-100C,X1XX,CDR3,1,discontinuous,4,3,KN,2,X2X,282-279,G,116,NA,BN
4JPW_1,L,LFR1,DI,2,1,0,1-2,XX,FR1,0,continuous,2,3,AT,2,X181X,460-278,G,NA,NA,BN
4JPW_1,L,CDR-L1,QS,2,5,4,27-32,X4X,CDR1,1,discontinuous,3,3,TN,2,X1X,278-276,G,NA,NA,BN
4JPW_1,L,CDR-L3,FQW,3,5-1,4-0,91-96-97,X4XX,CDR3,1,discontinuous,4,3,NG,2,X182X,276-459,G,89,NA,BN
4JPW_1,H,HFR1,T,1,NA,NA,30,X,FR1,0,continuous,1,1,G,1,X,429,G,NA,NA,BN
4JPW_1,H,CDR-H1,H,1,NA,NA,35,X,CDR1,0,continuous,1,1,A,1,X,281,G,NA,NA,BN
4JPW_1,H,HFR2,W,1,NA,NA,47,X,FR2,0,continuous,1,1,N,1,X,280,G,NA,NA,BN
4JPW_1,H,CDR-H2,LKVFGAVNYARQQ,13,2-1-1-1-1-1-1-1-1-1-1-2,1-0-0-0-0-0-0-0-0-0-0-1,50-52-53-54-55-56-57-58-59-60-61-62-64,X1XXXXXXXXXXX1X,CDR2,1,discontinuous,15,23,NTGWIGSDGGTG,12,X2X189X45X55X100X106X91X90X91X8X7X,280-283-473-427-371-472-365-457-366-458-467-459,G,110,31,BN
4JPW_1,H,HFR3,RIY,3,1-1,0-0,71-72A-72B,XXX,FR3,0,continuous,3,3,DG,2,X62X,368-431,G,118,NA,BN
4JPW_1,H,CDR-H3,DDLKW,5,1-1-1-1,0-0-0-0,99-100-100A-100B-100C,XXXXX,CDR3,0,continuous,5,3,KN,2,X2X,282-279,G,127,NA,BN
4LSP_1,L,LFR1,DIQ,3,1-1,0-0,1-2-3,XXX,FR1,0,continuous,3,3,GN,2,X1X,459-461,G,83,NA,BN
4LSP_1,L,CDR-L1,RID,3,2-3,1-2,27-29-32,X1X2X,CDR1,1,discontinuous,5,5,NTN,3,X75X1X,354-278-276,G,131,135,BN
4LSP_1,L,CDR-L3,QYET,4,1-5-1,0-4-0,90-91-96-97,XX4XX,CDR3,1,discontinuous,5,6,TNAN,4,X1X179XX,278-280-460-461,G,61,104,BN
4LSP_1,L,LFR4,F,1,NA,NA,98,X,FR4,0,continuous,1,1,A,1,X,460,G,NA,NA,BN
4LSP_1,H,CDR-H1,PFH,3,2-2,1-1,31-33-35,X1X1X,CDR1,1,discontinuous,5,5,KGA,3,X2X191X,476-473-281,G,137,118,BN
4LSP_1,H,HFR2,W,1,NA,NA,47,X,FR2,0,continuous,1,1,A,1,X,460,G,NA,NA,BN
4LSP_1,H,CDR-H2,WNTNGAVNYAWY,12,2-1-1-1-1-1-1-1-1-1-1,1-0-0-0-0-0-0-0-0-0-0,50-52-53-54-55-56-57-58-59-60-61-62,X1XXXXXXXXXXX,CDR2,1,discontinuous,13,17,TGGIGGRGGN,10,X17X43X57X3XX89X1XX1X,455-473-429-371-367-366-456-458-459-461,G,70,62,BN
4LSP_1,H,HFR3,RRM,3,1-2,0-1,71-72A-72C,XX1X,FR3,1,discontinuous,4,3,DQ,2,X63X,368-432,G,36,NA,BN
4LSP_1,H,CDR-H3,REW,3,2-1,1-0,100-100B-100C,X1XX,CDR3,1,discontinuous,4,3,KAN,3,XXX,282-281-280,G,165,118,BN
4J6R_1,L,LFR1,EIV,3,1-1,0-0,1-2-3,XXX,FR1,0,continuous,3,5,ETK,3,X187X181X,466-278-460,G,75,68,BN
4J6R_1,L,CDR-L1,QD,2,5,4,27-32,X4X,CDR1,1,discontinuous,3,3,TN,2,X1X,278-276,G,NA,NA,BN
4J6R_1,L,CDR-L3,YET,3,5-1,4-0,91-96-97,X4XX,CDR3,1,discontinuous,4,4,TGK,3,X180XX,278-459-460,G,88,124,BN
4J6R_1,L,LFR4,F,1,NA,NA,98,X,FR4,0,continuous,1,1,K,1,X,460,G,NA,NA,BN
4J6R_1,H,HFR1,T,1,NA,NA,30,X,FR1,0,continuous,1,1,A,1,X,430,G,NA,NA,BN
4J6R_1,H,CDR-H1,VQ,2,2,1,33-35,X1X,CDR1,1,discontinuous,3,1,A,1,X,281,G,NA,NA,BN
4J6R_1,H,HFR2,RPEW,4,1-1-1,0-0-0,44-45-46-47,XXXX,FR2,0,continuous,4,3,KD,2,X2X,460-457,G,124,NA,BN
4J6R_1,H,CDR-H2,WKERGAVSYAPQQ,13,2-1-1-1-1-1-1-1-1-1-1-2,1-0-0-0-0-0-0-0-0-0-0-1,50-52-53-54-55-56-57-58-59-60-61-62-64,X1XXXXXXXXXXX1X,CDR2,1,discontinuous,15,18,AIRGITSGGD,10,X1X192X2X101X83X89X92XX1X,281-283-476-473-371-455-365-458-459-457,G,112,78,BN
4J6R_1,H,HFR3,RLY,3,1-1,0-0,71-72A-72B,XXX,FR3,0,continuous,3,5,DAL,3,X61X307X,368-430-122,G,122,93,BN
4J6R_1,H,CDR-H3,RDSW,4,1-1-1,0-0-0,98-99-100A-100B,XXXX,CDR3,0,continuous,4,6,DKNN,4,X376X181XX,474-97-279-280,G,140,84,BN
3U2S_1,H,CDR-H1,R,1,NA,NA,31,X,CDR1,0,continuous,1,1,R,1,X,168,G,NA,NA,BN
3U2S_1,H,CDR-H2,K,1,NA,NA,52,X,CDR2,0,continuous,1,1,K,1,X,171,G,NA,NA,BN
3U2S_1,H,CDR-H3,RGYNDFYDGYY,11,2-1-1-1-1-1-1-1-1-1,1-0-0-0-0-0-0-0-0-0,100B-100D-100E-100F-100G-100H-100I-100J-100K-100L-100M,X1XXXXXXXXXX,CDR3,1,discontinuous,12,9,GDRKQN,6,X72XX2XX9X,240-167-168-171-170-160,G,69,26,BN
4LSR_1,L,LFR1,DIQ,3,1-1,0-0,1-2-3,XXX,FR1,0,continuous,3,5,ENN,3,X8X2X,469-460-463,G,103,117,BN
4LSR_1,L,CDR-L1,RD,2,5,4,27-32,X4X,CDR1,1,discontinuous,3,3,NN,2,X77X,354-276,G,NA,NA,BN
4LSR_1,L,CDR-L3,QYET,4,1-5-1,0-4-0,90-91-96-97,XX4XX,CDR3,1,discontinuous,5,7,SNNN,4,X1X3X179X,278-276-280-460,G,60,53,BN
4LSR_1,L,LFR4,Q,1,NA,NA,100,X,FR4,0,continuous,1,1,N,1,X,463,G,NA,NA,BN
4LSR_1,H,HFR1,A,1,NA,NA,30,X,FR1,0,continuous,1,1,K,1,X,479,G,NA,NA,BN
4LSR_1,H,CDR-H1,PF,2,2,1,31-33,X1X,CDR1,1,discontinuous,3,3,NA,2,X195X,477-281,G,NA,NA,BN
4LSR_1,H,HFR2,EW,2,1,0,46-47,XX,FR2,0,continuous,2,3,TG,2,X2X,461-458,G,NA,NA,BN
4LSR_1,H,CDR-H2,WTNGAVNYAWY,11,3-1-1-1-1-1-1-1-1-1,2-0-0-0-0-0-0-0-0-0,50-53-54-55-56-57-58-59-60-61-62,X2XXXXXXXXXX,CDR2,1,discontinuous,12,18,ADNGIDSGGT,10,X86X108X109X3X85X91X92XX1X,281-368-477-367-371-457-365-458-459-461,G,81,64,BN
4LSR_1,H,HFR3,RRM,3,1-2,0-1,71-72A-72C,XX1X,FR3,1,discontinuous,4,5,DQT,3,X63X1X,368-432-430,G,41,79,BN
4LSR_1,H,CDR-H3,REW,3,2-1,1-0,100-100B-100C,X1XX,CDR3,1,discontinuous,4,3,KD,2,X2X,282-279,G,98,NA,BN
3TYG_1,H,CDR-H1,C,1,NA,NA,31A,X,CDR1,0,continuous,1,1,I,1,X,112,A,NA,NA,BN
3TYG_1,H,CDR-H2,AYW,3,2-1,1-0,52C-52E-52F,X1XX,CDR2,1,discontinuous,4,4,NND,3,XX10X,104-103-114,A,69,78,BN
3TYG_1,H,CDR-H3,LRYTD,5,1-1-1-1,0-0-0-0,100-100A-100B-100C-100D,XXXXX,CDR3,0,continuous,5,5,IGID,4,XX1XX,112-113-115-114,A,155,118,BN
4DQO_1,H,CDR-H3,WDDVKYDFNDGY,12,2-1-1-1-1-1-1-1-1-1-2,1-0-0-0-0-0-0-0-0-0-1,100A-100C-100D-100E-100F-100G-100H-100I-100J-100K-100L-100N,X1XXXXXXXXXX1X,CDR3,1,discontinuous,14,11,DDKQKSV,7,X55X53XXX12X13X,167-223-169-170-171-158-172,C,91,130,BN
3U7Y_1,L,LFR1,V,1,NA,NA,3,X,FR1,0,continuous,1,1,N,1,X,461,G,NA,NA,BN
3U7Y_1,L,CDR-L3,YEF,3,5-1,4-0,91-96-97,X4XX,CDR3,1,discontinuous,4,4,TGG,3,X179XX,278-458-459,G,89,97,BN
3U7Y_1,H,HFR1,L,1,NA,NA,30,X,FR1,0,continuous,1,1,G,1,X,429,G,NA,NA,BN
3U7Y_1,H,HFR2,W,1,NA,NA,47,X,FR2,0,continuous,1,1,N,1,X,280,G,NA,NA,BN
3U7Y_1,H,CDR-H2,WKRGGAVNYARQ,12,2-1-1-1-1-1-1-1-1-1-3,1-0-0-0-0-0-0-0-0-0-2,50-52-53-54-55-56-57-58-59-60-61-64,X1XXXXXXXXXX2X,CDR2,1,discontinuous,14,17,NGGIGSGGTD,10,X192X43X57X4XX92XX3X5X,280-473-429-371-366-365-458-459-463-457,G,99,58,BN
3U7Y_1,H,HFR3,RVY,3,1-1,0-0,71-72A-72B,XXX,FR3,0,continuous,3,3,DT,2,X61X,368-430,G,132,NA,BN
3U7Y_1,H,CDR-H3,YARDYYNW,8,3-1-1-1-1-1-1,2-0-0-0-0-0-0,97-100-100A-100B-100C-100D-100E-100F,X2XXXXXXX,CDR3,1,discontinuous,9,12,KKNKNAN,7,X378X376X182X2X1XX,97-476-99-282-279-281-280,G,88,140,BN
4LST_1,L,LFR1,EI,2,1,0,1-2,XX,FR1,0,continuous,2,1,N,1,X,460,G,NA,NA,BN
4LST_1,L,CDR-L1,Y,1,NA,NA,28,X,CDR1,0,continuous,1,1,N,1,X,276,G,NA,NA,BN
4LST_1,L,CDR-L3,YEF,3,5-1,4-0,91-96-97,X4XX,CDR3,1,discontinuous,4,4,DGG,3,X178XX,279-458-459,G,96,109,BN
4LST_1,H,HFR1,I,1,NA,NA,30,X,FR1,0,continuous,1,1,V,1,X,430,G,NA,NA,BN
4LST_1,H,CDR-H1,D,1,NA,NA,31,X,CDR1,0,continuous,1,1,R,1,X,476,G,NA,NA,BN
4LST_1,H,HFR2,W,1,NA,NA,47,X,FR2,0,continuous,1,1,G,1,X,459,G,NA,NA,BN
4LST_1,H,CDR-H2,WKRGGAVNYARPQ,13,2-1-1-1-1-1-1-1-1-1-1-2,1-0-0-0-0-0-0-0-0-0-0-1,50-52-53-54-55-56-57-58-59-60-61-62-64,X1XXXXXXXXXXX1X,CDR2,1,discontinuous,15,19,NTRGGISGGDD,11,X2X192X108XX4X5X92XX1X3X,280-283-476-367-366-371-365-458-459-461-457,G,120,59,BN
4LST_1,H,HFR3,RVY,3,1-1,0-0,71-72A-72B,XXX,FR3,0,continuous,3,5,DVR,3,X61X1X,368-430-432,G,127,55,BN
4LST_1,H,CDR-H3,DYNW,4,1-1-1,0-0-0,99-100-100A-100B,XXXX,CDR3,0,continuous,4,6,KKAD,4,X184XX1X,97-282-281-279,G,165,100,BN
3IDG_1,L,CDR-L1,TA,2,2,1,30-32,X1X,CDR1,1,discontinuous,3,1,D,1,X,6,C,NA,NA,BN
3IDG_1,L,CDR-L3,LHFYH,5,1-1-1-2,0-0-0-1,91-92-93-94-96,XXXX1X,CDR3,1,discontinuous,6,5,DDLA,4,X2XXX,6-3-2-1,C,40,145,BN
3IDG_1,H,CDR-H1,FG,2,1,0,31A-31B,XX,CDR1,0,continuous,2,1,W,1,X,5,C,NA,NA,BN
3IDG_1,H,CDR-H2,YDD,3,2-2,1-1,52-54-56,X1X1X,CDR2,1,discontinuous,5,2,DK,2,XX,3-4,C,50,NA,BN
3IDG_1,H,CDR-H3,RRGPRVN,7,1-1-1-2-3-1,0-0-0-1-2-0,95-96-97-98-100H-100K-100L,XXXX1X2XX,CDR3,1,discontinuous,9,4,DWD,3,X1XX,3-5-6,C,67,44,BN
4JM2_2,L,CDR-L2,E,1,NA,NA,50,X,CDR2,0,continuous,1,1,E,1,X,409,E,NA,NA,BN
4JM2_2,H,CDR-H1,EW,2,1,0,31B-31C,XX,CDR1,0,continuous,2,1,R,1,X,419,E,NA,NA,BN
4JM2_2,H,CDR-H2,R,1,NA,NA,54,X,CDR2,0,continuous,1,1,Q,1,X,328,E,NA,NA,BN
4JM2_2,H,CDR-H3,HVFL,4,2-1-2,1-0-1,98-100-100A-100C,X1XX1X,CDR3,1,discontinuous,6,5,EQT,3,X19X25X,409-389-415,E,119,88,BN
3D0L_1,L,LFR1,AL,2,1,0,1-2,XX,FR1,0,continuous,2,1,L,1,X,2,C,NA,NA,BN
3D0L_1,L,CDR-L1,QS,2,4,3,27-31,X3X,CDR1,1,discontinuous,3,3,LW,2,X8X,2-11,C,NA,NA,BN
3D0L_1,L,CDR-L2,D,1,NA,NA,50,X,CDR2,0,continuous,1,1,W,1,X,11,C,NA,NA,BN
3D0L_1,L,CDR-L3,LHFYPH,6,1-1-1-1-1,0-0-0-0-0,91-92-93-94-95-96,XXXXXX,CDR3,0,continuous,6,4,DLL,3,XX1X,5-4-2,C,45,116,BN
3D0L_1,H,CDR-H1,FG,2,1,0,31A-31B,XX,CDR1,0,continuous,2,1,W,1,X,7,C,NA,NA,BN
3D0L_1,H,CDR-H2,YDDR,4,2-2-2,1-1-1,52-54-56-58,X1X1X1X,CDR2,1,discontinuous,7,3,KE,2,X2X,6-3,C,68,NA,BN
3D0L_1,H,CDR-H3,RRGPRGVN,8,1-1-1-2-1-2-1,0-0-0-1-0-1-0,95-96-97-98-100A-100B-100D-100E,XXXX1XX1XX,CDR3,1,discontinuous,10,5,KWLW,4,XX2XX,6-7-10-11,C,66,138,BN
3H3P_1,L,CDR-L1,K,1,NA,NA,32,X,CDR1,0,continuous,1,1,F,1,X,48,S,NA,NA,BN
3H3P_1,L,CDR-L3,YGQSLS,6,1-1-1-1-1,0-0-0-0-0,91-92-93-94-95-96,XXXXXX,CDR3,0,continuous,6,4,FNP,3,X1XX,48-46-45,S,66,153,BN
3H3P_1,H,CDR-H1,TYALS,5,1-1-1-1,0-0-0-0,31-32-33-34-35,XXXXX,CDR1,0,continuous,5,5,LWWF,4,XX7XX,54-55-47-48,S,159,151,BN
3H3P_1,H,HFR2,W,1,NA,NA,47,X,FR2,0,continuous,1,1,F,1,X,48,S,NA,NA,BN
3H3P_1,H,CDR-H2,GVILITN,7,1-1-1-3-1-1,0-0-0-2-0-0,50-51-52-53-56-57-58,XXXX2XXX,CDR2,1,discontinuous,8,3,WL,2,X6X,47-54,S,34,NA,BN
3H3P_1,H,CDR-H3,ELGKPGF,7,5-1-1-1-2-2,4-0-0-0-1-1,95-100A-100B-100C-100D-100F-100H,X4XXXX1X1X,CDR3,1,discontinuous,10,3,FW,2,X6X,48-55,S,21,NA,BN
4OLU_1,L,CDR-L1,Q,1,NA,NA,27,X,CDR1,0,continuous,1,1,T,1,X,278,G,NA,NA,BN
4OLU_1,L,CDR-L3,YEF,3,5-1,4-0,91-96-97,X4XX,CDR3,1,discontinuous,4,5,TGA,3,X179X1X,278-458-460,G,83,98,BN
4OLU_1,H,HFR2,W,1,NA,NA,47,X,FR2,0,continuous,1,1,N,1,X,280,G,NA,NA,BN
4OLU_1,H,CDR-H2,WKRGGAVSYARQQ,13,2-1-1-1-1-1-1-1-1-1-1-2,1-0-0-0-0-0-0-0-0-0-0-1,50-52-53-54-55-56-57-58-59-60-61-62-64,X1XXXXXXXXXXX1X,CDR2,1,discontinuous,15,17,AGWGGDSGGR,10,X190X44X59XX90X91X92XX9X,281-472-427-367-366-457-365-458-459-469,G,122,112,BN
4OLU_1,H,HFR3,R,1,NA,NA,71,X,FR3,0,continuous,1,1,D,1,X,368,G,NA,NA,BN
4OLU_1,H,CDR-H3,ARDYYNW,7,1-1-1-1-1-1,0-0-0-0-0-0,100-100A-100B-100C-100D-100E-100F,XXXXXXX,CDR3,0,continuous,7,9,KEKAN,5,X373X4X183X1X,476-102-97-281-279,G,151,128,BN
4M1D_1,L,CDR-L1,Y,1,NA,NA,32,X,CDR1,0,continuous,1,1,I,1,X,309,P,NA,NA,BN
4M1D_1,L,CDR-L3,WAW,3,4-1,3-0,91-95B-96,X3XX,CDR3,1,discontinuous,4,1,P,1,X,313,P,53,NA,BN
4M1D_1,H,CDR-H1,W,1,NA,NA,33,X,CDR1,0,continuous,1,1,P,1,X,313,P,NA,NA,BN
4M1D_1,H,CDR-H2,RKD,3,2-1,1-0,50-52-53,X1XX,CDR2,1,discontinuous,4,2,GR,2,XX,314-315,P,153,NA,BN
4M1D_1,H,CDR-H3,DSEDYYYY,8,5-1-1-1-1-1-1,4-0-0-0-0-0-0,95-100D-100E-100F-100G-100H-100I-100J,X4XXXXXXX,CDR3,1,discontinuous,9,8,RCIIH,5,X9X1X1XX,315-305-307-309-308,P,8,10,BN
3DRQ_1,L,LFR1,AL,2,1,0,1-2,XX,FR1,0,continuous,2,1,L,1,X,2,C,NA,NA,BN
3DRQ_1,L,CDR-L1,Q,1,NA,NA,27,X,CDR1,0,continuous,1,1,L,1,X,2,C,NA,NA,BN
3DRQ_1,L,CDR-L3,LHFYH,5,1-1-1-2,0-0-0-1,91-92-93-94-96,XXXX1X,CDR3,1,discontinuous,6,4,DEL,3,X1XX,5-3-2,C,43,106,BN
3DRQ_1,H,CDR-H1,FG,2,1,0,31A-31B,XX,CDR1,0,continuous,2,1,W,1,X,7,C,NA,NA,BN
3DRQ_1,H,CDR-H2,YDDR,4,2-2-2,1-1-1,52-54-56-58,X1X1X1X,CDR2,1,discontinuous,7,4,DKE,3,XX2X,5-6-3,C,65,47,BN
3DRQ_1,H,CDR-H3,RRGPVN,6,1-1-1-2-1,0-0-0-1-0,95-96-97-98-100B-100C,XXXX1XX,CDR3,1,discontinuous,7,3,DW,2,X1X,5-7,C,63,NA,BN
2CMR_1,L,CDR-L1,YHW,3,1-1,0-0,30-31-32,XXX,CDR1,0,continuous,3,5,RSN,3,X6X3X,143-150-146,A,59,33,BN
2CMR_1,L,CDR-L2,K,1,NA,NA,50,X,CDR2,0,continuous,1,1,H,1,X,153,A,NA,NA,BN
2CMR_1,L,CDR-L3,YSNY,4,1-1-1,0-0-0,91-92-93-94,XXXX,CDR3,0,continuous,4,5,WKD,3,X2X66X,206-209-142,A,73,121,BN
2CMR_1,H,HFR1,S,1,NA,NA,30,X,FR1,0,continuous,1,1,L,1,X,203,A,NA,NA,BN
2CMR_1,H,CDR-H1,SYA,3,1-1,0-0,31-32-33,XXX,CDR1,0,continuous,3,1,L,1,X,203,A,110,NA,BN
2CMR_1,H,CDR-H2,GIIIFGTAN,9,1-1-1-1-1-1-1-1,0-0-0-0-0-0-0-0,50-51-52-53-54-55-56-57-58,XXXXXXXXX,CDR2,0,continuous,9,14,QLLTQIRA,8,X6X2X3X167X3X181XX,210-203-200-204-36-32-214-213,A,33,26,BN
2CMR_1,H,HFR3,E,1,NA,NA,72A,X,FR3,0,continuous,1,1,K,1,X,33,A,NA,NA,BN
2CMR_1,H,CDR-H3,DNPTL,5,1-1-1-2,0-0-0-1,95-96-97-98-100,XXXX1X,CDR3,1,discontinuous,6,7,WHEH,4,X6X3X41X,206-199-195-153,A,73,73,BN
4JAN_1,L,CDR-L1,TN,2,1,0,31-32,XX,CDR1,0,continuous,2,3,RD,2,X11X,469-457,G,NA,NA,BN
4JAN_1,L,CDR-L2,ENYK,4,1-1-1,0-0-0,50-51-52-53,XXXX,CDR2,0,continuous,4,6,AGGD,4,X176XX179X,281-458-459-279,G,51,32,BN
4JAN_1,L,LFR3,SKSG,4,1-1-1,0-0-0,65-66-67-68,XXXX,FR3,0,continuous,4,4,NDN,3,X1XX,460-462-463,G,167,119,BN
4JAN_1,L,CDR-L3,W,1,NA,NA,91,X,CDR3,0,continuous,1,1,R,1,X,469,G,NA,NA,BN
4JAN_1,H,CDR-H1,Y,1,NA,NA,33,X,CDR1,0,continuous,1,1,G,1,X,366,G,NA,NA,BN
4JAN_1,H,CDR-H2,YFTEN,5,2-2-2-2,1-1-1-1,50-52-54-56-58,X1X1X1X1X,CDR2,1,discontinuous,9,5,DEG,3,X1X2X,368-370-367,G,28,7,BN
4JAN_1,H,CDR-H3,RGQLVN,6,1-1-1-1-1,0-0-0-0-0,97-98-99-100-100A-100B,XXXXXX,CDR3,0,continuous,6,9,DSIDN,5,X2X5X85X176X,368-365-371-457-280,G,136,140,BN
3SE9_1,L,LFR1,EIV,3,1-1,0-0,1-2-3,XXX,FR1,0,continuous,3,2,NN,2,XX,462-461,G,86,NA,BN
3SE9_1,L,CDR-L1,SY,2,1,0,27-28,XX,CDR1,0,continuous,2,1,T,1,X,278,G,NA,NA,BN
3SE9_1,L,CDR-L3,LEF,3,5-1,4-0,91-96-97,X4XX,CDR3,1,discontinuous,4,3,NN,2,X180X,280-461,G,93,NA,BN
3SE9_1,H,CDR-H1,ELH,3,1-2,0-1,32-33-35,XX1X,CDR1,1,discontinuous,4,2,KA,2,XX,282-281,G,152,NA,BN
3SE9_1,H,HFR2,W,1,NA,NA,47,X,FR2,0,continuous,1,1,G,1,X,459,G,NA,NA,BN
3SE9_1,H,CDR-H2,WKVTGAVNFGSPR,13,2-2-1-1-1-1-1-1-1-1-1-3,1-1-0-0-0-0-0-0-0-0-0-2,50-52-52B-53-54-55-56-57-58-59-60-61-64,X1X1XXXXXXXXXX2X,CDR2,1,discontinuous,16,17,NTGGGDSAGG,10,X174X25X61XX1X2X83X177XX,280-455-429-367-366-368-365-281-459-458,G,127,28,BN
3SE9_1,H,HFR3,RRD,3,1-1,0-0,71-72A-72B,XXX,FR3,0,continuous,3,5,GGG,3,X63X232X,367-431-198,G,99,117,BN
3SE9_1,H,CDR-H3,YTGGGW,6,1-1-1-2-1,0-0-0-1-0,98-99-100-100A-100C-100D,XXXX1XX,CDR3,1,discontinuous,7,7,KKNA,4,X184X178X4X,282-97-276-281,G,112,10,BN
3BQU_1,H,CDR-H1,F,1,NA,NA,31A,X,CDR1,0,continuous,1,1,Y,1,X,67,C,NA,NA,BN
3BQU_1,H,CDR-H2,DDR,3,2-2,1-1,54-56-58,X1X1X,CDR2,1,discontinuous,5,3,DD,2,X19X,30-50,C,158,NA,BN
3BQU_1,H,CDR-H3,P,1,NA,NA,100E,X,CDR3,0,continuous,1,1,Y,1,X,67,C,NA,NA,BN
