"source","target","weight"
"X","X*",1401
"X11XX","XX*",1
"X12X","X1X*",1
"X1X","X*",90
"X1X","X102X*",1
"X1X","X103X*",2
"X1X","X108X*",1
"X1X","X109X*",1
"X1X","X10X*",4
"X1X","X113X*",1
"X1X","X11X*",1
"X1X","X127X*",1
"X1X","X13X*",1
"X1X","X14X*",2
"X1X","X170X*",1
"X1X","X18X*",1
"X1X","X194X*",1
"X1X","X195X*",1
"X1X","X196X*",1
"X1X","X1X*",35
"X1X","X216X*",1
"X1X","X21X*",1
"X1X","X24X*",3
"X1X","X26X*",2
"X1X","X27X*",1
"X1X","X28X*",1
"X1X","X2X*",23
"X1X","X30X*",1
"X1X","X33X*",1
"X1X","X34X*",1
"X1X","X36X*",4
"X1X","X37X*",2
"X1X","X3X*",13
"X1X","X40X*",4
"X1X","X41X*",2
"X1X","X44X*",1
"X1X","X47X*",2
"X1X","X48X*",1
"X1X","X49X*",1
"X1X","X4X*",5
"X1X","X50X*",1
"X1X","X55X*",2
"X1X","X5X*",2
"X1X","X62X*",1
"X1X","X65X*",1
"X1X","X66X*",1
"X1X","X67X*",1
"X1X","X6X*",4
"X1X","X73X*",1
"X1X","X78X*",1
"X1X","X7X*",3
"X1X","X84X*",1
"X1X","X89X*",1
"X1X","X91X*",1
"X1X","X93X*",1
"X1X","X94X*",1
"X1X","X9X*",1
"X1X","XX*",39
"X1X1X","X*",8
"X1X1X","X10X7X*",1
"X1X1X","X145X*",1
"X1X1X","X14X12X*",1
"X1X1X","X155X5X*",1
"X1X1X","X16X143X*",1
"X1X1X","X16X9X*",1
"X1X1X","X19X*",1
"X1X1X","X1X*",4
"X1X1X","X222X*",1
"X1X1X","X236X*",1
"X1X1X","X23X24X*",1
"X1X1X","X29X16X*",1
"X1X1X","X29XX*",1
"X1X1X","X2X*",3
"X1X1X","X2X191X*",1
"X1X1X","X2XX*",1
"X1X1X","X369X3X*",1
"X1X1X","X3X*",1
"X1X1X","X3X1X*",1
"X1X1X","X3X7X*",1
"X1X1X","X3XX*",2
"X1X1X","X46X1X*",1
"X1X1X","X47X*",1
"X1X1X","X4X5X*",1
"X1X1X","X5X1X*",1
"X1X1X","X6X*",2
"X1X1X","X7X*",3
"X1X1X","X82X*",1
"X1X1X","XX*",6
"X1X1X","XX144X*",1
"X1X1X","XX3X*",1
"X1X1X1X","X*",1
"X1X1X1X","X1X*",1
"X1X1X1X","X1XX*",1
"X1X1X1X","X26X3X*",1
"X1X1X1X","X2X*",4
"X1X1X1X","X2X1X*",1
"X1X1X1X","X2XX*",1
"X1X1X1X","X3X*",2
"X1X1X1X","X3X1X8X*",1
"X1X1X1X","X4X1X*",1
"X1X1X1X","X7X*",1
"X1X1X1X","X89X2X*",1
"X1X1X1X","X9X6X*",1
"X1X1X1X","XX*",4
"X1X1X1X","XX1X*",3
"X1X1X1X","XX2X*",1
"X1X1X1X","XXX*",1
"X1X1X1X1X","X*",1
"X1X1X1X1X","X12XX*",1
"X1X1X1X1X","X1X*",1
"X1X1X1X1X","X1X12X*",2
"X1X1X1X1X","X1X2X*",1
"X1X1X1X1X","X2X2X1X*",1
"X1X1X1X1X","X2XX*",1
"X1X1X1X1X","X2XX2X*",2
"X1X1X1X1X","X2XXX*",1
"X1X1X1X1X","X3X2X*",1
"X1X1X1X1X","X3X2XX*",1
"X1X1X1X1X","X42X1X13X*",1
"X1X1X1X1X","X4X46X*",1
"X1X1X1X1X","X4X9X*",1
"X1X1X1X1X","X6X1X65X*",1
"X1X1X1X1X","X6X7X*",1
"X1X1X1X1X","X7X1X*",1
"X1X1X1X1X","XX*",1
"X1X1X1X1X","XX1X*",1
"X1X1X1X1X","XX2X1X*",1
"X1X1X1X1X","XX5X*",1
"X1X1X1X1X","XXX*",1
"X1X1X1XXX","X*",1
"X1X1X1XXX","X16X*",1
"X1X1X1XXX","X1X12X*",1
"X1X1X1XXX","X2X3X140X*",1
"X1X1X1XXX","X32X1XX*",1
"X1X1X1XXX","X3X9XX*",1
"X1X1X1XXX","X59XX1XX*",1
"X1X1X1XXX","XX*",1
"X1X1X1XXX","XX6XX*",1
"X1X1X1XXXX1X2X","X75X88X6X2XX*",1
"X1X1X1XXXX2X","X22X24X23X1X*",1
"X1X1X1XXXX4X","X25X26X99X95X*",1
"X1X1X2XX2X2XX","X1XX29X86X174X89X91X*",1
"X1X1XX","X166X163XX*",1
"X1X1XX","X1X5X*",1
"X1X1XX","X1XX*",1
"X1X1XX","X2XX*",1
"X1X1XX","X32X2X*",1
"X1X1XX","XX3XX*",1
"X1X1XX1X","X*",1
"X1X1XX1X","X11X19X*",1
"X1X1XX1X2X","X3X43X2XX*",1
"X1X1XX2X","X1XX9X*",1
"X1X1XX2X","X2XX*",1
"X1X1XX2X1XXX","X85X89X86X42XX2X*",1
"X1X1XX2XX","XX5X2X30X*",1
"X1X1XXX","X*",1
"X1X1XXX","X1X16X*",1
"X1X1XXX","X2X4X9X*",1
"X1X1XXX","X3X17XXX*",1
"X1X1XXX","X6X1X7X*",1
"X1X1XXX","X7X*",1
"X1X1XXX","XX*",1
"X1X1XXX","XX11X1X*",1
"X1X1XXX","XX26X*",1
"X1X1XXX","XX63X*",1
"X1X1XXX","XXX*",1
"X1X1XXX1X","X2X5X6X12X16X*",1
"X1X1XXX1X1X","X13X1X*",1
"X1X1XXX2X1X","X4X2X*",1
"X1X1XXXXX","X15X42X3X*",1
"X1X1XXXXX","X38X42XXX*",1
"X1X1XXXXX","X3XX1X3X*",1
"X1X1XXXXX","X4X1XX*",1
"X1X1XXXXX","X7X30X42X*",1
"X1X1XXXXXX1X","X29X33XX56X54X*",1
"X1X1XXXXXXXXXX2X","X174X25X61XX1X2X83X177XX*",1
"X1X20XXXXX1X","XXX33X113X78X*",1
"X1X2X","X1X*",2
"X1X2X","X1XX*",1
"X1X2X","X2X*",1
"X1X2X","X6X*",3
"X1X2X","X75X1X*",1
"X1X2X","X7X*",1
"X1X2X","X7XX*",1
"X1X2X","XX*",2
"X1X2X","XX1X*",1
"X1X2X1X","X1X*",3
"X1X2X1X","X6X5X*",1
"X1X2X1X","XX*",1
"X1X2XX","X2X*",1
"X1X2XX","X2X2X*",1
"X1X2XX2X1X","X1XX*",1
"X1X2XX2X1X","X2X*",3
"X1X2XX2X1X","X2X1X*",1
"X1X2XX2X1X","X2XX*",1
"X1X2XXX","X1X*",1
"X1X2XXX","X1XX3X*",1
"X1X2XXX1X1X","X2X2X1X6X*",1
"X1X2XXXX","X2X8X4X1X*",1
"X1X2XXXX","X46X76X*",1
"X1X2XXXX","X4X5X*",1
"X1X2XXXX","XX1X*",1
"X1X2XXXX1X","X1X26X21XX*",1
"X1X2XXXXX","X35X37X*",1
"X1X2XXXXXXXXXXX","X3X20X1X3XX*",1
"X1X3X1X","X2X*",1
"X1X3X1X","X2X4X*",1
"X1X3X1X","X38X1X*",1
"X1X3X1X","X3X2X1X*",1
"X1X3X1X","X3X3X44X*",1
"X1X3X1X","X4XXX*",1
"X1X3X1X","X56X58X*",1
"X1X3X1X","XX*",2
"X1X3X1X","XX2X*",1
"X1X3X1X","XXX*",1
"X1X3X1XX1X2X","X113X111X75XX*",1
"X1X3XX1X1X","X1X6X*",1
"X1X3XXX","X13XX2X*",1
"X1X3XXX","X40X*",1
"X1X3XXX","X5X4X*",1
"X1X3XXXXXX2X","X2X21X1XX2XX*",1
"X1X4X","X*",1
"X1X4X","XXX*",1
"X1X5X","X2X1X*",1
"X1X5X","X4X6X*",1
"X1X5XX1X","X6X34X*",1
"X1X6X1X","XX*",1
"X1X8X","X1X*",1
"X1XX","X*",2
"X1XX","X143X88X*",1
"X1XX","X144X*",1
"X1XX","X1X*",2
"X1XX","X1X1X*",1
"X1XX","X1X3X*",1
"X1XX","X1X4X*",1
"X1XX","X1XX*",2
"X1XX","X24X*",1
"X1XX","X25X*",1
"X1XX","X2X*",4
"X1XX","X2X1X*",1
"X1XX","X2X2X*",1
"X1XX","X2X34X*",1
"X1XX","X2X3X*",1
"X1XX","X30X1X*",1
"X1XX","X36X*",1
"X1XX","X3X*",2
"X1XX","X3XX*",1
"X1XX","X420X1X*",1
"X1XX","X4X1X*",1
"X1XX","X4X8X*",1
"X1XX","X50X6X*",1
"X1XX","X5X*",1
"X1XX","X61X231X*",1
"X1XX","X68X*",1
"X1XX","X6X*",2
"X1XX","X78X*",1
"X1XX","X78X74X*",1
"X1XX","X7X*",1
"X1XX","X7X3X*",1
"X1XX","XX*",4
"X1XX","XX10X*",1
"X1XX","XX2X*",2
"X1XX","XX4X*",1
"X1XX","XX62X*",1
"X1XX","XXX*",1
"X1XX1X","X*",2
"X1XX1X","X16X2X8X*",1
"X1XX1X","X19X25X*",1
"X1XX1X","X1X*",4
"X1XX1X","X1X14X*",1
"X1XX1X","X1X2X*",1
"X1XX1X","X2X*",1
"X1XX1X","X2X3X*",1
"X1XX1X","X39X35XX*",1
"X1XX1X","X3X*",1
"X1XX1X","X53X18X*",1
"X1XX1X","X7X8X*",1
"X1XX1X","X8X320X328X*",1
"X1XX1X","XX*",1
"X1XX1X","XX1X*",4
"X1XX1X1X","X*",1
"X1XX1X1X","X1XX*",2
"X1XX1X1X","X29X26X3X*",1
"X1XX1X1X","X3X*",1
"X1XX1X1X","X47X48X*",1
"X1XX1X1X","X54X52X*",1
"X1XX1X1X","XX1X*",2
"X1XX1X1X","XX4X*",1
"X1XX1X1X","XXX1X*",1
"X1XX1X1XXX","X9X12X13X*",1
"X1XX1X2XXXXX1X","X3X2X1X*",1
"X1XX1XX","X15X*",1
"X1XX1XX","X2XX*",1
"X1XX1XX","X2XX2X*",1
"X1XX1XX","X84XX2X*",1
"X1XX1XX","XX*",1
"X1XX1XX","XX7X1X*",1
"X1XX1XX1X","X148X156X1X*",1
"X1XX1XX4X","X4XX*",1
"X1XX1XXX","X51X36X10X4X1X*",1
"X1XX1XXXXXXXX","X157X161XX1X1X*",1
"X1XX2X","X1X*",1
"X1XX2X","X21XX*",1
"X1XX2X","X3X13X*",1
"X1XX2X","XX*",1
"X1XX2X","XX1X*",1
"X1XX2X","XX2XX*",1
"X1XX2X1X","X4X6X*",1
"X1XX2X1X5X","XX74X2X*",1
"X1XX2XX1X","X1X58X4X*",1
"X1XX2XXX","X1X*",1
"X1XX2XXX2X2X","X28X2X28X54X19X*",1
"X1XX2XXXX","X3X1X6X*",1
"X1XX3X","X16X2X9X*",1
"X1XX3X","X1XX*",1
"X1XX3X","XX*",1
"X1XX3X1X","X1X*",1
"X1XX4X","X21X18X*",1
"X1XX4X","X29X30X*",1
"X1XX4X","X2X3X*",2
"X1XX4X","XX*",1
"X1XX5X","X1X*",1
"X1XXX","X*",3
"X1XXX","X111X107X*",1
"X1XXX","X11X2X94X*",1
"X1XXX","X1X*",2
"X1XXX","X1X2X31X*",1
"X1XXX","X1X3X*",1
"X1XXX","X1X5X*",1
"X1XXX","X1XX*",1
"X1XXX","X1XX23X*",1
"X1XXX","X20X22X12X*",1
"X1XXX","X23X3X15X*",1
"X1XXX","X29XX80X*",1
"X1XXX","X2X*",1
"X1XXX","X2X1X*",1
"X1XXX","X2X1X81X*",1
"X1XXX","X2X79X*",1
"X1XXX","X2X7X*",1
"X1XXX","X2X99XX*",1
"X1XXX","X2XX1X*",1
"X1XXX","X38X*",1
"X1XXX","X39X3X*",1
"X1XXX","X3X*",1
"X1XXX","X3X2X*",1
"X1XXX","X41X37X*",1
"X1XXX","X53X*",1
"X1XXX","X5X*",1
"X1XXX","X5X1X4X*",1
"X1XXX","X5X1X80X*",1
"X1XXX","X5XX5X*",1
"X1XXX","X6X*",1
"X1XXX","X7X*",1
"X1XXX","X92X*",1
"X1XXX","XX*",2
"X1XXX","XX38X24X*",1
"X1XXX","XX3X*",1
"X1XXX","XX40X2X*",1
"X1XXX","XX4X*",1
"X1XXX","XX65X1X*",1
"X1XXX","XX85X87X*",1
"X1XXX1X","X10X3X*",1
"X1XXX1X","X11X10X*",1
"X1XXX1X","X1X*",1
"X1XXX1X","X21X3X*",1
"X1XXX1X","X233X230X*",1
"X1XXX1X","X2X142X*",1
"X1XXX1X","X2X1X37X2X*",1
"X1XXX1X","X2XX*",1
"X1XXX1X","X35X154X157X*",1
"X1XXX1X","X4X1X90X*",1
"X1XXX1X","X4X3X*",1
"X1XXX1X","X5X1XX3X*",1
"X1XXX1X","X6X1X2X*",1
"X1XXX1X","X78X13X11X*",1
"X1XXX1X","X80XX*",1
"X1XXX1X","X83XX79X*",1
"X1XXX1X","X83XX80X*",1
"X1XXX1X","X94X2X98X*",1
"X1XXX1X","XX*",2
"X1XXX1X","XX47X*",1
"X1XXX1X","XX81X*",1
"X1XXX1X1X","X134X42X56XX*",1
"X1XXX1X1X","X162XX366X369X*",1
"X1XXX1X1X","X1X1X23X26X*",1
"X1XXX1X1X","X1X2X19X21X*",1
"X1XXX1X1X","X1X4X*",1
"X1XXX1X1X","X1XX*",2
"X1XXX1X1X","X1XX2X*",1
"X1XXX1X1X","X2X1X1X*",1
"X1XXX1X1X","X32XX36X3X*",1
"X1XXX1X1X","X33X10X*",1
"X1XXX1X1X","X38X39X*",1
"X1XXX1X1X","X3X1X2X*",1
"X1XXX1X1X","X3X50X1X41X*",1
"X1XXX1X1X","X3X56X54XX*",1
"X1XXX1X1X","X3XX*",1
"X1XXX1X1X","X3XX1X3X*",1
"X1XXX1X1X","X44X11XX11X*",1
"X1XXX1X1X","X45X19X24X*",1
"X1XXX1X1X","X4X2X*",1
"X1XXX1X1X","X4X2X6X*",1
"X1XXX1X1X","X55X36X*",1
"X1XXX1X1X","X6X2X6X3X*",1
"X1XXX1X1X","X79X25X24X*",1
"X1XXX1X1X","X79X25X26X*",1
"X1XXX1X1X","X80X38X37X*",1
"X1XXX1X1X","X80X38XX*",1
"X1XXX1X1X","X80X39X38XX*",1
"X1XXX1X1X","X80X4X3X*",1
"X1XXX1X1X","XX*",7
"X1XXX1X1X","XX1X*",2
"X1XXX1X1X","XX24X12X*",1
"X1XXX1X1X","XX25X26X80X*",1
"X1XXX1X1X","XX28X2X26X*",1
"X1XXX1X1X","XX6X*",1
"X1XXX1X1X","XXX*",1
"X1XXX1X1X2X","X2X1X3X*",1
"X1XXX1X1X2X","X7X6X2X*",1
"X1XXX1X1XX","X1X2X16XX*",1
"X1XXX1X1XX","X2X57X1X1X*",1
"X1XXX1X1XX","X2X57X3X*",1
"X1XXX1X1XX","X76X4XX63XX*",1
"X1XXX1XX1X","XX143X234XX*",1
"X1XXX1XXX","X10X1X*",1
"X1XXX1XXX","X28X21X3X*",1
"X1XXX1XXX","X29XX26XX2X*",1
"X1XXX1XXX","X2X13X12X*",1
"X1XXX1XXX","X2X2X6X*",1
"X1XXX1XXX","X2XX*",1
"X1XXX1XXX","X46X41X*",1
"X1XXX1XXX","X50X67X34X34X23X1X*",1
"X1XXX1XXX","X53XX2X5X51X*",1
"X1XXX1XXX","X53XX53X*",1
"X1XXX1XXX","X7X8XX21X10X*",1
"X1XXX1XXX","XX133XX134X1X*",1
"X1XXX1XXX","XX2X19X1X2X*",1
"X1XXX1XXX","XX68X35X3X54X*",1
"X1XXX1XXX","XXXX*",1
"X1XXX1XXX2X2X","X95X91X49X168X*",1
"X1XXX1XXX5X","X21X142X147XX*",1
"X1XXX1XXX5X","X22X13X47X8XX1X*",1
"X1XXX1XXX5X","X38X1X34XX14X1X*",1
"X1XXX1XXXXXX","X8X369X1X191X197X198X1X*",1
"X1XXX2X","X61X*",1
"X1XXX2X","X6X*",1
"X1XXX2X1X","X1X2XX*",1
"X1XXX2X1X","X411X410X1X*",1
"X1XXX2X4X","X1X63X27X*",1
"X1XXX2XX","X47X19X17X44X*",1
"X1XXX3X","X1X7X*",1
"X1XXX3X","X55X4X59X*",1
"X1XXX4X","X1X76X*",1
"X1XXX4X","X3X*",1
"X1XXX4X","X61X62X*",1
"X1XXXX","X141X143X*",1
"X1XXXX","X1X*",1
"X1XXXX","X1X24X20X6X*",1
"X1XXXX","X1X2X*",1
"X1XXXX","X1X47X8X*",1
"X1XXXX","X1X4X1X*",1
"X1XXXX","X1X4X9X1X*",1
"X1XXXX","X1XX*",2
"X1XXXX","X23X2X17XX*",1
"X1XXXX","X27XX3X*",1
"X1XXXX","X2X11X*",1
"X1XXXX","X2X2X82X*",1
"X1XXXX","X2X31X2X*",1
"X1XXXX","X2X3X25X*",1
"X1XXXX","X2X4X*",1
"X1XXXX","X2X4X3X*",1
"X1XXXX","X32XX*",1
"X1XXXX","X35X1X*",1
"X1XXXX","X3X1X*",1
"X1XXXX","X3X2X63X*",1
"X1XXXX","X56X1XX*",1
"X1XXXX","X5X1XX*",1
"X1XXXX","XXXX*",1
"X1XXXX1X","X1X*",1
"X1XXXX1X","X1X2X1X*",1
"X1XXXX1X","X1X340X1X26X*",1
"X1XXXX1X","X39X46X49XX*",1
"X1XXXX1X","X3X2XX*",1
"X1XXXX1X","X4X2X1X5X*",1
"X1XXXX1X","X6X*",1
"X1XXXX1X","XX3X2X*",1
"X1XXXX1X","XXX*",2
"X1XXXX1X","XXXX*",1
"X1XXXX1X1X","X1X58XX40X93X*",1
"X1XXXX1X1X","X1XXX5X*",1
"X1XXXX1X1X","X2XX30XX3X*",1
"X1XXXX1X1X","X5X2X80X*",1
"X1XXXX1X1X","XX22X19X*",1
"X1XXXX1X1X1X","XX27X3X2X31X50X*",1
"X1XXXX1X1X2X","X3X13X1X4X15XX9X*",1
"X1XXXX1XX","X2X23X25X*",1
"X1XXXX1XXX","X37X129X94X3X*",1
"X1XXXX1XXX","X6X27X28X1X256X*",1
"X1XXXX1XXXX","X4X1X10X13X12XX*",1
"X1XXXX1XXXX4X","X33X10X2X15X22XX*",1
"X1XXXX2X","X153X2X*",1
"X1XXXX2X1X","X3XX*",1
"X1XXXX3X","X1X77X4X81X*",1
"X1XXXX3X","XX1X3X*",1
"X1XXXX4X","X3X6X*",1
"X1XXXX4X","X43XX4X3X*",1
"X1XXXXX","X132X127X*",1
"X1XXXXX","X1X7X*",1
"X1XXXXX","X23X38X8X21X*",1
"X1XXXXX","X2X*",1
"X1XXXXX","X2X14X3X4X*",1
"X1XXXXX","X2X3X*",1
"X1XXXXX","X36X5X10X*",1
"X1XXXXX","X3X15X2X16X*",1
"X1XXXXX","X3X2X3X*",1
"X1XXXXX","X3X3X6X*",1
"X1XXXXX","X40X43X50X*",1
"X1XXXXX","X5X4X2X*",1
"X1XXXXX","X65X3X2X*",1
"X1XXXXX","X79X25X1X*",1
"X1XXXXX","X7X1X3X1X*",1
"X1XXXXX","X9X6X42X40X*",1
"X1XXXXX","XX47XX*",1
"X1XXXXX","XX6X*",1
"X1XXXXX1X","X1X38X39X1X*",1
"X1XXXXX1X","X1X3X4X1X*",1
"X1XXXXX1X","X24X25X*",1
"X1XXXXX1X","X25X1X60X2X89X*",1
"X1XXXXX1X","X26X27XX*",1
"X1XXXXX1X","X26X27XX2X*",1
"X1XXXXX1X","X2X1X26XX*",1
"X1XXXXX1X","X4XX1X*",1
"X1XXXXX1X","X63X25X1XX*",1
"X1XXXXX1X","X78X24X25XX*",1
"X1XXXXX1X","X79X25X24X*",1
"X1XXXXX1X","X79X38X40X2X*",1
"X1XXXXX1X","X80X38X37X*",1
"X1XXXXX1X","X80X38X37X1X*",1
"X1XXXXX1X","X80X39X38X*",1
"X1XXXXX1X","X80X3X4X1X*",1
"X1XXXXX1X","XX*",2
"X1XXXXX1X","XX1XX*",1
"X1XXXXX1X","XX25X26X80X*",1
"X1XXXXX1X","XX26X28X*",1
"X1XXXXX1X","XX28X*",1
"X1XXXXX1X","XX38X39X*",1
"X1XXXXX1X","XXX27X13X28X3X*",1
"X1XXXXX1X","XXX81X*",2
"X1XXXXX1XX","X36X1X5X46X2X*",1
"X1XXXXX1XXXXX","X1XX1X146XX178X1X7X*",1
"X1XXXXX2X1X","X1XX47X1X*",1
"X1XXXXX5X","X95X1X12X231X*",1
"X1XXXXXX","X11X55X47X2X43X*",1
"X1XXXXXX","X154X37X29X31X28X*",1
"X1XXXXXX","X1X*",1
"X1XXXXXX","X1XX3X*",1
"X1XXXXXX","X36X38X*",1
"X1XXXXXX","X3X77X80X3X*",1
"X1XXXXXX","X5X3X6X19X*",1
"X1XXXXXX","XX26XX1X2X*",1
"X1XXXXXX","XX2X*",2
"X1XXXXXX1X","X1X20X21X*",1
"X1XXXXXX1X","X1X2X1X18X*",1
"X1XXXXXX1X","X1X9X12XX*",1
"X1XXXXXX1X","X1XX1X*",1
"X1XXXXXX1X","X1XX3X29X*",1
"X1XXXXXX1X","X2X*",1
"X1XXXXXX1X","X2XX2X170X*",1
"X1XXXXXX1X","X2XXX*",1
"X1XXXXXX1X","X3X2X39XX*",1
"X1XXXXXX1X","X3XX1X6X*",1
"X1XXXXXX1X","X4XX1X2X29X*",1
"X1XXXXXX1X","X53XX2X*",1
"X1XXXXXX1X","XX1X*",2
"X1XXXXXX1X","XX40X*",1
"X1XXXXXX1XX","X2X40X23X21X*",1
"X1XXXXXX2X","X55X46X106XX13X*",1
"X1XXXXXXX","X149X148XX107X103X*",1
"X1XXXXXXX","X1X23X65X1X*",1
"X1XXXXXXX","X1X82X57X27X*",1
"X1XXXXXXX","X2XX*",1
"X1XXXXXXX","X30X36X35X1X1X2X*",1
"X1XXXXXXX","X36X55X52X54X58X38X*",1
"X1XXXXXXX","X37X31X1X92XX18X23X*",1
"X1XXXXXXX","X44X1X47X96X3XX*",1
"X1XXXXXXX2X","XXX35X39X79X3X*",1
"X1XXXXXXX2X2X","X5X48XXX4X2X*",2
"X1XXXXXXXX","X2X3X8X*",1
"X1XXXXXXXX1X","X104X41X31X8X9X38X117X*",1
"X1XXXXXXXX2X","X1XXX*",1
"X1XXXXXXXX4X","X3X2X93X104X5X3X8X1X*",1
"X1XXXXXXXX4X","X6X2X184X2X2X176X*",1
"X1XXXXXXXXX","X66X59X41X102X32XX*",1
"X1XXXXXXXXXX","X36X32X89X1X10X13XX*",1
"X1XXXXXXXXXX","X72XX2XX9X*",1
"X1XXXXXXXXXX1X","X55X53XXX12X13X*",1
"X1XXXXXXXXXX2X","X173X145XX58X90X92X93X1X*",1
"X1XXXXXXXXXX2X","X173X192X105X2X86X92X93X1X11X*",1
"X1XXXXXXXXXX2X","X18X1X3X97XXX110X1X7X*",1
"X1XXXXXXXXXX2X","X190X362X318X56X4X89X2XX10X*",1
"X1XXXXXXXXXX2X","X192X43X57X4XX92XX3X5X*",1
"X1XXXXXXXXXX2X","X1X96X1X111XXX9X*",1
"X1XXXXXXXXXX2X","XX191X45X58X1X91XX1X9X*",1
"X1XXXXXXXXXX2X","XXX192X103X6XX93X2X4X*",1
"X1XXXXXXXXXXX","X17X43X57X3XX89X1XX1X*",1
"X1XXXXXXXXXXX","X191XX102X2X103X105X88X1XX6X3X*",1
"X1XXXXXXXXXXX","X192X105XX1X103X10X1X2X*",1
"X1XXXXXXXXXXX","X193X44X42X100X5X91X90X96X3X*",1
"X1XXXXXXXXXXX1X","X146X60X1X91XX1X*",1
"X1XXXXXXXXXXX1X","X17X104XX90X10X2X6X93X*",1
"X1XXXXXXXXXXX1X","X190X44X59XX90X91X92XX9X*",1
"X1XXXXXXXXXXX1X","X192X104X2X4XX91XX2X7X*",1
"X1XXXXXXXXXXX1X","X192XX106X3X5X91XX7X5X8X*",1
"X1XXXXXXXXXXX1X","X192XX106XX1X88X1X1X1X2X*",1
"X1XXXXXXXXXXX1X","X1X192X2X101X83X89X92XX1X*",1
"X1XXXXXXXXXXX1X","X2X143X1X56X2X4X89X1XX93X*",1
"X1XXXXXXXXXXX1X","X2X189X45X55X100X106X91X90X91X8X7X*",1
"X1XXXXXXXXXXX1X","X2X190X102X2X1XX91X2XX*",1
"X1XXXXXXXXXXX1X","X2X192X108XX4X5X92XX1X3X*",1
"X1XXXXXXXXXXX1X","XX145X55X2X1XX91X1X6X*",1
"X1XXXXXXXXXXX1X","XX145X56X2XX89XX1X5X3X*",1
"X1XXXXXXXXXXX1X","XX147X57X3X89X1X6X*",1
"X1XXXXXXXXXXX1X","XX191X101X2X1X91X92X95X3X*",1
"X1XXXXXXXXXXX1XX","X173X86X2X4XX93X9X8X*",1
"X20X","X29X*",1
"X20X","X5X*",1
"X21X","X104X*",1
"X21X","X131X*",1
"X21X","X40X*",1
"X21X","X53X*",1
"X22XXXXXX","X3X52X54X*",1
"X22XXXXXX","X5X4X5X1X*",1
"X23X","X1X*",1
"X23XXX","XX*",1
"X23XXX1X","X163X59X*",1
"X23XXX1X","X1X5X*",1
"X23XXX1X","X1XXX9X*",1
"X23XXX1X","X27X*",1
"X23XXX1X","X2X*",1
"X23XXX1X","X2X1X42X*",1
"X23XXX1X","XX83X*",1
"X24X","X*",2
"X24XX1X","X42X*",1
"X24XX1X","X5X2X*",1
"X24XXX","X*",1
"X24XXX1X","X10XX2X60X*",1
"X24XXX1X","X34X30X121X*",1
"X24XXX1X","XX4X3X95X*",1
"X25XX1X","X1X108X2X*",1
"X26X","X2X*",1
"X26X","X90X*",1
"X26X1X","X55X52X*",1
"X27X","X4X*",2
"X27XX","X78X*",1
"X28X","X1X*",1
"X2X","X*",55
"X2X","X102X*",1
"X2X","X11X*",2
"X2X","X13X*",1
"X2X","X15X*",1
"X2X","X1X*",13
"X2X","X22X*",1
"X2X","X23X*",1
"X2X","X24X*",2
"X2X","X29X*",1
"X2X","X2X*",16
"X2X","X3X*",12
"X2X","X42X*",1
"X2X","X47X*",1
"X2X","X49X*",1
"X2X","X4X*",5
"X2X","X50X*",1
"X2X","X53X*",2
"X2X","X5X*",3
"X2X","X68X*",1
"X2X","X6X*",4
"X2X","X72X*",3
"X2X","X8X*",1
"X2X","X9X*",1
"X2X","XX*",36
"X2X1X","X*",3
"X2X1X","X101X1X*",1
"X2X1X","X1X*",1
"X2X1X","X1XX*",1
"X2X1X","X25X*",2
"X2X1X","X2X*",3
"X2X1X","X2X1X*",2
"X2X1X","X2X3X*",2
"X2X1X","X2XX*",1
"X2X1X","X3X*",2
"X2X1X","X3X4X*",2
"X2X1X","X46X*",1
"X2X1X","X53X4X*",1
"X2X1X","X6X3X*",1
"X2X1X","X7X5X*",1
"X2X1X","X7XX*",2
"X2X1X","X9X1X*",2
"X2X1X","XX*",5
"X2X1X","XX17X*",1
"X2X1X","XX1X*",1
"X2X1X","XX2X*",1
"X2X1X1X","X1X*",1
"X2X1X1X","X2XXX*",1
"X2X1X1X","X34X50X*",1
"X2X1X1X","X5X3X*",1
"X2X1XX","X13X6XX*",1
"X2X1XX","X1X*",1
"X2X1XX","X1X80X79X*",1
"X2X1XX","X2X170X171X*",1
"X2X1XX","X2X3X2X*",1
"X2X1XX","X36XX*",1
"X2X1XX","X3X23X*",1
"X2X1XX","X6X4X*",1
"X2X1XX1X","X107X1X120X*",1
"X2X1XXX","X3X16XX*",1
"X2X1XXXX","X1XX1X15X*",1
"X2X1XXXXXX","X2X3X1X*",1
"X2X2X","X15X*",1
"X2X2X","X38X*",1
"X2X2X","X3X2X*",1
"X2X2X","X41X33X*",1
"X2X2X","X56X*",1
"X2X2X1X","X17X*",1
"X2X2X1X","X1X108X*",1
"X2X2X1X5X","X1XX1X*",1
"X2X2XXX","X2XX*",1
"X2X2XXX","X4X8XX3X*",1
"X2X3XX","X3X2X*",2
"X2X3XX5X","X2X*",1
"X2X4X","X24X26X*",1
"X2X4X","X3X4X*",1
"X2X5X","X31X29X*",1
"X2XX","X10X*",1
"X2XX","X121X*",1
"X2XX","X126X2X*",2
"X2XX","X17X3X*",1
"X2XX","X1X*",1
"X2XX","X2X*",3
"X2XX","X2X1X*",2
"X2XX","X6X2X*",1
"X2XX","XX*",2
"X2XX1X","X*",1
"X2XX1X","X136X1X*",1
"X2XX1X","X17X2X*",1
"X2XX1X","X1X2X*",1
"X2XX1X","X65X67X*",1
"X2XX1X","XX1X*",1
"X2XX1X1X","X2XXX*",1
"X2XX2X1X","XX2X*",1
"X2XXX","X11X1X2X*",1
"X2XXX","X1X*",1
"X2XXX","X1XX4X*",1
"X2XXX","X2X1X27X*",1
"X2XXX","X2X1X81X*",2
"X2XXX","X2X79X*",4
"X2XXX","X2XX*",2
"X2XXX","X2XX4X*",1
"X2XXX","X30XX*",1
"X2XXX","X392X11X*",1
"X2XXX","X3X180XX*",1
"X2XXX","X3X5X21X*",1
"X2XXX","X42XX1X*",1
"X2XXX","X4X*",1
"X2XXX","X5XX54X*",1
"X2XXX","X5XX81X*",1
"X2XXX","XX1X*",1
"X2XXX","XX3X*",1
"X2XXX","XX49X1X*",1
"X2XXX1X","X5X3X4X*",1
"X2XXX1X1X","X27X3X28X1X1X*",1
"X2XXXX","X176X*",1
"X2XXXX","X17X3X*",1
"X2XXXX","X18XX1X*",1
"X2XXXX","X1X2X*",1
"X2XXXX","X204X143X33X1X*",1
"X2XXXX","X20X4XX*",1
"X2XXXX","X26X*",1
"X2XXXX","X26X30XX*",1
"X2XXXX","X2X*",1
"X2XXXX","X2X1X53X*",1
"X2XXXX","X2X3X2X*",1
"X2XXXX","X3X*",1
"X2XXXX","X3XX*",1
"X2XXXX","X3XXX*",1
"X2XXXX","X41X2XX*",1
"X2XXXX","X49X75X*",1
"X2XXXX","X4X*",1
"X2XXXX","X50X*",1
"X2XXXX","X6XX7X*",1
"X2XXXX","X9X17X13X*",1
"X2XXXX","X9X215XX*",1
"X2XXXX","XX1X10X*",1
"X2XXXX","XX3X*",1
"X2XXXX","XX43XX*",1
"X2XXXX","XX78X67X2X*",1
"X2XXXX1X","X1X5X*",1
"X2XXXX1X","X38XX68X28X*",1
"X2XXXX2X","X31X30X*",1
"X2XXXXX","X3X5X3X*",1
"X2XXXXX","XX*",1
"X2XXXXX1X","XX3XX*",1
"X2XXXXX2XX","X2X55X109X11X71X7X*",1
"X2XXXXXX","X19XX15X3X*",1
"X2XXXXXX2X","X15XX16X2X*",1
"X2XXXXXXX","X378X376X182X2X1XX*",1
"X2XXXXXXX","X378X3X204X6X2X1X*",1
"X2XXXXXXX","X378X3X383X185XXX*",1
"X2XXXXXXXX1X","XXXX7X2X*",1
"X2XXXXXXXXX2X","X149X62X1XX92X1X5X*",1
"X2XXXXXXXXX2X","X194X3X104X2X4X84X176XX10X*",1
"X2XXXXXXXXX2X","X86XX3X86X1XX93X*",1
"X2XXXXXXXXXX","X147X58X3XX1X92XX1X*",1
"X2XXXXXXXXXX","X86X108X109X3X85X91X92XX1X*",1
"X2XXXXXXXXXX1X","X148X57X4XX90XX1X7X*",1
"X2XXXXXXXXXX1X","X192X102X3X108X110X90X93X103X*",1
"X2XXXXXXXXXX1X","X27X58X2X86X1X4X5X1X*",1
"X2XXXXXXXXXX1X","X87XX1X91X1XXX8X*",1
"X3X","X*",2
"X3X","X27X*",1
"X3X","X342X*",1
"X3X","X35X*",1
"X3X","X3X*",1
"X3X","X5X*",1
"X3X","X8X*",1
"X3X","XX*",9
"X3X1X","X3X30X*",1
"X3X1X","X88X*",1
"X3X1XXX","X50X48X*",1
"X3X1XXXX","X1X6X1X7X50X*",1
"X3XX","X*",4
"X3XX","X142X*",1
"X3XX","XX*",3
"X3XX1XXXXXXXX1X","X8XX1XXX*",1
"X3XXX","X1X*",1
"X3XXX","X1X1X*",1
"X3XXX","X1XX*",1
"X3XXX","X27X28X*",1
"X3XXX","X2X*",1
"X3XXX","X3X9X11X*",1
"X3XXX","X5X13X22X*",1
"X3XXX","X73XX*",1
"X3XXX1X1X","X6X*",1
"X3XXXX","X11XXX*",1
"X3XXXX","X1X*",1
"X3XXXX1X1X","X3X6X*",1
"X3XXXXX1XXX","X1X4X2XX*",1
"X3XXXXXXX1X","X46X31X89X5X2X*",1
"X3XXXXXXXXX","XX3X3X2X*",1
"X4X","X*",10
"X4X","X130X*",1
"X4X","X177X*",1
"X4X","X181X*",1
"X4X","X18X*",1
"X4X","X1X*",5
"X4X","X2X*",1
"X4X","X32X*",1
"X4X","X4X*",1
"X4X","X5X*",3
"X4X","X6X*",1
"X4X","X77X*",1
"X4X","X7X*",1
"X4X","X80X*",1
"X4X","XX*",3
"X4X1X","X2X20X*",1
"X4X1XX","X2X1X1X*",1
"X4X1XX1X","X1X*",1
"X4X1XX1X","X2X1XX*",1
"X4X2XXXXX","X6X1X*",1
"X4XX","X176X177X*",1
"X4XX","X178X1X*",1
"X4XX","X178XX*",3
"X4XX","X179X*",1
"X4XX","X179X1X*",5
"X4XX","X179X2X*",1
"X4XX","X179XX*",1
"X4XX","X180X*",4
"X4XX","X180XX*",4
"X4XX","X181XX*",1
"X4XX","X182X*",1
"X4XX","X182XX*",2
"X4XX","X1X181X*",1
"X4XX","X1XX*",1
"X4XX","X2X51X*",1
"X4XX","X3X178X*",1
"X4XX","X3X180X*",1
"X4XX","X50X*",1
"X4XX","X5X*",1
"X4XXX","X3X*",1
"X4XXX1X1X","X3X2X3X*",1
"X4XXX1X1X","X3X6X*",1
"X4XXX1X1X","X6X2X*",1
"X4XXX1X1X","X6X2XX*",1
"X4XXXX","X3X*",1
"X4XXXX1X1X","X3X2X3X*",1
"X4XXXX1X1X","X3X6X*",1
"X4XXXX1X1X","X6X*",1
"X4XXXX1X1X","X6X2X*",1
"X4XXXX1X1X","X6X3X*",2
"X4XXXXX4X","XX1XX*",1
"X4XXXXXX","XX*",1
"X4XXXXXXX","X1X2XX2X*",1
"X4XXXXXXX","X9X1X1XX*",1
"X5X","X*",1
"X5X","X12X*",1
"X5X","X19X*",1
"X5X","X1X*",2
"X5X","X22X*",1
"X5X","X25X*",1
"X5X","X2X*",1
"X5X","X3X*",1
"X5X","X424X*",1
"X5X","X55X*",1
"X5X","X5X*",1
"X5X","X75X*",1
"X5X","X88X*",1
"X5X","XX*",3
"X5X1X","X101X99X*",1
"X5X1X","X16X2X*",1
"X5X1X","XX*",1
"X5X1X5X","XXX*",1
"X5X1XX1X2X","X6X2X*",1
"X5XX","X1X9X*",1
"X5XX","X2XX*",1
"X5XX","X4X*",1
"X5XX","XX11X*",1
"X5XXX","X1X2X*",1
"X5XXX","X1XX*",1
"X5XXX","XX*",1
"X5XXX5X","XX1X*",1
"X5XXXX1X2X","X2X2X10X44X1X*",1
"X6X","X42X*",1
"X6XXX","X*",1
"X6XXX4X","X7X8X*",1
"X7X","X*",8
"X7X","X1X*",1
"X7X","XX*",2
"X8X","X86X*",1
"X9X","X*",3
"X9X2X","X*",4
"X9X2X","X1X*",1
"X9X2X","X2X*",1
"X9X2X","XX*",3
"X9X2X","XX1X*",1
"X9X2X","XXX*",1
"XX","X*",124
"XX","X103X*",1
"XX","X10X*",1
"XX","X114X*",1
"XX","X11X*",1
"XX","X12X*",1
"XX","X137X*",1
"XX","X138X*",1
"XX","X140X*",1
"XX","X141X*",2
"XX","X168X*",1
"XX","X169X*",2
"XX","X178X*",1
"XX","X17X*",2
"XX","X181X*",3
"XX","X182X*",1
"XX","X18X*",3
"XX","X19X*",2
"XX","X1X*",27
"XX","X20X*",1
"XX","X210X*",2
"XX","X21X*",1
"XX","X22X*",1
"XX","X23X*",3
"XX","X243X*",1
"XX","X24X*",3
"XX","X25X*",3
"XX","X27X*",3
"XX","X299X*",1
"XX","X2X*",23
"XX","X30X*",1
"XX","X32X*",1
"XX","X34X*",5
"XX","X35X*",1
"XX","X36X*",3
"XX","X39X*",1
"XX","X3X*",18
"XX","X43X*",1
"XX","X47X*",1
"XX","X48X*",1
"XX","X4X*",2
"XX","X50X*",1
"XX","X53X*",1
"XX","X54X*",1
"XX","X55X*",2
"XX","X56X*",1
"XX","X58X*",1
"XX","X59X*",1
"XX","X5X*",1
"XX","X61X*",3
"XX","X65X*",1
"XX","X68X*",1
"XX","X6X*",4
"XX","X75X*",1
"XX","X76X*",3
"XX","X77X*",1
"XX","X7X*",1
"XX","X85X*",1
"XX","X8X*",3
"XX","X90X*",1
"XX","X91X*",1
"XX","X99X*",1
"XX","X9X*",2
"XX","XX*",37
"XX1X","X*",4
"XX1X","X108X*",1
"XX1X","X109X*",1
"XX1X","X113X*",1
"XX1X","X11X*",1
"XX1X","X11X1X*",1
"XX1X","X12X*",1
"XX1X","X147X*",1
"XX1X","X167X21X*",1
"XX1X","X16X*",1
"XX1X","X18X*",1
"XX1X","X18X243X*",1
"XX1X","X19X*",1
"XX1X","X1X*",5
"XX1X","X1X209X*",1
"XX1X","X20X*",1
"XX1X","X21X*",1
"XX1X","X23X8X*",1
"XX1X","X24X7X*",1
"XX1X","X28X*",1
"XX1X","X29X53X*",1
"XX1X","X2X*",5
"XX1X","X2XX*",1
"XX1X","X32X*",1
"XX1X","X39X40X*",1
"XX1X","X3X*",1
"XX1X","X3X114X*",1
"XX1X","X3X48X*",1
"XX1X","X3X8X*",1
"XX1X","X41X*",1
"XX1X","X41X117X*",1
"XX1X","X41XX*",1
"XX1X","X42X1X*",1
"XX1X","X55X*",1
"XX1X","X57X1X*",1
"XX1X","X5X*",1
"XX1X","X5XX*",2
"XX1X","X63X*",1
"XX1X","X63X1X*",1
"XX1X","X6X*",1
"XX1X","X76X2X*",1
"XX1X","X7X*",1
"XX1X","X8X*",1
"XX1X","X8XX*",1
"XX1X","X90X*",1
"XX1X","XX*",4
"XX1X","XX20X*",1
"XX1X","XX23X*",1
"XX1X","XX28X*",1
"XX1X","XX2X*",1
"XX1X","XX30X*",1
"XX1X","XXX*",1
"XX1X1X","X10X1X96X*",1
"XX1X1X","X1X*",2
"XX1X1X","X1X13X*",1
"XX1X1X","X1X20X74X*",1
"XX1X1X","X1X2X*",1
"XX1X1X","X1X4X*",1
"XX1X1X","X1X9X*",1
"XX1X1X","X1XX*",2
"XX1X1X","X2X*",1
"XX1X1X","X2XX*",2
"XX1X1X","X30X16X98X*",1
"XX1X1X","X39X*",1
"XX1X1X","X3X*",3
"XX1X1X","X3X189X*",1
"XX1X1X","X41XX49X*",1
"XX1X1X","X4X21X23X*",1
"XX1X1X","X52X59X*",1
"XX1X1X","X5X*",1
"XX1X1X","X6X*",1
"XX1X1X","X6XX*",1
"XX1X1X","X72X89X114X*",1
"XX1X1X","X8X3X3X*",1
"XX1X1X","X8X5X2X*",1
"XX1X1X","XX*",2
"XX1X1X","XX1X*",1
"XX1X1X","XX2X22X*",1
"XX1X1X","XX35X2X*",1
"XX1X1X","XXX*",1
"XX1X1X","XXXX*",1
"XX1X1X1X","XX2X51X*",1
"XX1X1X5X","X20X11X74X*",1
"XX1X1XXXXX","X6X3XX1X*",1
"XX1X2X1X2X","X230X2X117XX3X*",1
"XX1XX","X10X18X27X*",1
"XX1XX","X169X*",1
"XX1XX","X182XX*",1
"XX1XX","X1X*",1
"XX1XX","X2XX*",1
"XX1XX","XX1X*",1
"XX1XX","XX2X*",1
"XX1XX1X","X2X2X*",1
"XX1XX1X","X43X1X42X*",1
"XX1XX1X","XX*",1
"XX1XX1X","XX39X*",1
"XX1XX4X5X","X73X42XX*",1
"XX1XXX","X1X23XX35X*",1
"XX1XXX","X2X1X5X*",1
"XX1XXX","X2XX*",1
"XX1XXX","X2XX178X25X*",1
"XX1XXX","X4X2X88X89X*",1
"XX1XXX","X52X1X2X*",1
"XX1XXX","XX8X1X*",1
"XX1XXX1X","X162X53X61X*",1
"XX1XXX1X","X3X46X83X*",1
"XX1XXX1X","X7X6X*",1
"XX1XXX1X","X8XXX*",1
"XX1XXX1X1X","X4XX*",1
"XX1XXX3X","X2X52XX44X*",1
"XX1XXX6X","X176X1X14X*",1
"XX1XXXX","X115X170X*",1
"XX1XXXX","X50X5X9X*",1
"XX1XXXX","XX1X70X*",1
"XX1XXXX1X1X","X10XX4X40X4X17X*",1
"XX1XXXX1X1X","XX2XX26XX4X*",1
"XX1XXXXX","X6X5X1X108X*",1
"XX1XXXXX1X","X32X42X184X182X39X*",1
"XX1XXXXX1X","X32X43X1XX*",1
"XX1XXXXXX","X30X8X1X18X2X*",1
"XX1XXXXXX","X3X1XX14X2X*",1
"XX1XXXXXX","X3XX14X*",1
"XX1XXXXXXX","X189X190X109X1X231X4X*",1
"XX1XXXXXXX","X189X190X339X229X*",1
"XX1XXXXXXXXXX","X41X290X254X2X7XX22X*",1
"XX20X","X114X*",1
"XX20X","X3X77X*",1
"XX20X","X41X*",1
"XX21X","X151X24X*",1
"XX21X","XX86X*",1
"XX21XXXXX","XX1X47X*",1
"XX23X1X1X","XX129XX*",1
"XX23X1XXX","X61X55X*",1
"XX23XX2X","XX35X*",1
"XX23XXX","XX*",1
"XX23XXX","XX9X8X*",1
"XX23XXX1X","X30X27X181X*",1
"XX23XXX1X","X30X28X178X*",1
"XX23XXX1X","X3X49X*",1
"XX23XXX1X","XX1X10X*",1
"XX23XXX1X","XX1X127X*",1
"XX23XXX1X","XX27X*",1
"XX23XXX1X","XX3XX*",1
"XX23XXXX","X2XX*",1
"XX23XXXXX","X5X27X139X*",1
"XX24XX1X","X2X22X*",1
"XX24XX1X","XX21X*",1
"XX26XX","X21X*",1
"XX27X","X41X29X*",1
"XX2X","X*",2
"XX2X","X1X*",1
"XX2X","X26X54X*",1
"XX2X","X34X*",1
"XX2X","X36X3X*",1
"XX2X","X3X23X*",1
"XX2X","X51X*",1
"XX2X","X76X*",1
"XX2X","XX*",1
"XX2X","XX16X*",1
"XX2X2XXXXXXX","X2X27XX*",1
"XX2XX","X1XX*",1
"XX2XX","X56X*",1
"XX2XX","X83X84X*",1
"XX2XX","XX100X102X*",1
"XX3X","X*",4
"XX3X","X180X*",1
"XX3X","X18X*",1
"XX3X","X1X*",1
"XX3X","X2X*",1
"XX3X","X3X*",1
"XX3X","X5X*",1
"XX3X","XX*",2
"XX3X","XX231X*",1
"XX3X","XX78X*",1
"XX3X1X","X1X*",1
"XX3X1X","X88X89X*",1
"XX3X1X","XXX*",1
"XX3XXX","X8X9X*",1
"XX4X","X*",1
"XX4X","X19X*",2
"XX4X","X1X*",2
"XX4X","X2X*",2
"XX4X","X2X19X*",1
"XX4X","X2X1X*",1
"XX4X","X3X*",1
"XX4X","X3XX*",1
"XX4X","X4X3X*",1
"XX4X","X6X*",1
"XX4X","XX*",3
"XX4XX","X1X179X*",1
"XX4XX","X1X179XX*",1
"XX4XX","X1X1X1X*",1
"XX4XX","X1X3X179X*",1
"XX4XX","X3X1X*",1
"XX4XX","XX*",1
"XX4XX","XX101X2X*",1
"XX4XX","XX1X*",1
"XX4XX","XX4XX*",1
"XX5X","X2X19X*",1
"XXX","X*",60
"XXX","X104X*",1
"XXX","X10X*",2
"XXX","X10X2X*",1
"XXX","X114X*",1
"XXX","X11X12X*",1
"XXX","X11X1X*",1
"XXX","X11X9X*",1
"XXX","X126X2X*",1
"XXX","X128X*",1
"XXX","X12X*",3
"XXX","X12X1X*",1
"XXX","X12X21X*",1
"XXX","X12X24X*",1
"XXX","X134X*",1
"XXX","X13X11X*",1
"XXX","X15X*",2
"XXX","X167X*",1
"XXX","X169X*",1
"XXX","X169X73X*",1
"XXX","X181X183X*",1
"XXX","X187X181X*",1
"XXX","X187X182X*",1
"XXX","X18X*",1
"XXX","X195X197X*",1
"XXX","X19X*",1
"XXX","X19X16X*",1
"XXX","X19X20X*",1
"XXX","X19XX*",1
"XXX","X1X*",29
"XXX","X1X11X*",1
"XXX","X1X1X*",1
"XXX","X1X20X*",1
"XXX","X1X21X*",3
"XXX","X1X22X*",3
"XXX","X1X23X*",1
"XXX","X1X24X*",1
"XXX","X1X3X*",1
"XXX","X1X50X*",1
"XXX","X1X6X*",3
"XXX","X1X74X*",1
"XXX","X1XX*",10
"XXX","X21X*",3
"XXX","X21X3X*",1
"XXX","X22X*",3
"XXX","X22X18X*",1
"XXX","X22X21X*",1
"XXX","X22X3X*",1
"XXX","X22X46X*",1
"XXX","X22XX*",1
"XXX","X231X*",1
"XXX","X23X*",1
"XXX","X23X2X*",1
"XXX","X242X*",1
"XXX","X24X*",2
"XXX","X25X*",2
"XXX","X28X32X*",2
"XXX","X29X*",2
"XXX","X29X28X*",2
"XXX","X2X*",19
"XXX","X2X16X*",1
"XXX","X2X17X*",1
"XXX","X2X20X*",2
"XXX","X2X29X*",1
"XXX","X2X39X*",1
"XXX","X2X3X*",4
"XXX","X2X42X*",1
"XXX","X2X5X*",1
"XXX","X2X65X*",1
"XXX","X2X6X*",1
"XXX","X2XX*",2
"XXX","X30X*",2
"XXX","X30X39X*",1
"XXX","X31X*",1
"XXX","X31X29X*",1
"XXX","X31X7X*",1
"XXX","X32X*",2
"XXX","X32X25X*",1
"XXX","X32X2X*",1
"XXX","X32X34X*",1
"XXX","X32X5X*",1
"XXX","X34X*",1
"XXX","X35X*",1
"XXX","X36X*",2
"XXX","X36X128X*",1
"XXX","X36X34X*",1
"XXX","X37X*",3
"XXX","X38X4X*",1
"XXX","X3994X*",1
"XXX","X3X*",14
"XXX","X3X100X*",1
"XXX","X3X2X*",1
"XXX","X3X34X*",1
"XXX","X3X4X*",1
"XXX","X3X63X*",1
"XXX","X3X7X*",3
"XXX","X3XX*",2
"XXX","X40X*",1
"XXX","X40X61X*",1
"XXX","X41X7X*",1
"XXX","X42X*",1
"XXX","X43X25X*",1
"XXX","X46X*",1
"XXX","X4X*",7
"XXX","X4XX*",3
"XXX","X50X*",2
"XXX","X53X*",3
"XXX","X53X1X*",1
"XXX","X55X51X*",1
"XXX","X55X82X*",1
"XXX","X56X*",1
"XXX","X58X2X*",1
"XXX","X59X*",1
"XXX","X59X16X*",1
"XXX","X59XX*",1
"XXX","X5X1X*",1
"XXX","X5X2X*",1
"XXX","X5X306X*",1
"XXX","X5X7X*",1
"XXX","X5XX*",1
"XXX","X61X*",3
"XXX","X61X1X*",1
"XXX","X61X305X*",1
"XXX","X61X306X*",1
"XXX","X61X307X*",1
"XXX","X61X60X*",1
"XXX","X62X*",1
"XXX","X62X305X*",1
"XXX","X63X*",1
"XXX","X63X232X*",1
"XXX","X63XX*",1
"XXX","X65X*",1
"XXX","X67X142X*",1
"XXX","X68X*",1
"XXX","X6X*",5
"XXX","X6X1061X*",1
"XXX","X6X36X*",1
"XXX","X6X3X*",1
"XXX","X6X49X*",1
"XXX","X6X86X*",1
"XXX","X6XX*",1
"XXX","X73X74X*",1
"XXX","X76X*",1
"XXX","X79X*",2
"XXX","X79X75X*",1
"XXX","X79X76X*",1
"XXX","X7X11X*",1
"XXX","X82X95X*",1
"XXX","X82XX*",1
"XXX","X84X*",1
"XXX","X84X85X*",1
"XXX","X85XX*",1
"XXX","X86X*",1
"XXX","X86X142X*",1
"XXX","X8X*",1
"XXX","X8X2X*",1
"XXX","X90X*",1
"XXX","X92X95X*",1
"XXX","X93X*",1
"XXX","X9X*",1
"XXX","X9X7X*",1
"XXX","XX*",73
"XXX","XX132X*",1
"XXX","XX13X*",1
"XXX","XX145X*",1
"XXX","XX188X*",1
"XXX","XX1X*",6
"XXX","XX21X*",2
"XXX","XX23X*",1
"XXX","XX2X*",5
"XXX","XX30X*",1
"XXX","XX33X*",1
"XXX","XX39X*",1
"XXX","XX3X*",2
"XXX","XX4X*",5
"XXX","XX50X*",1
"XXX","XX56X*",1
"XXX","XX5X*",1
"XXX","XX60X*",1
"XXX","XX6X*",1
"XXX","XX7X*",1
"XXX","XX80X*",2
"XXX","XXX*",12
"XXX1X","X*",2
"XXX1X","X10X*",1
"XXX1X","X10X206X*",1
"XXX1X","X115XXX*",1
"XXX1X","X117X22X16X*",1
"XXX1X","X11X24X10X*",1
"XXX1X","X150X*",1
"XXX1X","X159XX*",1
"XXX1X","X15X*",1
"XXX1X","X191X2XX*",1
"XXX1X","X19X*",1
"XXX1X","X19X21X*",1
"XXX1X","X1X*",9
"XXX1X","X1X27X*",1
"XXX1X","X1X2X*",1
"XXX1X","X1X2X3X*",1
"XXX1X","X1X2XX*",1
"XXX1X","X1X3X*",1
"XXX1X","X1X44X*",1
"XXX1X","X1XX*",2
"XXX1X","X220X*",1
"XXX1X","X22X24X*",1
"XXX1X","X23X*",1
"XXX1X","X23XX26X*",1
"XXX1X","X25X*",1
"XXX1X","X26X1X*",1
"XXX1X","X26X44X1X*",1
"XXX1X","X26XX*",1
"XXX1X","X27X23XX*",1
"XXX1X","X29X1X*",1
"XXX1X","X2X*",7
"XXX1X","X2X1X*",1
"XXX1X","X2X27X25X*",1
"XXX1X","X2X2XX*",1
"XXX1X","X2X32XX*",1
"XXX1X","X2X3X4X*",1
"XXX1X","X2X3XX*",1
"XXX1X","X2X4X*",1
"XXX1X","X2X4X5X*",1
"XXX1X","X2XX*",2
"XXX1X","X2XX1X*",1
"XXX1X","X321X3X*",1
"XXX1X","X32XX*",1
"XXX1X","X35X2XX*",1
"XXX1X","X35X3X*",1
"XXX1X","X35X50XX*",1
"XXX1X","X36X35X*",1
"XXX1X","X3X*",5
"XXX1X","X3X12X*",1
"XXX1X","X3X1X*",2
"XXX1X","X3X1X51X*",1
"XXX1X","X3X2X1X*",1
"XXX1X","X3X58X*",1
"XXX1X","X3XX*",1
"XXX1X","X4X*",1
"XXX1X","X4X1X*",1
"XXX1X","X4X4X*",1
"XXX1X","X4X5X*",1
"XXX1X","X4XX*",1
"XXX1X","X55X6X3X*",1
"XXX1X","X58X48X1X*",1
"XXX1X","X5X*",2
"XXX1X","X5X1X*",1
"XXX1X","X5X2X6X*",1
"XXX1X","X5X6X*",1
"XXX1X","X67X66X*",1
"XXX1X","X67X70XX*",1
"XXX1X","X6X7X*",1
"XXX1X","X6XX*",1
"XXX1X","X73X47X46X*",1
"XXX1X","X7X1XX*",1
"XXX1X","X7X20X9X*",1
"XXX1X","X7X3X*",1
"XXX1X","X7X6X1X*",1
"XXX1X","X9X6X1X*",1
"XXX1X","XX*",4
"XXX1X","XX1X*",6
"XXX1X","XX29X*",1
"XXX1X","XX2X*",3
"XXX1X","XX30X24X*",1
"XXX1X","XX38X*",1
"XXX1X","XX3X*",2
"XXX1X","XX43X36X*",1
"XXX1X","XX52X*",1
"XXX1X","XX5X*",1
"XXX1X","XX69X*",1
"XXX1X","XX87X*",1
"XXX1X","XXX*",3
"XXX1X","XXX46X*",1
"XXX1X1X","X*",2
"XXX1X1X","X10X300X1X81X*",1
"XXX1X1X","X10X8X231X1X*",1
"XXX1X1X","X15X26X24X*",1
"XXX1X1X","X16XX19X*",1
"XXX1X1X","X18X3X*",1
"XXX1X1X","X193X1X192X*",1
"XXX1X1X","X1X*",2
"XXX1X1X","X1X18X27X*",1
"XXX1X1X","X1X6X3X*",1
"XXX1X1X","X1X70X*",1
"XXX1X1X","X219X301X1X*",1
"XXX1X1X","X23XX49X22X*",1
"XXX1X1X","X24X1X*",1
"XXX1X1X","X25X*",1
"XXX1X1X","X2X*",1
"XXX1X1X","X2X1X*",2
"XXX1X1X","X2XX44X*",1
"XXX1X1X","X31X2XX*",1
"XXX1X1X","X34XX14X1X*",1
"XXX1X1X","X36X*",1
"XXX1X1X","X36X35X1X12X*",1
"XXX1X1X","X37X39X64X*",1
"XXX1X1X","X3X142X*",1
"XXX1X1X","X3X32X*",1
"XXX1X1X","X3X56X1X7X*",1
"XXX1X1X","X45X1X78X31X*",1
"XXX1X1X","X59X70X8X*",1
"XXX1X1X","X5X6X*",1
"XXX1X1X","X5XX*",1
"XXX1X1X","X6X9XX*",1
"XXX1X1X","X8X*",1
"XXX1X1X","XX*",1
"XXX1X1X","XX1X1X*",1
"XXX1X1X","XX23X19X1X*",1
"XXX1X1X","XX2X*",1
"XXX1X1X","XX2XX*",1
"XXX1X1X","XX35X33XX*",1
"XXX1X1X","XX4X*",1
"XXX1X1X1X","X1X*",1
"XXX1X1X1X","X5XX*",1
"XXX1X1XX","X15X14X9X1X*",1
"XXX1X1XX1X","X1XX2X*",1
"XXX1X1XXX","X2XX*",1
"XXX1X1XXX","X30X31X*",1
"XXX1X1XXX","X3X*",1
"XXX1X1XXX","X3X2X1X*",1
"XXX1X1XXX","XX*",2
"XXX1X1XXX","XX1X*",1
"XXX1X1XXX","XX2XX6X*",1
"XXX1X1XXX1XXXXX","X58X1X22XX24X1XX16X*",1
"XXX1X4XX","XX38X36X*",1
"XXX1X5X","X5X7X*",1
"XXX1XX","X*",1
"XXX1XX","X18X10X29XX*",1
"XXX1XX","X1X*",1
"XXX1XX","X2X14X*",1
"XXX1XX","X2X5X*",1
"XXX1XX","X42X45X44X*",1
"XXX1XX","XX*",1
"XXX1XX","XXX*",1
"XXX1XX1X","X1X*",1
"XXX1XX1X","X1X7XX*",1
"XXX1XX1X","X2X7X3X*",1
"XXX1XX1X","X3X2X*",1
"XXX1XX1X","X4X41X6X48X20X*",1
"XXX1XX1X","X7X1X4XX*",1
"XXX1XX1X","XX87X*",1
"XXX1XXX","X18X1XX*",1
"XXX1XXX","X24X25X40X*",1
"XXX1XXX","X335X11X8X*",1
"XXX1XXX","XX27X59X62X*",1
"XXX1XXX","XX28X59X61X*",1
"XXX1XXX","XX30X61X62X*",1
"XXX1XXX2X","X77X39X49X4X112X*",1
"XXX1XXX5X","XX2X3X6X*",1
"XXX1XXX5X","XX90X83X2X*",1
"XXX1XXXX","XX1X60X304X*",1
"XXX1XXXX","XX2X84X276X*",1
"XXX1XXXX1X2X","XXX46XX1X*",1
"XXX1XXXX2X","XX5X46X1X51X*",1
"XXX1XXXXXX","X3X51X19X24X9X*",1
"XXX1XXXXXX1X","X30X28X4X167X126X43X169X164X*",1
"XXX1XXXXXX3X","XX2X*",1
"XXX1XXXXXXXX","X1X6XX1X*",1
"XXX20X","X4X23X*",1
"XXX20X","X69X27X*",1
"XXX21X","X17X*",1
"XXX2X","X*",2
"XXX2X","X14X15X*",1
"XXX2X","X1X*",2
"XXX2X","X1XX*",3
"XXX2X","X2X*",2
"XXX2X","X2X1X*",1
"XXX2X","X2X37X*",1
"XXX2X","X37X*",1
"XXX2X","X3X*",1
"XXX2X","XX*",6
"XXX2X","XX1X2X*",1
"XXX2X","XX3X*",1
"XXX2X1X","XX2X*",1
"XXX2X1XXXX","XX1X*",1
"XXX2X1XXXXXX","X39X44X38X*",1
"XXX2XX","X1X*",1
"XXX2XX","X34XX35XX*",1
"XXX2XX","XX1X*",1
"XXX2XX","XXX*",1
"XXX2XXX","XX2X*",2
"XXX2XXX","XXX*",1
"XXX2XXXXXX","X39XX45X5XX*",1
"XXX3X","X*",1
"XXX3X","X1XX*",1
"XXX3X","X27X26X2X*",1
"XXX3X","X2X3X*",1
"XXX3X","X30X29X1X*",1
"XXX3X","X31X88X*",1
"XXX3X","X3X*",1
"XXX3X","X3X2X*",1
"XXX3X","X3X4X*",1
"XXX3X","X3XX*",1
"XXX3X","XX1X*",1
"XXX3X","XX3X*",1
"XXX3X","XX4X*",1
"XXX3X1X","XX1X*",1
"XXX3XX","X9X7X*",1
"XXX3XX","XX37X*",1
"XXX3XXX","XX*",2
"XXX3XXX","XX8X*",1
"XXX3XXXX","XX1X6X*",1
"XXX4X","X2XX*",1
"XXX4X","X3X37X15X*",1
"XXX5X","XX*",1
"XXXX","X*",12
"XXXX","X103X102X*",1
"XXXX","X10X*",1
"XXXX","X115X2X*",1
"XXXX","X115X3X117X*",1
"XXXX","X115XX1X*",1
"XXXX","X117X114X*",1
"XXXX","X11X*",1
"XXXX","X134XXX*",1
"XXXX","X13X*",1
"XXXX","X13X4X2X*",1
"XXXX","X13XX24X*",1
"XXXX","X145X18X*",1
"XXXX","X148X20X15X*",1
"XXXX","X148XX*",1
"XXXX","X14X1X*",1
"XXXX","X14XX*",1
"XXXX","X163X*",1
"XXXX","X16X1X99X*",1
"XXXX","X176XX179X*",1
"XXXX","X17X18X*",1
"XXXX","X17X1X102X*",1
"XXXX","X17XX101X*",1
"XXXX","X182X*",1
"XXXX","X184XX1X*",1
"XXXX","X184XXX*",1
"XXXX","X187X*",1
"XXXX","X18X*",2
"XXXX","X18X2X2X*",1
"XXXX","X18XX*",1
"XXXX","X19X1X*",1
"XXXX","X1X*",9
"XXXX","X1X11X24X*",1
"XXXX","X1X18X*",2
"XXXX","X1X1X*",1
"XXXX","X1X2X*",3
"XXXX","X1X2X3X*",1
"XXXX","X1X2X5X*",1
"XXXX","X1X33X*",1
"XXXX","X1X3X*",1
"XXXX","X1X3X2X*",2
"XXXX","X1XX*",8
"XXXX","X1XX1X*",1
"XXXX","X1XX2X*",1
"XXXX","X20X28X24X*",1
"XXXX","X213X*",1
"XXXX","X21X*",1
"XXXX","X21XX3X*",1
"XXXX","X220X49X*",1
"XXXX","X22X39X18X*",1
"XXXX","X24X*",1
"XXXX","X24X43X*",1
"XXXX","X25X20X1X*",1
"XXXX","X25X2X*",1
"XXXX","X263XX266X*",1
"XXXX","X26X25X*",1
"XXXX","X27X3X*",1
"XXXX","X28X*",2
"XXXX","X28X35X*",1
"XXXX","X29XX*",1
"XXXX","X2X*",8
"XXXX","X2X19X21X*",1
"XXXX","X2X1X*",2
"XXXX","X2X2X*",1
"XXXX","X2X2X21X*",1
"XXXX","X2X3X2X*",2
"XXXX","X2X5X*",1
"XXXX","X2X66X*",1
"XXXX","X2X6X*",1
"XXXX","X2X6X2X*",1
"XXXX","X2X7X*",1
"XXXX","X2XX*",3
"XXXX","X2XX1X*",1
"XXXX","X317X80X*",1
"XXXX","X32X1XX*",1
"XXXX","X32X2X*",1
"XXXX","X32X3X*",1
"XXXX","X34X86X*",1
"XXXX","X34XX33X*",1
"XXXX","X35X*",1
"XXXX","X36X90X*",1
"XXXX","X376X181XX*",1
"XXXX","X38X18X*",1
"XXXX","X39XX*",1
"XXXX","X3X*",6
"XXXX","X3X18X*",1
"XXXX","X3X19X*",1
"XXXX","X3X1X*",1
"XXXX","X3X1X32X*",1
"XXXX","X3X2X*",4
"XXXX","X3X3X*",1
"XXXX","X3X4X1X*",1
"XXXX","X3XX*",2
"XXXX","X3XX1X*",2
"XXXX","X3XX3X*",1
"XXXX","X40X19X*",1
"XXXX","X4X*",2
"XXXX","X4X3X4X*",1
"XXXX","X4X61X*",1
"XXXX","X4XX*",1
"XXXX","X4XXX*",1
"XXXX","X50X53X*",1
"XXXX","X52X51X*",1
"XXXX","X54X2X*",1
"XXXX","X59X61X*",1
"XXXX","X5X131XX*",1
"XXXX","X60X*",1
"XXXX","X63X38X*",1
"XXXX","X69X66X*",1
"XXXX","X6X17X*",1
"XXXX","X6X2X3X*",1
"XXXX","X6X3X*",1
"XXXX","X75X92X97X*",2
"XXXX","X75X93X98X*",1
"XXXX","X76X78XX*",1
"XXXX","X77XX75X*",1
"XXXX","X78X96X97X*",1
"XXXX","X79X97X101X*",1
"XXXX","X79XX1X*",1
"XXXX","X7X1X*",1
"XXXX","X84X143XX*",1
"XXXX","X87X2X*",1
"XXXX","X94X98X*",1
"XXXX","X96X98XX*",1
"XXXX","XX*",25
"XXXX","XX117X105X*",1
"XXXX","XX11X*",1
"XXXX","XX15X12X*",1
"XXXX","XX1X*",1
"XXXX","XX1X106X*",1
"XXXX","XX1XX*",1
"XXXX","XX2X*",4
"XXXX","XX3X*",2
"XXXX","XX40X*",3
"XXXX","XX47X*",1
"XXXX","XX54X*",1
"XXXX","XX5X*",1
"XXXX","XX94X99X*",1
"XXXX","XX9X11X*",1
"XXXX","XXX*",4
"XXXX","XXX82X*",1
"XXXX1X","X*",8
"XXXX1X","X109XXX106X*",1
"XXXX1X","X128X2X2XX*",1
"XXXX1X","X148X146X*",1
"XXXX1X","X14X*",1
"XXXX1X","X151X148X1X*",1
"XXXX1X","X155X154X*",1
"XXXX1X","X15X17X2X*",1
"XXXX1X","X17X23X22X*",1
"XXXX1X","X18X19X*",1
"XXXX1X","X18X1X116X*",1
"XXXX1X","X18X49X*",1
"XXXX1X","X1X*",12
"XXXX1X","X1X183X184X*",1
"XXXX1X","X1X1X22X*",1
"XXXX1X","X1X1XX*",1
"XXXX1X","X1X20X*",1
"XXXX1X","X1X2X*",3
"XXXX1X","X1X2XX*",2
"XXXX1X","X1X39X*",1
"XXXX1X","X1X3X*",2
"XXXX1X","X1X42X41X*",1
"XXXX1X","X1X4X*",1
"XXXX1X","X1X57X54XX*",1
"XXXX1X","X1X6X*",1
"XXXX1X","X1X80X*",1
"XXXX1X","X1XX*",20
"XXXX1X","X1XX1X*",3
"XXXX1X","X1XX1X78X*",1
"XXXX1X","X1XX2XX*",1
"XXXX1X","X1XX3X*",1
"XXXX1X","X1XX3XX*",1
"XXXX1X","X20X19XX*",1
"XXXX1X","X20X23X*",1
"XXXX1X","X20X35X34X18X*",1
"XXXX1X","X21X20X*",1
"XXXX1X","X21X28X2X3X*",1
"XXXX1X","X22X1X27X*",1
"XXXX1X","X22X34X*",1
"XXXX1X","X23X1X*",1
"XXXX1X","X26X27X*",1
"XXXX1X","X282X284X*",1
"XXXX1X","X28X2X11XX*",1
"XXXX1X","X29X10X1X*",1
"XXXX1X","X2X*",9
"XXXX1X","X2X111X4X*",1
"XXXX1X","X2X1X*",2
"XXXX1X","X2X24X*",1
"XXXX1X","X2X3XX*",1
"XXXX1X","X2XX*",5
"XXXX1X","X2XX1X*",2
"XXXX1X","X2XX2X*",1
"XXXX1X","X2XX80X*",1
"XXXX1X","X2XXX*",2
"XXXX1X","X32X34X*",1
"XXXX1X","X32X3XX3X*",1
"XXXX1X","X34X70X36X*",1
"XXXX1X","X3X*",2
"XXXX1X","X3X1X*",1
"XXXX1X","X3X2X*",1
"XXXX1X","X3X2X1X78X*",1
"XXXX1X","X3X4X*",3
"XXXX1X","X3X4X78X*",2
"XXXX1X","X3X5X3XX*",1
"XXXX1X","X42X41X*",1
"XXXX1X","X44X*",1
"XXXX1X","X4X1X1X*",1
"XXXX1X","X4X2XX*",1
"XXXX1X","X4X83X*",1
"XXXX1X","X4XX*",3
"XXXX1X","X4XX4X*",1
"XXXX1X","X4XX5X2X*",1
"XXXX1X","X50X51X*",1
"XXXX1X","X51X*",1
"XXXX1X","X52XX40X*",1
"XXXX1X","X53X*",1
"XXXX1X","X56X17X39X*",1
"XXXX1X","X5X*",1
"XXXX1X","X5X1XX*",1
"XXXX1X","X5X7X*",1
"XXXX1X","X5XX*",1
"XXXX1X","X62X1X*",1
"XXXX1X","X6X*",2
"XXXX1X","X6X1X*",1
"XXXX1X","X6X3X41X*",1
"XXXX1X","X7X17X1X2X*",1
"XXXX1X","X8XX1X3X*",1
"XXXX1X","X90X92XX*",1
"XXXX1X","XX*",33
"XXXX1X","XX109X1X*",1
"XXXX1X","XX133X*",1
"XXXX1X","XX1X*",7
"XXXX1X","XX1X18X*",1
"XXXX1X","XX1X1X*",1
"XXXX1X","XX1X2X*",1
"XXXX1X","XX1X3X*",1
"XXXX1X","XX1X4X*",1
"XXXX1X","XX1X78X*",3
"XXXX1X","XX1X80X*",1
"XXXX1X","XX1XX*",3
"XXXX1X","XX1XX5X*",1
"XXXX1X","XX1XXX*",1
"XXXX1X","XX20X2X19X*",1
"XXXX1X","XX25X*",1
"XXXX1X","XX26X*",1
"XXXX1X","XX2X*",1
"XXXX1X","XX3X*",3
"XXXX1X","XX3XX*",1
"XXXX1X","XX4X*",3
"XXXX1X","XX5X*",1
"XXXX1X","XX5X3X*",2
"XXXX1X","XX6XX*",1
"XXXX1X","XX78X1X73X*",1
"XXXX1X","XX91X*",1
"XXXX1X","XXX*",10
"XXXX1X","XXX179X*",1
"XXXX1X","XXX3X*",1
"XXXX1X","XXX42X*",1
"XXXX1X","XXX5X*",1
"XXXX1X","XXXX*",1
"XXXX1X","XXXX1X*",1
"XXXX1X1X","X2X181X177X*",1
"XXXX1X1X","X2X2X*",1
"XXXX1X1X","X2XX*",1
"XXXX1X1X","X33XX36XX*",1
"XXXX1X1X","X35X28X8XX*",1
"XXXX1X1X","X36X41XX3X*",1
"XXXX1X1X","X6X177X181X*",1
"XXXX1X1X","X9X13X6X55X37X*",1
"XXXX1X1X","X9X8X3X*",1
"XXXX1X1X","XX*",1
"XXXX1X1XX","X6XX6X*",1
"XXXX1X1XXX","X3XX1X*",1
"XXXX1X2XX","X1XX*",1
"XXXX1X3X","X1XX1X*",1
"XXXX1X5X1X","X21X7X11X1X*",1
"XXXX1XX","X16X1X*",1
"XXXX1XX","X184X178X4X*",1
"XXXX1XX","X19XX1X2X*",1
"XXXX1XX","X1X*",2
"XXXX1XX","X20X*",1
"XXXX1XX","X2X13X*",1
"XXXX1XX","X41X42X48X*",1
"XXXX1XX","XX53X54X55X34X*",1
"XXXX1XX","XXX*",1
"XXXX1XX1X","XX1X3X*",1
"XXXX1XX1XX","XX2XX*",1
"XXXX1XX1XXX","XX2X3X26X23XX*",1
"XXXX1XXX","X2XX63X2XX*",1
"XXXX1XXX","XXX*",1
"XXXX1XXXX","X10X13X38X*",1
"XXXX1XXXX","X166X22X141X183X*",1
"XXXX1XXXX","X1X2XXX*",1
"XXXX1XXXXX","X9XX9X94X106X2X*",1
"XXXX20X","XX5X2X56X*",1
"XXXX20XXXX1X","X40X35X39X2X9X29X*",1
"XXXX20XXXX1X","XXX39X3XX17X*",1
"XXXX21X","X24X141X27X138X*",1
"XXXX2X","X13X*",1
"XXXX2X","X24X26X27X*",1
"XXXX2X","X30X18X*",1
"XXXX2X","X3X*",1
"XXXX2X","X5X10X12X*",1
"XXXX2X","X5X13X*",1
"XXXX2X1X","XX1XX*",1
"XXXX2XX","X1X2X*",1
"XXXX2XX","X27X85X*",1
"XXXX2XX","X3X1X15X*",1
"XXXX2XX","X44XX2X*",1
"XXXX2XX","X5X2X*",1
"XXXX2XXX","X6X*",1
"XXXX2XXX","XX5X6X*",1
"XXXX3X","X148X3X*",1
"XXXX3X","X1X2X*",1
"XXXX3X","X43X45X48X*",1
"XXXX3X","XX*",1
"XXXX3X","XX1X*",1
"XXXX3X1X","X1XX3X*",1
"XXXX3X1X","XX*",1
"XXXX3XX","XX3X4X*",1
"XXXX3XXX","X1X*",1
"XXXX3XXX","X2X*",1
"XXXX3XXX","XX3XX5XX*",1
"XXXX3XXXXXX2X","X1X6XXX*",1
"XXXX5X","X*",1
"XXXX5X","X1XX*",1
"XXXX7X","X1XX40X*",1
"XXXXX","X*",4
"XXXXX","X10X2X6X90X*",1
"XXXXX","X11X10X4X*",1
"XXXXX","X132X*",1
"XXXXX","X137X4X*",1
"XXXXX","X140X166X22X*",1
"XXXXX","X143X176X*",1
"XXXXX","X178X176X2X1X*",1
"XXXXX","X180X42XXX*",1
"XXXXX","X1X*",6
"XXXXX","X1X136X131X*",1
"XXXXX","X1X14X7X*",1
"XXXXX","X1X16X*",1
"XXXXX","X1X19X44X*",1
"XXXXX","X1X25X2X5X*",1
"XXXXX","X1X27X*",1
"XXXXX","X1X2X*",1
"XXXXX","X1X4X*",1
"XXXXX","X1X5X*",1
"XXXXX","X1X97X*",1
"XXXXX","X1XX*",6
"XXXXX","X1XX1X*",1
"XXXXX","X1XX4X*",1
"XXXXX","X1XX64X47X*",1
"XXXXX","X20X18X59X*",1
"XXXXX","X21X2XX*",1
"XXXXX","X22X23X*",1
"XXXXX","X22XX22X21X*",1
"XXXXX","X23X25X2X*",1
"XXXXX","X244X1X208X*",1
"XXXXX","X248X1X277X*",1
"XXXXX","X25X1X*",2
"XXXXX","X264X257XX*",1
"XXXXX","X26X*",1
"XXXXX","X27X*",1
"XXXXX","X2X*",7
"XXXXX","X2X1X*",2
"XXXXX","X2X1XX*",1
"XXXXX","X2X3X*",2
"XXXXX","X2X3X89X*",1
"XXXXX","X2X6X*",2
"XXXXX","X2XX*",1
"XXXXX","X2XX1X*",1
"XXXXX","X2XX2X*",1
"XXXXX","X30X34X*",1
"XXXXX","X32XX38X*",1
"XXXXX","X34X*",1
"XXXXX","X35X12X*",1
"XXXXX","X36X34X73X2X*",1
"XXXXX","X376X183X1X2X*",1
"XXXXX","X39X38X58X*",1
"XXXXX","X3X*",4
"XXXXX","X3X1X*",1
"XXXXX","X3X1XX*",1
"XXXXX","X3X214X*",1
"XXXXX","X3X2X3X*",1
"XXXXX","X3X30X2X4X*",1
"XXXXX","X3X31X*",1
"XXXXX","X3X7X*",1
"XXXXX","X3X7XX*",3
"XXXXX","X3XX*",2
"XXXXX","X3XX101X*",1
"XXXXX","X41X16X55X*",1
"XXXXX","X41X80X*",1
"XXXXX","X43X140X225X*",1
"XXXXX","X46X31X*",1
"XXXXX","X47XX*",1
"XXXXX","X49X*",1
"XXXXX","X4X*",2
"XXXXX","X4X174X173X*",1
"XXXXX","X4X1X*",1
"XXXXX","X4X3X3X*",1
"XXXXX","X4X6X1X*",1
"XXXXX","X52X*",1
"XXXXX","X55X6X1X*",1
"XXXXX","X57X82X1X*",1
"XXXXX","X5X*",1
"XXXXX","X5X2X*",1
"XXXXX","X5XX*",1
"XXXXX","X60XX*",1
"XXXXX","X61X62X*",1
"XXXXX","X65X70X2X17X*",1
"XXXXX","X66X2X1X66X*",1
"XXXXX","X6X3XX*",1
"XXXXX","X6X4X*",1
"XXXXX","X72XX*",1
"XXXXX","X73XX*",1
"XXXXX","X73XX75X*",1
"XXXXX","X7X*",1
"XXXXX","X80X*",1
"XXXXX","X81X59X*",1
"XXXXX","X9X8XX*",1
"XXXXX","X9XX1X*",1
"XXXXX","XX*",5
"XXXXX","XX10X7X*",1
"XXXXX","XX166X20X*",1
"XXXXX","XX1X4X*",1
"XXXXX","XX1XX*",3
"XXXXX","XX21X*",1
"XXXXX","XX222X*",1
"XXXXX","XX23X*",1
"XXXXX","XX24X37X4X*",1
"XXXXX","XX2X*",3
"XXXXX","XX2X13X*",1
"XXXXX","XX2X52XX*",1
"XXXXX","XX2X8X7X*",1
"XXXXX","XX3X*",3
"XXXXX","XX3XX*",1
"XXXXX","XX41X*",1
"XXXXX","XX47X20X*",1
"XXXXX","XX4X1X*",1
"XXXXX","XX4XX*",1
"XXXXX","XX57X7X48X*",1
"XXXXX","XX7X*",1
"XXXXX","XX7X5X*",1
"XXXXX","XX7XX*",1
"XXXXX","XX8X1X*",1
"XXXXX","XXX*",4
"XXXXX","XXX11X*",1
"XXXXX","XXXX*",1
"XXXXX17X1XX","X46X1X11X3X5X7X*",1
"XXXXX1X","X1X27X*",1
"XXXXX1X","X1X9X10XX*",1
"XXXXX1X","X1XX*",2
"XXXXX1X","X1XX1X*",1
"XXXXX1X","X28X102X18X*",1
"XXXXX1X","X2X122X129X*",1
"XXXXX1X","X2X21X18X*",1
"XXXXX1X","X2X29X2XXX*",1
"XXXXX1X","X2X5XX*",1
"XXXXX1X","X2XXX*",1
"XXXXX1X","X312X310X229X*",1
"XXXXX1X","X3998X2X*",1
"XXXXX1X","X3X2X34XX*",1
"XXXXX1X","X3X3X4X*",1
"XXXXX1X","X48X2XX47X*",1
"XXXXX1X","X50X1X*",1
"XXXXX1X","X52X1X57X*",1
"XXXXX1X","X5X8X*",1
"XXXXX1X","X60X81X*",1
"XXXXX1X","X61X57X2X2X*",1
"XXXXX1X","X62X100X101X*",1
"XXXXX1X","X63X2X19X*",1
"XXXXX1X","X65X6X73X2X*",1
"XXXXX1X","X71X28XX47X90X*",1
"XXXXX1X","X77X79X*",1
"XXXXX1X","X85X57X*",1
"XXXXX1X","X87X86X49X107X*",1
"XXXXX1X","XX*",1
"XXXXX1X","XX114X115X*",1
"XXXXX1X","XX1X103XX*",1
"XXXXX1X","XX1X2X*",2
"XXXXX1X","XX4X1XX31X*",1
"XXXXX1X","XX4XX*",1
"XXXXX1X","XXX*",2
"XXXXX1X1X","X1X37X1X*",1
"XXXXX1X1X","X47XX27X19X*",1
"XXXXX1X1X","X50X78X132X1X*",1
"XXXXX1X2X1X","X1X181X182X123X73X*",1
"XXXXX1XX","X21X43X26X17X48X*",1
"XXXXX1XX","X2X21X14XX10X*",1
"XXXXX1XX","X2X2X1X2X*",1
"XXXXX1XX","X41X43X3X40X45X*",1
"XXXXX1XX","X6X*",1
"XXXXX1XX","X8X*",1
"XXXXX1XX","XXX1X*",1
"XXXXX1XX1X","X1X1X4X*",1
"XXXXX1XX1X","X2X*",1
"XXXXX1XXX","X11X12X*",1
"XXXXX1XXX","X11X12X3X*",1
"XXXXX1XXX","X1X2XX*",1
"XXXXX1XXX","X27XX*",1
"XXXXX1XXX","X2X3X9X15X*",1
"XXXXX1XXX","X3X2X*",2
"XXXXX1XXX","X4X2X3X*",1
"XXXXX1XXX","X54X45X*",1
"XXXXX1XXX","X6X*",1
"XXXXX1XXX","X6X3X*",1
"XXXXX1XXX","X6X3X1X*",2
"XXXXX1XXX","X97XX97XX*",1
"XXXXX1XXX","XX8X*",1
"XXXXX1XXX1X","X40X38X26X2X*",1
"XXXXX1XXXX","X1X1X14XX8X*",1
"XXXXX1XXXX","X2X6X2XX23X3X*",1
"XXXXX1XXXX","X7X3X4X3X35X*",1
"XXXXX1XXXX","XX8X20X3X1X3X*",1
"XXXXX1XXXX1X","X3X2X20X16X6X*",1
"XXXXX1XXXX1X1X","X1X1X6X3X59XX52X*",1
"XXXXX1XXXXXX","X373X2X175X1X*",1
"XXXXX2X","X1X113X*",1
"XXXXX2X","X25X26X71X48X77X*",1
"XXXXX2X","X3X1X64X45X*",1
"XXXXX2X","X3X30X27X*",1
"XXXXX2X","X44X1X2X1X*",1
"XXXXX2X","X52X57X58X21X*",1
"XXXXX2X","XX31X21X*",1
"XXXXX2X1X","XX1X3X*",1
"XXXXX2X1X","XX3XX2X299X*",1
"XXXXX2X5XX","X1XX109X*",1
"XXXXX2XX","X83X30X8X6X1X*",1
"XXXXX2XXX","XX14X*",1
"XXXXX2XXX","XX1X3X1X*",1
"XXXXX2XXX1X1X","X1X1X3XX60X*",1
"XXXXX2XXX1X1X","X1X2XX6X3X62X1X56X*",1
"XXXXX2XXXXX","X2X3X2X30X16X3X7X*",1
"XXXXX4X","X4X*",1
"XXXXX4X","XX2X*",1
"XXXXX4X","XXX*",1
"XXXXXX","X*",2
"XXXXXX","X114X107X106X104X*",1
"XXXXXX","X116X46X68X3X1X*",1
"XXXXXX","X11X2X15X13X14X*",1
"XXXXXX","X11X7XX3X*",1
"XXXXXX","X124X25X3X*",1
"XXXXXX","X148X145X144X*",1
"XXXXXX","X174X2XX*",1
"XXXXXX","X17X24XX*",1
"XXXXXX","X1X*",6
"XXXXXX","X1X1X*",1
"XXXXXX","X1X1XX*",1
"XXXXXX","X1X1XX1X*",1
"XXXXXX","X1X4X47XX41X*",1
"XXXXXX","X1X57X60X29X32X*",1
"XXXXXX","X1X5X*",1
"XXXXXX","X1X71X72X*",1
"XXXXXX","X1X77XX*",1
"XXXXXX","X1X8X2X9X*",1
"XXXXXX","X1X9XX*",1
"XXXXXX","X1XX*",3
"XXXXXX","X1XX1X*",1
"XXXXXX","X1XX23X*",1
"XXXXXX","X1XX26X*",1
"XXXXXX","X1XX2X*",1
"XXXXXX","X1XX4XX1X*",1
"XXXXXX","X1XX5X*",1
"XXXXXX","X21X1X*",1
"XXXXXX","X22X1X*",1
"XXXXXX","X234X1X*",1
"XXXXXX","X24XX51X22X*",1
"XXXXXX","X27X23X24X27X*",1
"XXXXXX","X29X28X*",1
"XXXXXX","X2X*",3
"XXXXXX","X2X106X1X5X*",1
"XXXXXX","X2X113X111X*",1
"XXXXXX","X2X1X*",1
"XXXXXX","X2X1XX29X46X*",1
"XXXXXX","X2X25X24X*",1
"XXXXXX","X2X338X309XX*",1
"XXXXXX","X2X3X2XX*",1
"XXXXXX","X2X48X59X*",1
"XXXXXX","X2X5X85X176X*",1
"XXXXXX","X2X65X*",1
"XXXXXX","X2X80XX*",1
"XXXXXX","X2X9XX*",1
"XXXXXX","X2XX*",1
"XXXXXX","X2XX21X*",1
"XXXXXX","X2XXX*",1
"XXXXXX","X314X250X66XX*",1
"XXXXXX","X33XX1X28X63X*",1
"XXXXXX","X34X2X*",1
"XXXXXX","X35XX*",1
"XXXXXX","X37X30X29X*",1
"XXXXXX","X37XX*",1
"XXXXXX","X3X*",2
"XXXXXX","X3X5X4X*",1
"XXXXXX","X3X7X*",1
"XXXXXX","X3XX*",4
"XXXXXX","X3XX1X*",1
"XXXXXX","X3XX3X*",1
"XXXXXX","X42X64X63X1X*",1
"XXXXXX","X44X42X*",1
"XXXXXX","X44X42X46X1X10X*",1
"XXXXXX","X47X20X71X*",1
"XXXXXX","X47X23X46X21X*",1
"XXXXXX","X4X1X6XX*",1
"XXXXXX","X55XX31X27X*",1
"XXXXXX","X5X20X33X36XX*",1
"XXXXXX","X5X6X1X*",1
"XXXXXX","X5X7X*",1
"XXXXXX","X64X35X*",1
"XXXXXX","X66X18X3X*",1
"XXXXXX","X66X20X1X*",1
"XXXXXX","X67X37X7X45XX*",1
"XXXXXX","X6X2X*",1
"XXXXXX","X6X4X5X*",1
"XXXXXX","X74X*",1
"XXXXXX","X74X10X1X2X*",1
"XXXXXX","X75X74X78X*",1
"XXXXXX","X85X87X*",1
"XXXXXX","X96X2X119X*",1
"XXXXXX","X96X97X*",1
"XXXXXX","X97XX*",1
"XXXXXX","X9X127X133X130X*",1
"XXXXXX","XX*",7
"XXXXXX","XX13X15X*",1
"XXXXXX","XX17X*",1
"XXXXXX","XX19XX34X*",1
"XXXXXX","XX1X*",5
"XXXXXX","XX1XX*",1
"XXXXXX","XX26X2X*",1
"XXXXXX","XX2X*",2
"XXXXXX","XX2XX1X*",1
"XXXXXX","XX38X1X*",1
"XXXXXX","XX3X*",1
"XXXXXX","XX3X5X*",1
"XXXXXX","XX43X41X*",1
"XXXXXX","XX48XX*",1
"XXXXXX","XX4X9X*",1
"XXXXXX","XX59XX*",1
"XXXXXX","XX5X2X*",1
"XXXXXX","XX6X*",1
"XXXXXX","XX6X7X*",1
"XXXXXX","XX6XX33X*",1
"XXXXXX","XX7XX*",1
"XXXXXX","XXX*",4
"XXXXXX","XXX10X*",1
"XXXXXX","XXX20XX*",1
"XXXXXX","XXX27X*",1
"XXXXXX","XXXX*",2
"XXXXXX1X","X10XX42X34X*",1
"XXXXXX1X","X13X2X35X1X46XX*",1
"XXXXXX1X","X13X3X36X83X38X*",1
"XXXXXX1X","X1X2X*",1
"XXXXXX1X","X1X2X63X16X*",1
"XXXXXX1X","X1X2XX128X133X*",1
"XXXXXX1X","X27X23X8X20X7X21X*",1
"XXXXXX1X","X2X3X*",1
"XXXXXX1X","X3X7X*",1
"XXXXXX1X","X49X51X55X33X*",1
"XXXXXX1X","X5X11X2X*",1
"XXXXXX1X","X60X58X61XX5X*",1
"XXXXXX1X","X68X4XX70X*",1
"XXXXXX1X","X6XX3X38X*",1
"XXXXXX1X","X80X2X76X118X*",1
"XXXXXX1X","X85X3X4X2X*",1
"XXXXXX1X","XX103X48X*",1
"XXXXXX1X","XX131X128X4X*",1
"XXXXXX1X","XX179X1X*",1
"XXXXXX1X","XX1X*",1
"XXXXXX1X","XX1X2X*",1
"XXXXXX1X","XX1XX*",1
"XXXXXX1X","XX236X*",1
"XXXXXX1X","XX25X23X*",1
"XXXXXX1X","XX2X*",1
"XXXXXX1X","XXX29X*",1
"XXXXXX1X1X","X13X2XX1X7X*",1
"XXXXXX1X1X","X1XX*",1
"XXXXXX1X1X","X20XX5X*",1
"XXXXXX1X1X","X31X3X88X51X*",1
"XXXXXX1X1XXXXX","X14X16X17X*",1
"XXXXXX1X1XXXXXX1X","XXX105X191XX1X192X106X*",1
"XXXXXX1X2X","X2X22X16XX*",1
"XXXXXX1X5X","X3X2X22X*",1
"XXXXXX1XXX","XX2XX2X6X*",1
"XXXXXX1XXX5X","X1XX22X25X1X*",1
"XXXXXX1XXXX","X3XX1X196X46XX246X*",1
"XXXXXX1XXXX1X1X","X1X135X144X3X2X58X2X*",1
"XXXXXX2X","X27X119X118X1XX*",1
"XXXXXX2X2X1X1X","X4XX6X*",1
"XXXXXX2XXX1X1X","X130X1X134X1X2X58X54X*",1
"XXXXXX2XXX1X1X","X1X132X134X6X3X62X56X*",1
"XXXXXX2XXX1X1X","X1X4X62X2XX*",1
"XXXXXX3X","X1X5X2X*",1
"XXXXXX3X","X3X2X3X*",1
"XXXXXX3X","X4X5X34X37X*",1
"XXXXXX3X","XX3X1X*",1
"XXXXXX3XX","X5X7X118X111X*",1
"XXXXXX3XXXXX","X309X5XX316X435X*",1
"XXXXXX3XXXXXX","X3XX6X2X2X*",1
"XXXXXXX","X*",1
"XXXXXXX","X11X7X15X*",1
"XXXXXXX","X12X3X7X35X*",1
"XXXXXXX","X12X7X1X*",1
"XXXXXXX","X133X2X127X3X*",1
"XXXXXXX","X180X138X28X4X166X*",1
"XXXXXXX","X184X378X192X1X2X*",1
"XXXXXXX","X191X190X1X2X*",1
"XXXXXXX","X1X*",1
"XXXXXXX","X1X1X*",1
"XXXXXXX","X1X4X*",1
"XXXXXXX","X22X2X20X*",1
"XXXXXXX","X235X19X6X*",1
"XXXXXXX","X23X24X*",1
"XXXXXXX","X2X37X*",1
"XXXXXXX","X2X3X*",1
"XXXXXXX","X2X6XX*",1
"XXXXXXX","X2XXX*",1
"XXXXXXX","X33X3X30X31X64X*",1
"XXXXXXX","X36X2X38X*",1
"XXXXXXX","X373X179XX*",1
"XXXXXXX","X373X179XX1X*",1
"XXXXXXX","X373X4X183X1X*",1
"XXXXXXX","X376X1X183XX*",1
"XXXXXXX","X376X1X184X2X1X*",1
"XXXXXXX","X378X184X2X1X*",1
"XXXXXXX","X3X*",1
"XXXXXXX","X3X37X38X40X72X35X*",1
"XXXXXXX","X3X382X184X2X1XX*",1
"XXXXXXX","X3X4X3X*",1
"XXXXXXX","X3X59X277X*",1
"XXXXXXX","X3X8X16X17X2X*",1
"XXXXXXX","X45X77X79X*",1
"XXXXXXX","X4X196X198X2X1X*",1
"XXXXXXX","X51X*",1
"XXXXXXX","X51XX47XX3X*",1
"XXXXXXX","X57X23X34X61X59X*",1
"XXXXXXX","X58X15X155X2X*",1
"XXXXXXX","X5X2X130X*",1
"XXXXXXX","X5XXX*",1
"XXXXXXX","X6X9XX14X*",1
"XXXXXXX","X73XX57X4X*",1
"XXXXXXX","X7X2X3X*",1
"XXXXXXX","X83X81X78X84X*",1
"XXXXXXX","X85X87X*",1
"XXXXXXX","X8X*",1
"XXXXXXX","X9X30X33X*",1
"XXXXXXX","XX108X106X*",1
"XXXXXXX","XX13XXX*",1
"XXXXXXX","XX1X*",2
"XXXXXXX","XX1X3X*",1
"XXXXXXX","XX2X5X*",1
"XXXXXXX","XX2XX*",1
"XXXXXXX","XX37X1X*",1
"XXXXXXX","XX3XX4X2X*",1
"XXXXXXX","XX4X40X38X*",1
"XXXXXXX","XXX*",1
"XXXXXXX","XXX19X2XX*",1
"XXXXXXX","XXXX32X61X*",1
"XXXXXXX1X","X1X*",1
"XXXXXXX1X","X1X257X*",1
"XXXXXXX1X","X1XX15X41X27X*",1
"XXXXXXX1X","X55X62X66X*",1
"XXXXXXX1X","XX91X3X92X*",1
"XXXXXXX1X1XXX","XX169X165XX6X*",1
"XXXXXXX1X1XXXX1X","X4X1X2X1X1X9XX*",1
"XXXXXXX1XX","X2X15X6X2X*",1
"XXXXXXX1XX","X2XX12X2X3X*",1
"XXXXXXX1XX1X","X3X178X247X255XX1X178X*",1
"XXXXXXX1XXXXXXX1X","X3XX3X2XX2X6X*",1
"XXXXXXX1XXXXXXX1X","X3XX6XX3XX6X*",1
"XXXXXXX1XXXXXXX1X","X6X3X5X2X3X*",1
"XXXXXXX1XXXXXXX1X","XX2X2X2XX2X*",1
"XXXXXXX2XX1XX","X3X5X1XX5X*",1
"XXXXXXX2XXXX1XX","XX5X6X1XX*",1
"XXXXXXX2XXXXXXX1X","X3XX3X3XX1X*",1
"XXXXXXX4XXX","X1X11X12X6XX*",1
"XXXXXXXX","X100X98X3X*",1
"XXXXXXXX","X135XX3X1X*",1
"XXXXXXXX","X13X3XX17X*",1
"XXXXXXXX","X16X1XX21X1X*",1
"XXXXXXXX","X19X46X51X76X*",1
"XXXXXXXX","X1X4XX*",1
"XXXXXXXX","X1XX*",2
"XXXXXXXX","X2X1X*",1
"XXXXXXXX","X31X299X330XX18X*",1
"XXXXXXXX","X32X34X68X24X*",1
"XXXXXXXX","X34X64X8X26X23X*",1
"XXXXXXXX","X39X36XX5X23X*",1
"XXXXXXXX","X3X1X15X14X11X*",1
"XXXXXXXX","X3XX*",1
"XXXXXXXX","X49X5X1X55X45X43X*",1
"XXXXXXXX","X5X2X*",1
"XXXXXXXX","X69X21X2X3X3X*",1
"XXXXXXXX","X6X46XX47XX*",1
"XXXXXXXX","X6XX9X*",1
"XXXXXXXX","X76X74X71X46X3X27X*",1
"XXXXXXXX","X76XX76X*",1
"XXXXXXXX","X83XX43X*",1
"XXXXXXXX","X9X8X40X94X34X37X*",1
"XXXXXXXX","XX134X4X*",1
"XXXXXXXX","XX2XX2X*",1
"XXXXXXXX","XXX179XX1X*",1
"XXXXXXXX","XXX1X45X*",1
"XXXXXXXX1X","X1XXX7X*",1
"XXXXXXXX1X","X207X194X9XX1X*",1
"XXXXXXXX1X","X2X110XX229X1X230X232XX*",1
"XXXXXXXX1X","X2X1X*",1
"XXXXXXXX1X","X2X3X10XX*",1
"XXXXXXXX1X","X3X2X19X5XX1X*",1
"XXXXXXXX1X","XX1XX*",1
"XXXXXXXX1X","XX53XX*",1
"XXXXXXXX1X","XX69XX2X6X71X*",1
"XXXXXXXX1X2X","X37X1X72XX79X1X*",1
"XXXXXXXX1XX","X136X1X40X47X*",1
"XXXXXXXX1XX","X1X20X62X60X19X*",1
"XXXXXXXX1XX2XX","X88X92X1XX22X1X33X3X*",1
"XXXXXXXX1XXXXX","X1X16X22X23X*",1
"XXXXXXXX2X","X23X24X27X*",1
"XXXXXXXX2X","X2X13X*",1
"XXXXXXXX2X","XX1X46X51X53X2X47X*",1
"XXXXXXXX4X","X179X177X175X1X174X170X*",1
"XXXXXXXX4X","X3XX3X2XX*",1
"XXXXXXXX5X","XX26XX1X151XX*",1
"XXXXXXXXX","X19X43X66X45XX*",1
"XXXXXXXXX","X211X1X217X20XX14X30X*",1
"XXXXXXXXX","X2X100X105X90X1X*",1
"XXXXXXXXX","X2X3X105X107X91X2XX*",1
"XXXXXXXXX","X2X64X37XX29X*",1
"XXXXXXXXX","X2XX4X*",1
"XXXXXXXXX","X3X2X51X14X17X*",1
"XXXXXXXXX","X3X2X7X*",1
"XXXXXXXXX","X3X59X10X14X16X*",1
"XXXXXXXXX","X6X1074X1068X3XX*",1
"XXXXXXXXX","X6X2X3X167X3X181XX*",1
"XXXXXXXXX","XX19X54X3X76X*",1
"XXXXXXXXX","XX2XX*",1
"XXXXXXXXX","XX2XX9X10X*",1
"XXXXXXXXX","XX35X6X188X*",1
"XXXXXXXXX","XX3X*",1
"XXXXXXXXX","XX3X38XX90X58XX*",1
"XXXXXXXXX","XX3X8X8X19X*",1
"XXXXXXXXX","XX6X109X112X113X170X*",1
"XXXXXXXXX1X1XX","X183X186X185X184X2X1X11X1XX*",1
"XXXXXXXXX1XXX","XX59X60X93XX26X100X*",1
"XXXXXXXXX4X","XX26X152X3X5X*",1
"XXXXXXXXXX","X10XX10X*",1
"XXXXXXXXXX","X121X76X74X93XX46X*",1
"XXXXXXXXXX","X1X12XX*",1
"XXXXXXXXXX","X2X10X2X10X*",1
"XXXXXXXXXX","X2X3X184X176X2X*",1
"XXXXXXXXXX","X2XX2X21X1X11X*",1
"XXXXXXXXXX","X32X31X29XX2X2X*",1
"XXXXXXXXXX","X3X20X10X*",1
"XXXXXXXXXX","XX196X197X187X1X181X*",1
"XXXXXXXXXX","XX2X3X2X*",1
"XXXXXXXXXX","XXXX50X2X41X*",1
"XXXXXXXXXX1X","X6X5X11X2X101X*",1
"XXXXXXXXXX2XXX","X3XX141X1X139X3X*",1
"XXXXXXXXXXX","X1XX1X1X*",1
"XXXXXXXXXXX","X70X2X69X171X57X2XXX75X*",1
"XXXXXXXXXXX","X83X192X102X90X177X1X*",1
"XXXXXXXXXXX","XX1X6X8X67X82X2X13X*",1
"XXXXXXXXXXX1X","X10X11XX14XX*",1
"XXXXXXXXXXX1X","XX2X7X40X44XX48X*",1
"XXXXXXXXXXX2X","X1X6X16X18X*",1
"XXXXXXXXXXX4X","X53X56X60X*",1
"XXXXXXXXXXX4X","X5X55XX60X*",1
"XXXXXXXXXXXX","X173X172X191XX1X217X108X4X5X*",1
"XXXXXXXXXXXX","X2X25X29X2X44XX35X*",1
"XXXXXXXXXXXX","X3X9X67X64X2X6X*",1
"XXXXXXXXXXXX1X","X10XX65X63X2X3X2X*",1
"XXXXXXXXXXXX1X","X7X2XX5X2X*",1
"XXXXXXXXXXXXX","X10X2X33X27X*",1
"XXXXXXXXXXXXX","X3X10XX1X6X2X*",1
"XXXXXXXXXXXXX","X7X1XX5XX2X*",1
"XXXXXXXXXXXXX","XX1XX3X1XX*",1
"XXXXXXXXXXXXX","XX2X3X4X1X*",1
"XXXXXXXXXXXXXX","X10X3X62X63X3X2X*",1
"XXXXXXXXXXXXXX","XX48XX5X86X28X1X*",1
