pdbid,abchain,segment,paratope,plen,shiftset,gapset,abresnumiset
4RGO_1,L,CDR-L1,DY,2,1,0,31-32
4RGO_1,L,CDR-L2,YQ,2,3,2,50-53
4RGO_1,L,CDR-L3,HF,2,2,1,92-94
4RGO_1,H,HFR1,TS,2,2,1,28-30
4RGO_1,H,CDR-H1,AY,2,1,0,31-32
4RGO_1,H,CDR-H2,SGSY,4,2-2-2,1-1-1,52-54-56-58
4RGO_1,H,CDR-H3,YGDYVR,6,1-1-1-1-2,0-0-0-0-1,97-98-99-100-100A-100C
5TZU_1,L,CDR-L1,SDY,3,1-1,0-0,30-31-32
5TZU_1,L,LFR2,K,1,nan,nan,49
5TZU_1,L,CDR-L2,FQ,2,3,2,50-53
5TZU_1,L,CDR-L3,HGR,3,1-3,0-2,92-93-96
5TZU_1,H,CDR-H1,GY,2,1,0,31-32
5TZU_1,H,HFR2,W,1,nan,nan,47
5TZU_1,H,CDR-H2,TITSGGTYY,9,1-1-1-1-1-1-1-2,0-0-0-0-0-0-0-1,50-51-52-52A-53-54-55-56-58
5TZU_1,H,CDR-H3,LAGN,4,1-1-1,0-0-0,96-97-98-99
4QYO_1,L,CDR-L1,HDYN,4,3-2-2,2-1-1,30A-30D-32-34
4QYO_1,L,LFR2,LY,2,3,2,46-49
4QYO_1,L,CDR-L2,AE,2,5,4,50-55
4QYO_1,L,CDR-L3,TNEY,4,1-1-3,0-0-2,91-92-93-96
4QYO_1,H,HFR1,F,1,nan,nan,27
4QYO_1,H,CDR-H1,DDFH,4,1-1-2,0-0-1,31-32-33-35
4QYO_1,H,CDR-H3,YGVA,4,1-1-4,0-0-3,95-96-97-101
4F37_1,L,CDR-L1,HSY,3,1-2,0-1,30A-30B-32
4F37_1,L,CDR-L3,GSRVL,5,1-1-1-2,0-0-0-1,91-92-93-94-96
4F37_1,H,CDR-H1,R,1,nan,nan,31B
4F37_1,H,CDR-H2,YWDDR,5,1-1-2-2,0-0-1-1,52-53-54-56-58
4F37_1,H,CDR-H3,RYEN,4,5-1-2,4-0-1,95-100B-100C-100E
2OSL_1,L,CDR-L3,WNP,3,3-2,2-1,91-94-96
2OSL_1,H,CDR-H1,NH,2,2,1,33-35
2OSL_1,H,HFR2,W,1,nan,nan,47
2OSL_1,H,CDR-H2,AIYDTS,6,1-1-4-1-1,0-0-3-0-0,50-51-52-56-57-58
2OSL_1,H,CDR-H3,SYW,3,3-2,2-1,95-98-100B
1FDL_1,L,CDR-L1,Y,1,nan,nan,32
1FDL_1,L,LFR2,Y,1,nan,nan,49
1FDL_1,L,CDR-L2,YT,2,3,2,50-53
1FDL_1,L,CDR-L3,FWS,3,1-1,0-0,91-92-93
1FDL_1,H,CDR-H1,GY,2,1,0,31-32
1FDL_1,H,CDR-H2,WGD,3,1-1,0-0,52-53-54
1FDL_1,H,CDR-H3,DYR,3,1-1,0-0,97-98-99
5D93_1,L,CDR-L1,VSYY,4,2-1-2,1-0-1,29-31-32-34
5D93_1,L,CDR-L2,R,1,nan,nan,50
5D93_1,L,LFR3,G,1,nan,nan,68
5D93_1,L,CDR-L3,YHY,3,1-2,0-1,91-92-94
5D93_1,H,CDR-H1,SY,2,2,1,31-33
5D93_1,H,CDR-H2,WYSNTE,6,2-2-2-1-1,1-1-1-0-0,50-52-54-56-57-58
5D93_1,H,CDR-H3,ED,2,1,0,96-97
4XXD_1,L,CDR-L1,YDYH,4,2-2-2,1-1-1,30A-30C-32-34
4XXD_1,L,LFR2,FY,2,13,12,36-49
4XXD_1,L,CDR-L2,KF,2,5,4,50-55
4XXD_1,L,CDR-L3,STVW,4,1-2-2,0-1-1,91-92-94-96
4XXD_1,H,HFR1,F,1,nan,nan,27
4XXD_1,H,CDR-H1,RYS,3,1-1,0-0,31-32-33
4XXD_1,H,CDR-H2,QN,2,2,1,50-52
4XXD_1,H,HFR3,S,1,nan,nan,94
4XXD_1,H,CDR-H3,GDY,3,6-1,5-0,95-101-102
1NL0_1,L,CDR-L1,NN,2,1,0,30B-31
1NL0_1,L,CDR-L3,WD,2,2,1,91-93
1NL0_1,H,CDR-H1,TA,2,2,1,31-33
1NL0_1,H,CDR-H2,IISYKKY,7,1-1-1-4-1-1,0-0-0-3-0-0,50-51-52-52A-56-57-58
1NL0_1,H,CDR-H3,SIAAA,5,1-1-1-1,0-0-0-0,96-97-98-99-100
