pdbid,abchain,segment,paratope,plen,shiftset,gapset,abresnumiset,gap_patterns,absegment,gapstatus,gapstrstatus,raw_count,order,normalized_count
1RJL_1,L,CDR-L1,W,1,,,32,X,CDR1,0,continuous,85,1,0.11303191489361702
5F96_1,L,CDR-L1,RN,2,2,1,30-32,X1X,CDR1,1,discontinuous,61,2,0.08111702127659574
5C0R_1,L,CDR-L1,GTWL,4,1-1-1,0-0-0,30-31-32-33,XXXX,CDR1,0,continuous,56,3,0.07446808510638298
5F3H_1,L,CDR-L1,VSTAV,5,1-1-1-1,0-0-0-0,29-30-31-32-33,XXXXX,CDR1,0,continuous,53,4,0.07047872340425532
3A67_1,L,CDR-L1,QSIGDN,6,1-1-1-1-1,0-0-0-0-0,27-28-29-30-31-32,XXXXXX,CDR1,0,continuous,49,5,0.06515957446808511
5TZU_1,L,CDR-L1,SDY,3,1-1,0-0,30-31-32,XXX,CDR1,0,continuous,47,6,0.0625
1NL0_1,L,CDR-L1,NN,2,1,0,30B-31,XX,CDR1,0,continuous,38,7,0.05053191489361702
4K24_1,L,CDR-L1,SDK,3,1-2,0-1,30B-30C-30E,XX1X,CDR1,1,discontinuous,36,8,0.047872340425531915
5FB8_1,L,CDR-L1,TSGYY,5,1-1-1-2,0-0-0-1,30A-30B-30C-30D-32,XXXX1X,CDR1,1,discontinuous,29,9,0.03856382978723404
5TLJ_3,L,CDR-L1,TSYF,4,1-2-2,0-1-1,30A-30B-30D-32,XX1X1X,CDR1,1,discontinuous,19,10,0.02526595744680851
4TNW_1,L,CDR-L1,TGATIF,6,1-1-1-1-2,0-0-0-0-1,27-28-29-30B-30C-32,XXXXX1X,CDR1,1,discontinuous,18,11,0.023936170212765957
4UV7_1,L,CDR-L1,HNY,3,2-2,1-1,30A-30C-32,X1X1X,CDR1,1,discontinuous,17,12,0.022606382978723406
3K2U_1,L,CDR-L1,DVSA,4,1-1-2,0-0-1,28-29-30-32,XXX1X,CDR1,1,discontinuous,16,13,0.02127659574468085
4F37_1,L,CDR-L1,HSNNY,5,1-1-2-2,0-0-1-1,30A-30B-30C-30E-32,XXX1X1X,CDR1,1,discontinuous,13,14,0.017287234042553192
2IPU_1,L,CDR-L1,VHSNNY,6,1-1-1-2-2,0-0-0-1-1,30-30A-30B-30C-30E-32,XXXX1X1X,CDR1,1,discontinuous,13,15,0.017287234042553192
5UQY_1,L,CDR-L1,QVISNYL,7,1-1-1-1-1-1,0-0-0-0-0-0,27-28-29-30-31-32-33,XXXXXXX,CDR1,0,continuous,12,16,0.015957446808510637
5CZV_1,L,CDR-L1,GNNY,4,2-1-1,1-0-0,28-30-31-32,X1XXX,CDR1,1,discontinuous,10,17,0.013297872340425532
1FDL_1,L,CDR-L1,IY,2,3,2,29-32,X2X,CDR1,1,discontinuous,10,18,0.013297872340425532
4ONG_1,L,CDR-L1,DDYN,4,2-2-2,1-1-1,30A-30C-32-34,X1X1X1X,CDR1,1,discontinuous,9,19,0.011968085106382979
3B2U_1,L,CDR-L1,QSY,3,3-2,2-1,27-30-32,X2X1X,CDR1,1,discontinuous,9,20,0.011968085106382979
4XXD_1,L,CDR-L1,YDNYH,5,2-2-2-2,1-1-1-1,30A-30C-30E-32-34,X1X1X1X1X,CDR1,1,discontinuous,8,21,0.010638297872340425
5CD5_1,L,CDR-L1,QIDW,4,2-1-2,1-0-1,27-29-30-32,X1XX1X,CDR1,1,discontinuous,7,22,0.009308510638297872
3O2D_1,L,CDR-L1,YSTNQKY,7,1-1-1-1-1-2,0-0-0-0-0-1,30A-30B-30C-30D-30E-30F-32,XXXXXX1X,CDR1,1,discontinuous,7,23,0.009308510638297872
3G6D_1,L,CDR-L1,DNIGGTFV,8,1-1-1-1-1-1-1,0-0-0-0-0-0-0,26-27-28-29-30-31-32-33,XXXXXXXX,CDR1,0,continuous,7,24,0.009308510638297872
4RGO_1,L,CDR-L1,IDY,3,2-1,1-0,29-31-32,X1XX,CDR1,1,discontinuous,6,25,0.007978723404255319
5T6P_1,L,CDR-L1,HSNKYE,6,1-1-2-2-2,0-0-1-1-1,30A-30B-30C-30E-32-34,XXX1X1X1X,CDR1,1,discontinuous,5,26,0.006648936170212766
4JPK_1,L,CDR-L1,QSVY,4,1-1-3,0-0-2,27-28-29-32,XXX2X,CDR1,1,discontinuous,5,27,0.006648936170212766
4OLZ_1,L,CDR-L1,QYG,3,1-3,0-2,27-28-31,XX2X,CDR1,1,discontinuous,4,28,0.005319148936170213
4LU5_1,L,CDR-L1,YSNGKYN,7,1-1-1-1-2-2,0-0-0-0-1-1,30A-30B-30C-30D-30E-32-34,XXXXX1X1X,CDR1,1,discontinuous,4,29,0.005319148936170213
2XWT_1,L,CDR-L1,SSGSNY,6,1-2-1-1-1,0-1-0-0-0,27-28-30A-30B-31-32,XX1XXXX,CDR1,1,discontinuous,4,30,0.005319148936170213
5D93_1,L,CDR-L1,SVSYY,5,1-2-1-2,0-1-0-1,28-29-31-32-34,XX1XX1X,CDR1,1,discontinuous,4,31,0.005319148936170213
4XMP_1,L,CDR-L1,QITRH,5,2-1-1-1,1-0-0-0,27-29-30-31-32,X1XXXX,CDR1,1,discontinuous,4,32,0.005319148936170213
1MHP_1,L,CDR-L1,SVNH,4,1-2-1,0-1-0,28-29-31-32,XX1XX,CDR1,1,discontinuous,4,33,0.005319148936170213
3CSY_1,L,CDR-L1,YSNKY,5,2-1-2-2,1-0-1-1,30A-30C-30D-30F-32,X1XX1X1X,CDR1,1,discontinuous,4,34,0.005319148936170213
2IH3_1,L,CDR-L1,SD,2,4,3,28-32,X3X,CDR1,1,discontinuous,4,35,0.005319148936170213
2VXQ_1,L,CDR-L1,QY,2,5,4,27-32,X4X,CDR1,1,discontinuous,4,36,0.005319148936170213
4ZS6_1,L,CDR-L1,QDNSF,5,1-2-1-1,0-1-0-0,27-28-30-31-32,XX1XXX,CDR1,1,discontinuous,4,37,0.005319148936170213
3J8Z_1,L,CDR-L1,QSLFDSRNY,9,1-1-1-1-1-1-1-2,0-0-0-0-0-0-0-1,27-28-29-30-30A-30B-30C-30D-32,XXXXXXXX1X,CDR1,1,discontinuous,3,38,0.003989361702127659
2NZ9_1,L,CDR-L1,ESDSYGHSF,9,1-2-1-1-1-1-1-1,0-1-0-0-0-0-0-0,27-28-30-30A-30B-30C-30D-31-32,XX1XXXXXXX,CDR1,1,discontinuous,3,39,0.003989361702127659
3OPZ_2,L,CDR-L1,SSH,3,3-1,2-0,28-31-32,X2XX,CDR1,1,discontinuous,3,40,0.003989361702127659
2R0Z_1,L,CDR-L1,VHSNNYE,7,1-1-1-2-2-2,0-0-0-1-1-1,30-30A-30B-30C-30E-32-34,XXXX1X1X1X,CDR1,1,discontinuous,3,41,0.003989361702127659
1NMC_1,L,CDR-L1,QSNY,4,3-1-1,2-0-0,27-30-31-32,X2XXX,CDR1,1,discontinuous,3,42,0.003989361702127659
3OPZ_1,L,CDR-L1,SSVSH,5,1-1-2-1,0-0-1-0,27-28-29-31-32,XXX1XX,CDR1,1,discontinuous,2,43,0.0026595744680851063
2H1P_1,L,CDR-L1,QSLVHSNY,8,1-1-1-1-1-1-2,0-0-0-0-0-0-1,27-28-29-30-30A-30B-30C-32,XXXXXXX1X,CDR1,1,discontinuous,2,44,0.0026595744680851063
4RGN_2,L,CDR-L1,QNSGNF,6,3-1-1-1-2,2-0-0-0-1,27-30A-30B-30C-30D-32,X2XXXX1X,CDR1,1,discontinuous,2,45,0.0026595744680851063
4LSQ_1,L,CDR-L1,RID,3,2-3,1-2,27-29-32,X1X2X,CDR1,1,discontinuous,2,46,0.0026595744680851063
3GGW_1,L,CDR-L1,LHDYY,5,1-2-2-2,0-1-1-1,29-30A-30C-32-34,XX1X1X1X,CDR1,1,discontinuous,2,47,0.0026595744680851063
2EH8_1,L,CDR-L1,YSNKYLN,7,1-1-2-2-1-1,0-0-1-1-0-0,30A-30B-30C-30E-32-33-34,XXX1X1XXX,CDR1,1,discontinuous,2,48,0.0026595744680851063
4U1G_1,L,CDR-L1,VTYY,4,1-3-2,0-2-1,29-30A-30D-32,XX2X1X,CDR1,1,discontinuous,2,49,0.0026595744680851063
5IJK_1,L,CDR-L1,YNKY,4,3-2-2,2-1-1,30A-30D-30F-32,X2X1X1X,CDR1,1,discontinuous,2,50,0.0026595744680851063
4DVR_1,L,CDR-L1,QDW,3,1-4,0-3,27-28-32,XX3X,CDR1,1,discontinuous,2,51,0.0026595744680851063
4FFV_1,L,CDR-L1,RASNN,5,1-1-5-1,0-0-4-0,24-25-26-31-32,XXX4XX,CDR1,1,discontinuous,1,52,0.0013297872340425532
4YQX_1,L,CDR-L1,QLSSGNY,7,3-1-1-1-1-2,2-0-0-0-0-1,27-30-30A-30B-30C-30D-32,X2XXXXX1X,CDR1,1,discontinuous,1,53,0.0013297872340425532
4QHU_1,L,CDR-L1,NGDKYN,6,2-1-1-1-2,1-0-0-0-1,27-29-30-31-32-34,X1XXXX1X,CDR1,1,discontinuous,1,54,0.0013297872340425532
2XZQ_1,L,CDR-L1,STTSNY,6,1-3-2-1-1,0-2-1-0-0,26-27-30A-30C-31-32,XX2X1XXX,CDR1,1,discontinuous,1,55,0.0013297872340425532
4K3J_1,L,CDR-L1,QLYSSKY,7,2-1-2-1-2-2,1-0-1-0-1-1,27-29-30A-30C-30D-30F-32,X1XX1XX1X1X,CDR1,1,discontinuous,1,56,0.0013297872340425532
2OTU_1,L,CDR-L1,SQHSTYTIE,9,1-1-1-1-1-1-1-1,0-0-0-0-0-0-0-0,27-28-29-30-30A-31-32-33-34,XXXXXXXXX,CDR1,0,continuous,1,57,0.0013297872340425532
5JQ6_1,L,CDR-L1,QSLYSSNQKY,10,1-2-1-1-1-1-1-1-2,0-1-0-0-0-0-0-0-1,27-28-30-30A-30B-30C-30D-30E-30F-32,XX1XXXXXXX1X,CDR1,1,discontinuous,1,58,0.0013297872340425532
5TBD_1,L,CDR-L1,HNYLN,5,2-2-1-1,1-1-0-0,30A-30C-32-33-34,X1X1XXX,CDR1,1,discontinuous,1,59,0.0013297872340425532
4JAN_1,L,CDR-L1,STNV,4,4-1-1,3-0-0,27-31-32-33,X3XXX,CDR1,1,discontinuous,1,60,0.0013297872340425532
4FFW_1,L,CDR-L1,RSSNN,5,2-1-4-1,1-0-3-0,24-26-27-31-32,X1XX3XX,CDR1,1,discontinuous,1,61,0.0013297872340425532
1TQB_1,L,CDR-L1,DDGKYLN,7,2-1-1-2-1-1,1-0-0-1-0-0,30A-30C-30D-30E-32-33-34,X1XXX1XXX,CDR1,1,discontinuous,1,62,0.0013297872340425532
4F2M_1,L,CDR-L1,QSH,3,1-6,0-5,27-28-34,XX5X,CDR1,1,discontinuous,1,63,0.0013297872340425532
3SE9_1,L,CDR-L1,SYGH,4,1-3-1,0-2-0,27-28-31-32,XX2XX,CDR1,1,discontinuous,1,64,0.0013297872340425532
5ANY_1,L,CDR-L1,GAVTSSNCAN,10,1-1-1-1-1-1-1-1-1,0-0-0-0-0-0-0-0-0,28-29-30-30A-30B-30C-31-32-33-34,XXXXXXXXXX,CDR1,0,continuous,1,65,0.0013297872340425532
3SGE_1,L,CDR-L1,DDKYLN,6,2-2-2-1-1,1-1-1-0-0,30A-30C-30E-32-33-34,X1X1X1XXX,CDR1,1,discontinuous,1,66,0.0013297872340425532
4WHT_1,L,CDR-L1,EDNTYN,6,2-2-1-1-2,1-1-0-0-1,30A-30C-30E-31-32-34,X1X1XXX1X,CDR1,1,discontinuous,1,67,0.0013297872340425532
3LZF_1,L,CDR-L1,SGSNT,5,3-1-1-1,2-0-0-0,27-30A-30B-31-32,X2XXXX,CDR1,1,discontinuous,1,68,0.0013297872340425532
1KCR_1,L,CDR-L1,ETYVS,5,4-1-1-1,3-0-0-0,27-31-32-33-34,X3XXXX,CDR1,1,discontinuous,1,69,0.0013297872340425532
3U0T_1,L,CDR-L1,YDKTYLN,7,2-2-1-1-1-1,1-1-0-0-0-0,30A-30C-30E-31-32-33-34,X1X1XXXXX,CDR1,1,discontinuous,1,70,0.0013297872340425532
3LDB_1,L,CDR-L1,SSYYSGIKNL,10,2-2-1-1-1-1-1-1-1,1-1-0-0-0-0-0-0-0,26-28-30-30A-30B-30C-30D-30E-31-32,X1X1XXXXXXXX,CDR1,1,discontinuous,1,71,0.0013297872340425532
4N90_1,L,CDR-L1,RSQGY,5,2-1-1-4,1-0-0-3,24-26-27-28-32,X1XXX3X,CDR1,1,discontinuous,1,72,0.0013297872340425532
5KW9_1,L,CDR-L1,SQSVLYKSDKY,11,1-1-1-1-1-1-1-1-1-2,0-0-0-0-0-0-0-0-0-1,26-27-28-29-30-30A-30B-30C-30D-30E-32,XXXXXXXXXX1X,CDR1,1,discontinuous,1,73,0.0013297872340425532
1A3R_1,L,CDR-L1,NRTYLT,6,2-1-2-1-1,1-0-1-0-0,30A-30C-30D-32-33-34,X1XX1XXX,CDR1,1,discontinuous,1,74,0.0013297872340425532
1EJO_1,L,CDR-L1,ESDSYNF,7,1-2-1-1-2-2,0-1-0-0-1-1,27-28-30-30A-30B-30D-32,XX1XXX1X1X,CDR1,1,discontinuous,1,75,0.0013297872340425532
5EA0_1,L,CDR-L1,QYNY,4,3-3-2,2-2-1,27-30A-30D-32,X2X2X1X,CDR1,1,discontinuous,1,76,0.0013297872340425532
4KUC_1,L,CDR-L1,SKSVSY,6,1-1-1-2-1,0-0-0-1-0,26-27-28-29-31-32,XXXX1XX,CDR1,1,discontinuous,1,77,0.0013297872340425532
1QFW_2,L,CDR-L1,STVDF,5,2-1-1-2,1-0-0-1,26-28-29-30-32,X1XXX1X,CDR1,1,discontinuous,1,78,0.0013297872340425532
4O9H_1,L,CDR-L1,LSTASNY,7,4-1-1-1-1-1,3-0-0-0-0-0,25-29-30A-30B-30C-31-32,X3XXXXXX,CDR1,1,discontinuous,1,79,0.0013297872340425532
5JZ7_1,L,CDR-L1,SSGNNYS,7,1-2-1-1-1-2,0-1-0-0-0-1,27-28-30A-30B-31-32-34,XX1XXXX1X,CDR1,1,discontinuous,1,80,0.0013297872340425532
4ZS7_1,L,CDR-L1,ANNIGTYAY,9,1-1-2-1-1-1-1-1,0-0-1-0-0-0-0-0,26-27-28-30-30A-30B-30C-31-32,XXX1XXXXXX,CDR1,1,discontinuous,1,81,0.0013297872340425532
4QYO_1,L,CDR-L1,VDHDDSYMN,9,1-1-1-2-1-1-1-1,0-0-0-1-0-0-0-0,29-30-30A-30B-30D-31-32-33-34,XXXX1XXXXX,CDR1,1,discontinuous,1,82,0.0013297872340425532
1YY9_1,L,CDR-L1,SQSN,4,1-1-4,0-0-3,26-27-28-32,XXX3X,CDR1,1,discontinuous,1,83,0.0013297872340425532
3ULU_1,L,CDR-L1,SQSIY,5,1-1-1-3,0-0-0-2,26-27-28-29-32,XXXX2X,CDR1,1,discontinuous,1,84,0.0013297872340425532
3V6Z_1,L,CDR-L1,QYSNY,5,3-2-1-2,2-1-0-1,27-30A-30C-30D-32,X2X1XX1X,CDR1,1,discontinuous,1,85,0.0013297872340425532
4RGO_1,L,LFR2,N,1,,,49,X,FR2,0,continuous,233,1,0.728125
5FB8_1,L,LFR2,LY,2,3,2,46-49,X2X,FR2,1,discontinuous,55,2,0.171875
4XXD_1,L,LFR2,FLY,3,10-3,9-2,36-46-49,X9X2X,FR2,1,discontinuous,15,3,0.046875
4QYO_1,L,LFR2,FLIY,4,10-2-1,9-1-0,36-46-48-49,X9X1XX,FR2,1,discontinuous,4,4,0.0125
1HI6_1,L,LFR2,TIY,3,2-1,1-0,46-48-49,X1XX,FR2,1,discontinuous,3,5,0.009375
5GGR_1,L,LFR2,LLIY,4,1-1-1,0-0-0,46-47-48-49,XXXX,FR2,0,continuous,2,6,0.00625
3J70_1,L,LFR2,LIY,3,1-1,0-0,47-48-49,XXX,FR2,0,continuous,2,7,0.00625
4DW2_1,L,LFR2,LWY,3,1-2,0-1,46-47-49,XX1X,FR2,1,discontinuous,1,8,0.003125
4TQE_1,L,LFR2,YL,2,10,9,36-46,X9X,FR2,1,discontinuous,1,9,0.003125
1KCR_1,L,LFR2,YY,2,13,12,36-49,X12X,FR2,1,discontinuous,1,10,0.003125
1P4B_1,L,LFR2,IG,2,1,0,48-49,XX,FR2,0,continuous,1,11,0.003125
4ZFO_1,L,LFR2,YIF,3,12-1,11-0,36-48-49,X11XX,FR2,1,discontinuous,1,12,0.003125
1BGX_1,L,LFR2,WYQKGSSRLLIY,12,1-1-2-2-1-1-2-1-1-1-1,0-0-1-1-0-0-1-0-0-0-0,35-36-37-39-41-42-43-45-46-47-48-49,XXX1X1XXX1XXXXX,FR2,1,discontinuous,1,13,0.003125
5D93_1,L,CDR-L2,R,1,,,50,X,CDR2,0,continuous,177,1,0.354
3K2U_1,L,CDR-L2,SF,2,3,2,50-53,X2X,CDR2,1,discontinuous,86,2,0.172
5FB8_1,L,CDR-L2,LNLES,5,3-1-1-1,2-0-0-0,50-53-54-55-56,X2XXXX,CDR2,1,discontinuous,33,3,0.066
1FDL_1,L,CDR-L2,YTT,3,2-1,1-0,50-52-53,X1XX,CDR2,1,discontinuous,31,4,0.062
5UQY_1,L,CDR-L2,DT,2,1,0,50-51,XX,CDR2,0,continuous,26,5,0.052
3CX5_1,L,CDR-L2,RLHA,4,1-1-1,0-0-0,53-54-55-56,XXXX,CDR2,0,continuous,25,6,0.05
1NCB_1,L,CDR-L2,WSTRHI,6,2-1-1-1-1,1-0-0-0-0,50-52-53-54-55-56,X1XXXXX,CDR2,1,discontinuous,13,7,0.026
4QYO_1,L,CDR-L2,ANES,4,3-2-1,2-1-0,50-53-55-56,X2X1XX,CDR2,1,discontinuous,10,8,0.02
4XXD_1,L,CDR-L2,KF,2,5,4,50-55,X4X,CDR2,1,discontinuous,10,9,0.02
5DRZ_1,L,CDR-L2,WMV,3,3-2,2-1,50-53-55,X2X1X,CDR2,1,discontinuous,10,10,0.02
5IBL_1,L,CDR-L2,AGSSR,5,1-1-1-1,0-0-0-0,50-51-52-53-54,XXXXX,CDR2,0,continuous,8,11,0.016
5DUR_1,L,CDR-L2,GSS,3,1-2,0-1,50-51-53,XX1X,CDR2,1,discontinuous,7,12,0.014
5C0R_1,L,CDR-L2,AATSLAD,7,1-1-1-1-1-1,0-0-0-0-0-0,50-51-52-53-54-55-56,XXXXXXX,CDR2,0,continuous,7,13,0.014
5EOR_1,L,CDR-L2,LRR,3,1-1,0-0,50-51-52,XXX,CDR2,0,continuous,6,14,0.012
4RGO_1,L,CDR-L2,YQS,3,3-3,2-2,50-53-56,X2X2X,CDR2,1,discontinuous,4,15,0.008
5DUP_1,L,CDR-L2,GNSNRP,6,1-1-1-1-1,0-0-0-0-0,50-51-52-53-54-55,XXXXXX,CDR2,0,continuous,4,16,0.008
5TZU_1,L,CDR-L2,FQS,3,3-1,2-0,50-53-54,X2XX,CDR2,1,discontinuous,4,17,0.008
3CSY_1,L,CDR-L2,WES,3,5-1,4-0,50-55-56,X4XX,CDR2,1,discontinuous,4,18,0.008
4K24_1,L,CDR-L2,LS,2,6,5,50-56,X5X,CDR2,1,discontinuous,4,19,0.008
5ANM_2,L,CDR-L2,DRPS,4,4-1-1,3-0-0,50-54-55-56,X3XXX,CDR2,1,discontinuous,4,20,0.008
5FHC_2,L,CDR-L2,QKRP,4,3-1-1,2-0-0,50-53-54-55,X2XXX,CDR2,1,discontinuous,3,21,0.006
5WTH_1,L,CDR-L2,DSRLF,5,2-1-1-2,1-0-0-1,50-52-53-54-56,X1XXX1X,CDR2,1,discontinuous,3,22,0.006
1WEJ_1,L,CDR-L2,NK,2,2,1,50-52,X1X,CDR2,1,discontinuous,3,23,0.006
5KEN_3,L,CDR-L2,NTLE,4,3-1-2,2-0-1,50-53-54-56,X2XX1X,CDR2,1,discontinuous,2,24,0.004
4MWF_1,L,CDR-L2,GATT,4,1-2-3,0-1-2,50-51-53-56,XX1X2X,CDR2,1,discontinuous,2,25,0.004
5CZV_1,L,CDR-L2,DASKQ,5,1-1-1-2,0-0-0-1,50-51-52-53-55,XXXX1X,CDR2,1,discontinuous,2,26,0.004
2BDN_1,L,CDR-L2,GASET,5,1-2-2-1,0-1-1-0,50-51-53-55-56,XX1X1XX,CDR2,1,discontinuous,2,27,0.004
4WV1_1,L,CDR-L2,SSFL,4,2-1-1,1-0-0,50-52-53-54,X1XXX,CDR2,1,discontinuous,2,28,0.004
3HB3_1,L,CDR-L2,NKTE,4,2-1-3,1-0-2,50-52-53-56,X1XX2X,CDR2,1,discontinuous,1,29,0.002
5KEL_1,L,CDR-L2,SATILD,6,1-1-1-1-2,0-0-0-0-1,50-51-52-53-54-56,XXXXX1X,CDR2,1,discontinuous,1,30,0.002
4HJ0_1,L,CDR-L2,SNQRP,5,1-2-1-1,0-1-0-0,50-51-53-54-55,XX1XXX,CDR2,1,discontinuous,1,31,0.002
3NPS_1,L,CDR-L2,DNNPS,5,1-1-3-1,0-0-2-0,50-51-52-55-56,XXX2XX,CDR2,1,discontinuous,1,32,0.002
4Z5R_1,L,CDR-L2,YSNE,4,2-1-2,1-0-1,50-52-53-55,X1XX1X,CDR2,1,discontinuous,1,33,0.002
5DMG_1,L,CDR-L2,SAD,3,1-4,0-3,50-51-55,XX3X,CDR2,1,discontinuous,1,34,0.002
1BGX_1,L,CDR-L2,DSNLAS,6,1-2-1-1-1,0-1-0-0-0,50-51-53-54-55-56,XX1XXXX,CDR2,1,discontinuous,1,35,0.002
4I77_1,L,CDR-L2,SNS,3,1-3,0-2,52-53-56,XX2X,CDR2,1,discontinuous,1,36,0.002
4RGO_1,L,CDR-L3,GHSFY,5,1-1-1-2,0-0-0-1,91-92-93-94-96,XXXX1X,CDR3,1,discontinuous,197,1,0.26336898395721925
4F37_1,L,CDR-L3,GSRVPL,6,1-1-1-1-1,0-0-0-0-0,91-92-93-94-95-96,XXXXXX,CDR3,0,continuous,91,2,0.12165775401069519
3OPZ_1,L,CDR-L3,WSTF,4,1-1-1,0-0-0,91-92-93-94,XXXX,CDR3,0,continuous,55,3,0.07352941176470588
5C0R_1,L,CDR-L3,L,1,,,91,X,CDR3,0,continuous,36,4,0.0481283422459893
4OLZ_1,L,CDR-L3,YEF,3,5-1,4-0,91-96-97,X4XX,CDR3,1,discontinuous,29,5,0.03877005347593583
5CEZ_1,L,CDR-L3,SRSGF,5,1-1-1-1,0-0-0-0,93-94-95-95A-95B,XXXXX,CDR3,0,continuous,28,6,0.0374331550802139
3K2U_1,L,CDR-L3,QQSNRAPA,8,1-1-1-1-1-1-1,0-0-0-0-0-0-0,89-90-91-92-93-94-95-96,XXXXXXXX,CDR3,0,continuous,27,7,0.03609625668449198
1AI1_1,L,CDR-L3,QNNEDPP,7,1-1-1-1-1-1,0-0-0-0-0-0,90-91-92-93-94-95-96,XXXXXXX,CDR3,0,continuous,26,8,0.034759358288770054
4XI5_1,L,CDR-L3,NFP,3,1-1,0-0,93-94-95,XXX,CDR3,0,continuous,25,9,0.03342245989304813
5LCV_1,L,CDR-L3,SR,2,1,0,94-95,XX,CDR3,0,continuous,20,10,0.026737967914438502
5F96_1,L,CDR-L3,QYNNWW,6,1-1-1-1-2,0-0-0-0-1,90-91-92-93-94-96,XXXXX1X,CDR3,1,discontinuous,19,11,0.02540106951871658
5DMI_1,L,CDR-L3,GHSW,4,1-1-3,0-0-2,91-92-93-96,XXX2X,CDR3,1,discontinuous,16,12,0.0213903743315508
4XXD_1,L,CDR-L3,SQSTHVW,7,1-1-1-1-1-2,0-0-0-0-0-1,89-90-91-92-93-94-96,XXXXXX1X,CDR3,1,discontinuous,15,13,0.020053475935828877
4QYO_1,L,CDR-L3,QTNEDY,6,2-1-1-1-2,1-0-0-0-1,89-91-92-93-94-96,X1XXXX1X,CDR3,1,discontinuous,14,14,0.01871657754010695
3EFF_1,L,CDR-L3,YY,2,2,1,92-94,X1X,CDR3,1,discontinuous,10,15,0.013368983957219251
5T5B_1,L,CDR-L3,RR,2,4,3,91-95B,X3X,CDR3,1,discontinuous,9,16,0.012032085561497326
4UV7_1,L,CDR-L3,GTWW,4,1-2-2,0-1-1,91-92-94-96,XX1X1X,CDR3,1,discontinuous,8,17,0.0106951871657754
2OSL_1,L,CDR-L3,WSNPP,5,2-1-1-1,1-0-0-0,91-93-94-95-96,X1XXXX,CDR3,1,discontinuous,7,18,0.009358288770053475
4LSQ_1,L,CDR-L3,QYET,4,1-5-1,0-4-0,90-91-96-97,XX4XX,CDR3,1,discontinuous,6,19,0.008021390374331552
2Q8B_1,L,CDR-L3,GFR,3,1-4,0-3,91-92-96,XX3X,CDR3,1,discontinuous,6,20,0.008021390374331552
3MNZ_1,L,CDR-L3,HW,2,5,4,91-96,X4X,CDR3,1,discontinuous,6,21,0.008021390374331552
3TT1_1,L,CDR-L3,NEDY,4,1-1-2,0-0-1,92-93-94-96,XXX1X,CDR3,1,discontinuous,5,22,0.0066844919786096255
4HZL_1,L,CDR-L3,FQGSVP,6,1-1-1-2-2,0-0-0-1-1,89-90-91-92-94-96,XXXX1X1X,CDR3,1,discontinuous,5,23,0.0066844919786096255
1V7M_1,L,CDR-L3,RYR,3,3-2,2-1,91-94-96,X2X1X,CDR3,1,discontinuous,5,24,0.0066844919786096255
4YC2_1,L,CDR-L3,YDIH,4,2-1-1,1-0-0,91-93-94-95,X1XXX,CDR3,1,discontinuous,4,25,0.0053475935828877
4TSB_1,L,CDR-L3,QSYDRSLSGS,10,1-1-1-1-1-1-1-1-1,0-0-0-0-0-0-0-0-0,89-90-91-92-93-94-95-95A-95B-96,XXXXXXXXXX,CDR3,0,continuous,4,26,0.0053475935828877
3UJJ_1,L,CDR-L3,STNSGGTFF,9,1-1-1-1-1-1-1-1,0-0-0-0-0-0-0-0,90-91-92-93-94-95-95A-95B-96,XXXXXXXXX,CDR3,0,continuous,4,27,0.0053475935828877
4HJ0_1,L,CDR-L3,AWD,3,1-2,0-1,90-91-93,XX1X,CDR3,1,discontinuous,4,28,0.0053475935828877
4ZFO_1,L,CDR-L3,QYNYL,5,2-1-2-2,1-0-1-1,89-91-92-94-96,X1XX1X1X,CDR3,1,discontinuous,3,29,0.004010695187165776
3DVN_1,L,CDR-L3,YSLF,4,4-1-1,3-0-0,91-95A-95B-96,X3XXX,CDR3,1,discontinuous,3,30,0.004010695187165776
5JZ7_1,L,CDR-L3,WSSW,4,2-1-2,1-0-1,91-93-94-96,X1XX1X,CDR3,1,discontinuous,3,31,0.004010695187165776
4HT1_1,L,CDR-L3,YYSRP,5,1-2-1-1,0-1-0-0,92-93-95-95A-95B,XX1XXX,CDR3,1,discontinuous,3,32,0.004010695187165776
3DVG_1,L,CDR-L3,YSF,3,4-1,3-0,91-95A-96,X3XX,CDR3,1,discontinuous,3,33,0.004010695187165776
1W72_1,L,CDR-L3,WSD,3,2-2,1-1,91-93-95A,X1X1X,CDR3,1,discontinuous,3,34,0.004010695187165776
1NL0_1,L,CDR-L3,WDF,3,2-3,1-2,91-93-96,X1X2X,CDR3,1,discontinuous,3,35,0.004010695187165776
1CU4_1,L,CDR-L3,WQGTHH,6,1-1-1-1-3,0-0-0-0-2,89-90-91-92-93-96,XXXXX2X,CDR3,1,discontinuous,2,36,0.00267379679144385
1NAK_1,L,CDR-L3,FTTY,4,2-1-4,1-0-3,89-91-92-96,X1XX3X,CDR3,1,discontinuous,2,37,0.00267379679144385
5MES_1,L,CDR-L3,WDNW,4,2-2-1,1-1-0,91-93-95A-96,X1X1XX,CDR3,1,discontinuous,2,38,0.00267379679144385
2QHR_1,L,CDR-L3,VGDTIKF,7,1-1-1-1-1-3,0-0-0-0-0-2,90-91-92-93-94-95-95C,XXXXXX2X,CDR3,1,discontinuous,2,39,0.00267379679144385
3THM_1,L,CDR-L3,WDEGW,5,2-2-1-1,1-1-0-0,91-93-95A-95B-96,X1X1XXX,CDR3,1,discontinuous,2,40,0.00267379679144385
3EYF_1,L,CDR-L3,RSWP,4,1-2-1,0-1-0,91-92-94-95,XX1XX,CDR3,1,discontinuous,2,41,0.00267379679144385
4H8W_1,L,CDR-L3,YGSTF,5,2-1-1-2,1-0-0-1,91-93-94-95-95B,X1XXX1X,CDR3,1,discontinuous,2,42,0.00267379679144385
5T6P_1,L,CDR-L3,FQGSVPW,7,1-1-1-2-1-1,0-0-0-1-0-0,89-90-91-92-94-95-96,XXXX1XXX,CDR3,1,discontinuous,2,43,0.00267379679144385
1QFW_1,L,CDR-L3,SDEYY,5,1-1-2-1,0-0-1-0,91-92-93-95A-96,XXX1XX,CDR3,1,discontinuous,2,44,0.00267379679144385
5GIR_1,L,CDR-L3,QSF,3,2-5,1-4,89-91-96,X1X4X,CDR3,1,discontinuous,2,45,0.00267379679144385
4V1D_1,L,CDR-L3,WDSLIG,6,2-1-1-1-1,1-0-0-0-0,91-93-94-95-95A-95B,X1XXXXX,CDR3,1,discontinuous,2,46,0.00267379679144385
4YC2_2,L,CDR-L3,YIH,3,3-1,2-0,91-94-95,X2XX,CDR3,1,discontinuous,2,47,0.00267379679144385
3MLW_1,L,CDR-L3,WDRGGP,6,2-2-1-1-1,1-1-0-0-0,91-93-95-95A-95B-95C,X1X1XXXX,CDR3,1,discontinuous,2,48,0.00267379679144385
5DMG_1,L,CDR-L3,LGYCV,5,1-1-4-1,0-0-3-0,89-90-91-95D-96,XXX3XX,CDR3,1,discontinuous,1,49,0.001336898395721925
4HPY_1,L,CDR-L3,YSTDSSGHRV,10,1-1-1-1-1-1-2-1-1,0-0-0-0-0-0-1-0-0,89-90-91-92-93-94-95-95B-96-97,XXXXXXX1XXX,CDR3,1,discontinuous,1,50,0.001336898395721925
4K94_1,L,CDR-L3,WVH,3,2-1,1-0,91-93-94,X1XX,CDR3,1,discontinuous,1,51,0.001336898395721925
1NFD_1,L,CDR-L3,SSNDL,5,1-4-1-1,0-3-0-0,90-91-95A-95B-96,XX3XXX,CDR3,1,discontinuous,1,52,0.001336898395721925
4XP4_1,L,CDR-L3,FY,2,3,2,91-94,X2X,CDR3,1,discontinuous,1,53,0.001336898395721925
4M1D_1,L,CDR-L3,WDLSADW,7,1-3-1-1-1-1,0-2-0-0-0-0,91-92-95-95A-95B-95C-96,XX2XXXXX,CDR3,1,discontinuous,1,54,0.001336898395721925
1ZA3_1,L,CDR-L3,SSY,3,1-3,0-2,92-93-96,XX2X,CDR3,1,discontinuous,1,55,0.001336898395721925
4XH2_2,L,CDR-L3,FKRQKPI,7,1-1-1-1-2-1,0-0-0-0-1-0,91-92-93-94-95-95B-96,XXXXX1XX,CDR3,1,discontinuous,1,56,0.001336898395721925
3SGE_1,L,CDR-L3,WQGSY,5,1-1-1-4,0-0-0-3,89-90-91-92-96,XXXX3X,CDR3,1,discontinuous,1,57,0.001336898395721925
2B1H_1,L,CDR-L3,WDDGGP,6,1-1-2-1-1,0-0-1-0-0,91-92-93-95A-95B-95C,XXX1XXX,CDR3,1,discontinuous,1,58,0.001336898395721925
4OD2_1,L,CDR-L3,SSSGN,5,3-1-1-1,2-0-0-0,90-93-94-95-95A,X2XXXX,CDR3,1,discontinuous,1,59,0.001336898395721925
5C0N_1,L,CDR-L3,TYGTYAGF,8,1-1-1-1-1-1-3,0-0-0-0-0-0-2,91-92-93-94-95-95A-95B-95E,XXXXXXX2X,CDR3,1,discontinuous,1,60,0.001336898395721925
4HWB_1,L,CDR-L3,QYE,3,1-5,0-4,90-91-96,XX4X,CDR3,1,discontinuous,1,61,0.001336898395721925
4O4Y_1,L,CDR-L3,SYDCNCH,7,1-1-1-1-4-1,0-0-0-0-3-0,91-92-93-94-95-95D-96,XXXXX3XX,CDR3,1,discontinuous,1,62,0.001336898395721925
4BZ1_1,L,CDR-L3,QFYIYPY,7,2-1-1-1-1-1,1-0-0-0-0-0,89-91-92-93-94-95-96,X1XXXXXX,CDR3,1,discontinuous,1,63,0.001336898395721925
5EOR_1,L,CDR-L3,GVGDTEQFVY,10,1-1-1-1-2-1-1-1-1,0-0-0-0-1-0-0-0-0,89-90-91-92-93-95A-95B-95C-95D-96,XXXXX1XXXXX,CDR3,1,discontinuous,1,64,0.001336898395721925
3MJ9_1,L,CDR-L3,SWSW,4,1-4-1,0-3-0,90-91-95A-96,XX3XX,CDR3,1,discontinuous,1,65,0.001336898395721925
3GHE_1,L,CDR-L3,YTPYV,5,1-3-1-1,0-2-0-0,91-92-95A-95B-96,XX2XXX,CDR3,1,discontinuous,1,66,0.001336898395721925
4YO0_1,L,CDR-L3,HSYSSGIV,8,1-1-1-1-1-2-1,0-0-0-0-0-1-0,89-90-91-92-93-94-96-97,XXXXXX1XX,CDR3,1,discontinuous,1,67,0.001336898395721925
3MLT_3,L,CDR-L3,AWDASGTL,8,1-1-1-1-1-1-2,0-0-0-0-0-0-1,90-91-92-93-94-95B-95C-95E,XXXXXXX1X,CDR3,1,discontinuous,1,68,0.001336898395721925
5TZU_1,H,HFR1,S,1,,,30,X,FR1,0,continuous,247,1,0.4678030303030303
4RGO_1,H,HFR1,TS,2,2,1,28-30,X1X,FR1,1,discontinuous,69,2,0.13068181818181818
3U0T_1,H,HFR1,YY,2,1,0,27-28,XX,FR1,0,continuous,47,3,0.08901515151515152
4HPO_1,H,HFR1,RFT,3,1-1,0-0,28-29-30,XXX,FR1,0,continuous,23,4,0.043560606060606064
4QYO_1,H,HFR1,FK,2,3,2,27-30,X2X,FR1,1,discontinuous,19,5,0.03598484848484849
2VWE_1,H,HFR1,YTFT,4,1-1-1,0-0-0,27-28-29-30,XXXX,FR1,0,continuous,17,6,0.032196969696969696
4M7L_1,H,HFR1,YTI,3,1-2,0-1,27-28-30,XX1X,FR1,1,discontinuous,14,7,0.026515151515151516
3VG9_1,H,HFR1,EVGDST,6,1-24-1-1-2,0-23-0-0-1,1-2-26-27-28-30,XX23XXX1X,FR1,1,discontinuous,9,8,0.017045454545454544
5C0S_1,H,HFR1,GGPFR,5,1-1-1-1,0-0-0-0,26-27-28-29-30,XXXXX,FR1,0,continuous,7,9,0.013257575757575758
2DQI_1,H,HFR1,DIT,3,2-1,1-0,27-29-30,X1XX,FR1,1,discontinuous,6,10,0.011363636363636364
5MES_1,H,HFR1,VGFTFS,6,24-1-1-1-1,23-0-0-0-0,2-26-27-28-29-30,X23XXXXX,FR1,1,discontinuous,6,11,0.011363636363636364
4K24_1,H,HFR1,GYST,4,1-1-2,0-0-1,26-27-28-30,XXX1X,FR1,1,discontinuous,6,12,0.011363636363636364
2R29_1,H,HFR1,VGFNK,5,24-1-1-2,23-0-0-1,2-26-27-28-30,X23XXX1X,FR1,1,discontinuous,5,13,0.00946969696969697
3P30_1,H,HFR1,ALGATFS,7,1-24-1-1-1-1,0-23-0-0-0-0,1-2-26-27-28-29-30,XX23XXXXX,FR1,1,discontinuous,4,14,0.007575757575757576
1OAZ_1,H,HFR1,EVSGYTT,7,1-23-1-1-1-2,0-22-0-0-0-1,1-2-25-26-27-28-30,XX22XXXX1X,FR1,1,discontinuous,3,15,0.005681818181818182
4ZSO_1,H,HFR1,QVGTT,5,1-24-2-2,0-23-1-1,1-2-26-28-30,XX23X1X1X,FR1,1,discontinuous,2,16,0.003787878787878788
3MLY_1,H,HFR1,QSS,3,27-2,26-1,1-28-30,X26X1X,FR1,1,discontinuous,2,17,0.003787878787878788
3MNZ_1,H,HFR1,IYFT,4,25-2-1,24-1-0,2-27-29-30,X24X1XX,FR1,1,discontinuous,2,18,0.003787878787878788
4XXD_1,H,HFR1,VGFT,4,24-1-1,23-0-0,2-26-27-28,X23XXX,FR1,1,discontinuous,2,19,0.003787878787878788
2H9G_1,H,HFR1,EVFSG,5,1-25-1-2,0-24-0-1,1-2-27-28-30,XX24XX1X,FR1,1,discontinuous,2,20,0.003787878787878788
1EO8_1,H,HFR1,QVTGYSFS,8,1-23-1-1-1-1-1,0-22-0-0-0-0-0,1-2-25-26-27-28-29-30,XX22XXXXXX,FR1,1,discontinuous,2,21,0.003787878787878788
4HLZ_1,H,HFR1,SGFTLT,6,1-1-1-1-1,0-0-0-0-0,25-26-27-28-29-30,XXXXXX,FR1,0,continuous,2,22,0.003787878787878788
3Q3G_1,H,HFR1,VG,2,24,23,2-26,X23X,FR1,1,discontinuous,1,23,0.001893939393939394
4PY8_1,H,HFR1,QEFTF,5,25-1-1-1,24-0-0-0,1-26-27-28-29,X24XXXX,FR1,1,discontinuous,1,24,0.001893939393939394
3NPS_1,H,HFR1,ES,2,29,28,1-30,X28X,FR1,1,discontinuous,1,25,0.001893939393939394
1NSN_1,H,HFR1,DYT,3,26-3,25-2,1-27-30,X25X2X,FR1,1,discontinuous,1,26,0.001893939393939394
3MNW_1,H,HFR1,QIYFT,5,1-25-2-1,0-24-1-0,1-2-27-29-30,XX24X1XX,FR1,1,discontinuous,1,27,0.001893939393939394
4CMH_1,H,HFR1,QGYTT,5,25-1-1-2,24-0-0-1,1-26-27-28-30,X24XXX1X,FR1,1,discontinuous,1,28,0.001893939393939394
3GRW_1,H,HFR1,EQASGFTT,8,2-21-1-1-1-1-2,1-20-0-0-0-0-1,1-3-24-25-26-27-28-30,X1X20XXXXX1X,FR1,1,discontinuous,1,29,0.001893939393939394
4R9Y_1,H,HFR1,QSGYT,5,22-1-1-1,21-0-0-0,3-25-26-27-28,X21XXXX,FR1,1,discontinuous,1,30,0.001893939393939394
1BGX_1,H,HFR1,QTVTGYST,8,18-1-1-1-1-1-2,17-0-0-0-0-0-1,5-23-24-25-26-27-28-30,X17XXXXXX1X,FR1,1,discontinuous,1,31,0.001893939393939394
5H35_1,H,HFR1,VKASGFGFT,9,1-21-1-1-1-1-1-1,0-20-0-0-0-0-0-0,2-3-24-25-26-27-28-29-30,XX20XXXXXXX,FR1,1,discontinuous,1,32,0.001893939393939394
2Y6S_1,H,HFR1,VYT,3,25-3,24-2,2-27-30,X24X2X,FR1,1,discontinuous,1,33,0.001893939393939394
1IQD_1,H,HFR1,QVGYLT,6,1-24-1-2-1,0-23-0-1-0,1-2-26-27-29-30,XX23XX1XX,FR1,1,discontinuous,1,34,0.001893939393939394
4G6J_1,H,HFR1,QFTS,4,26-1-2,25-0-1,1-27-28-30,X25XX1X,FR1,1,discontinuous,1,35,0.001893939393939394
5AUM_1,H,HFR1,AVLGVTFS,8,1-2-22-1-1-1-1,0-1-21-0-0-0-0,1-2-4-26-27-28-29-30,XX1X21XXXXX,FR1,1,discontinuous,1,36,0.001893939393939394
5KVD_1,H,HFR1,VTSGYTFI,8,22-1-1-1-1-1-1,21-0-0-0-0-0-0,2-24-25-26-27-28-29-30,X21XXXXXXX,FR1,1,discontinuous,1,37,0.001893939393939394
3TT3_1,H,HFR1,QGYTFT,6,25-1-1-1-1,24-0-0-0-0,1-26-27-28-29-30,X24XXXXX,FR1,1,discontinuous,1,38,0.001893939393939394
2OZ4_1,H,HFR1,EGTFS,5,25-2-1-1,24-1-0-0,1-26-28-29-30,X24X1XXX,FR1,1,discontinuous,1,39,0.001893939393939394
3WKM_1,H,HFR1,ENIK,4,27-1-1,26-0-0,1-28-29-30,X26XXX,FR1,1,discontinuous,1,40,0.001893939393939394
4Y5V_1,H,HFR1,EVF,3,1-25,0-24,1-2-27,XX24X,FR1,1,discontinuous,1,41,0.001893939393939394
3HB3_1,H,HFR1,EFT,3,26-1,25-0,1-27-28,X25XX,FR1,1,discontinuous,1,42,0.001893939393939394
4J4P_1,H,HFR1,QSGDSS,6,24-1-1-1-2,23-0-0-0-1,1-25-26-27-28-30,X23XXXX1X,FR1,1,discontinuous,1,43,0.001893939393939394
2Q8A_1,H,HFR1,EVQLVSGFKIK,11,1-1-1-20-1-1-1-1-1-1,0-0-0-19-0-0-0-0-0-0,1-2-3-4-24-25-26-27-28-29-30,XXXX19XXXXXXX,FR1,1,discontinuous,1,44,0.001893939393939394
2HKF_1,H,HFR1,VVGSTL,6,22-2-1-1-1,21-1-0-0-0,2-24-26-27-28-29,X21X1XXXX,FR1,1,discontinuous,1,45,0.001893939393939394
4I18_1,H,HFR1,EVGFNF,6,1-24-1-1-1,0-23-0-0-0,1-2-26-27-28-29,XX23XXXX,FR1,1,discontinuous,1,46,0.001893939393939394
3MJ9_1,H,HFR1,QVTVSGIS,8,1-21-1-1-1-1-1,0-20-0-0-0-0-0,1-2-23-24-25-26-27-28,XX20XXXXXX,FR1,1,discontinuous,1,47,0.001893939393939394
1FJ1_1,H,HFR1,IFT,3,27-1,26-0,2-29-30,X26XX,FR1,1,discontinuous,1,48,0.001893939393939394
2Q8B_1,H,HFR1,EVQLVSGFKK,10,1-1-1-20-1-1-1-1-2,0-0-0-19-0-0-0-0-1,1-2-3-4-24-25-26-27-28-30,XXXX19XXXXX1X,FR1,1,discontinuous,1,49,0.001893939393939394
5GIR_1,H,HFR1,VYT,3,25-1,24-0,2-27-28,X24XX,FR1,1,discontinuous,1,50,0.001893939393939394
3CX5_1,H,HFR1,EVTGYS,6,1-23-1-1-1,0-22-0-0-0,1-2-25-26-27-28,XX22XXXX,FR1,1,discontinuous,1,51,0.001893939393939394
5C0R_1,H,HFR1,EVFTLT,6,1-25-1-1-1,0-24-0-0-0,1-2-27-28-29-30,XX24XXXX,FR1,1,discontinuous,1,52,0.001893939393939394
5FB8_1,H,HFR1,SGYST,5,1-1-1-2,0-0-0-1,25-26-27-28-30,XXXX1X,FR1,1,discontinuous,1,53,0.001893939393939394
4IRZ_1,H,HFR1,QVGNIK,6,1-24-2-1-1,0-23-1-0-0,1-2-26-28-29-30,XX23X1XXX,FR1,1,discontinuous,1,54,0.001893939393939394
2OSL_1,H,CDR-H1,NMH,3,1-1,0-0,33-34-35,XXX,CDR1,0,continuous,241,1,0.31056701030927836
5C0R_1,H,CDR-H1,Y,1,,,33,X,CDR1,0,continuous,120,2,0.15463917525773196
4QYO_1,H,CDR-H1,DDFH,4,1-1-2,0-0-1,31-32-33-35,XXX1X,CDR1,1,discontinuous,94,3,0.1211340206185567
5UQY_1,H,CDR-H1,SY,2,2,1,31A-33,X1X,CDR1,1,discontinuous,91,4,0.1172680412371134
4RGO_1,H,CDR-H1,AY,2,1,0,31-32,XX,CDR1,0,continuous,81,5,0.10438144329896908
4XXD_1,H,CDR-H1,RYSMS,5,1-1-1-1,0-0-0-0,31-32-33-34-35,XXXXX,CDR1,0,continuous,70,6,0.09020618556701031
5TZU_1,H,CDR-H1,GYGM,4,1-1-1,0-0-0,31-32-33-34,XXXX,CDR1,0,continuous,38,7,0.04896907216494845
4BZ2_1,H,CDR-H1,DNH,3,2-2,1-1,31-33-35,X1X1X,CDR1,1,discontinuous,19,8,0.024484536082474227
3B2U_1,H,CDR-H1,GDY,3,1-2,0-1,31A-31B-33,XX1X,CDR1,1,discontinuous,7,9,0.00902061855670103
3THM_1,H,CDR-H1,NSYYV,5,1-1-1-2,0-0-0-1,31A-31B-32-33-35,XXXX1X,CDR1,1,discontinuous,4,10,0.005154639175257732
3QG6_1,H,CDR-H1,SNYAWN,6,1-1-1-1-1,0-0-0-0-0,31-31A-32-33-34-35,XXXXXX,CDR1,0,continuous,2,11,0.002577319587628866
4F37_1,H,CDR-H1,RS,2,4,3,31B-35,X3X,CDR1,1,discontinuous,2,12,0.002577319587628866
5JHL_1,H,CDR-H1,ETMH,4,2-1-1,1-0-0,31-33-34-35,X1XXX,CDR1,1,discontinuous,2,13,0.002577319587628866
2R0L_1,H,CDR-H1,NSH,3,1-3,0-2,31-32-35,XX2X,CDR1,1,discontinuous,2,14,0.002577319587628866
4FP8_1,H,CDR-H1,ESTY,4,1-1-3,0-0-2,31-31A-31B-31E,XXX2X,CDR1,1,discontinuous,1,15,0.001288659793814433
1NSN_1,H,CDR-H1,SDAN,4,1-2-2,0-1-1,31-31A-33-35,XX1X1X,CDR1,1,discontinuous,1,16,0.001288659793814433
4YDJ_1,H,CDR-H1,SFHFGTYF,8,1-1-1-1-1-1-1,0-0-0-0-0-0-0,31-31A-31B-31C-31D-31E-32-33,XXXXXXXX,CDR1,0,continuous,1,17,0.001288659793814433
3A67_1,H,CDR-H2,YSYSGSY,7,2-1-1-1-1-2,1-0-0-0-0-1,50-52-53-54-55-56-58,X1XXXXX1X,CDR2,1,discontinuous,32,1,0.0389768574908648
3WLW_1,H,CDR-H2,WSYNNN,6,2-1-1-2-2,1-0-0-1-1,50-52-53-54-56-58,X1XXX1X1X,CDR2,1,discontinuous,30,2,0.03654080389768575
4QYO_1,H,CDR-H2,R,1,,,50,X,CDR2,0,continuous,29,3,0.03532277710109622
5FB8_1,H,CDR-H2,NYN,3,1-1,0-0,52-53-54,XXX,CDR2,0,continuous,22,4,0.02679658952496955
4FQK_1,H,CDR-H2,YS,2,1,0,53-54,XX,CDR2,0,continuous,21,5,0.025578562728380026
2VXQ_1,H,CDR-H2,YYHSNTY,7,2-1-1-2-1-1,1-0-0-1-0-0,50-52-53-54-56-57-58,X1XXX1XXX,CDR2,1,discontinuous,19,6,0.023142509135200974
4OLZ_1,H,CDR-H2,WKPRWGAVSYARQQ,14,2-1-1-1-1-1-1-1-1-1-1-1-2,1-0-0-0-0-0-0-0-0-0-0-0-1,50-52-52A-53-54-55-56-57-58-59-60-61-62-64,X1XXXXXXXXXXXX1X,CDR2,1,discontinuous,19,7,0.023142509135200974
4YC2_1,H,CDR-H2,HYSNY,5,1-1-2-2,0-0-1-1,52-53-54-56-58,XXX1X1X,CDR2,1,discontinuous,19,8,0.023142509135200974
3CSY_1,H,CDR-H2,SSSSSY,6,1-1-1-1-1,0-0-0-0-0,52-52A-53-54-55-56,XXXXXX,CDR2,0,continuous,19,9,0.023142509135200974
5C8J_1,H,CDR-H2,PSYGYTY,7,1-1-1-1-1-1,0-0-0-0-0-0,52A-53-54-55-56-57-58,XXXXXXX,CDR2,0,continuous,18,10,0.02192448233861145
4RGO_1,H,CDR-H2,SGGGSY,6,1-1-1-1-2,0-0-0-0-1,52-53-54-55-56-58,XXXXX1X,CDR2,1,discontinuous,18,11,0.02192448233861145
1H0D_1,H,CDR-H2,TSSGGGNY,8,2-1-1-1-1-1-2,1-0-0-0-0-0-1,50-52-52A-53-54-55-56-58,X1XXXXXX1X,CDR2,1,discontinuous,18,12,0.02192448233861145
3LDB_1,H,CDR-H2,YYNSGGTD,8,2-1-1-1-1-1-1,1-0-0-0-0-0-0,50-52-53-54-55-56-57-58,X1XXXXXXX,CDR2,1,discontinuous,18,13,0.02192448233861145
1FDL_1,H,CDR-H2,WGDG,4,1-1-1,0-0-0,52-53-54-55,XXXX,CDR2,0,continuous,16,14,0.0194884287454324
5GGR_1,H,CDR-H2,VIWYD,5,1-1-1-1,0-0-0-0,50-51-52-52A-53,XXXXX,CDR2,0,continuous,15,15,0.018270401948842874
2Y5T_1,H,CDR-H2,MHDER,5,2-2-2-2,1-1-1-1,50-52-54-56-58,X1X1X1X1X,CDR2,1,discontinuous,15,16,0.018270401948842874
2QQK_1,H,CDR-H2,YYSYTD,6,2-2-2-1-1,1-1-1-0-0,50-52-54-56-57-58,X1X1X1XXX,CDR2,1,discontinuous,12,17,0.014616321559074299
5TZU_1,H,CDR-H2,TITSGGTYY,9,1-1-1-1-1-1-1-2,0-0-0-0-0-0-0-1,50-51-52-52A-53-54-55-56-58,XXXXXXXX1X,CDR2,1,discontinuous,12,18,0.014616321559074299
3B2U_1,H,CDR-H2,YYYSGSTDY,9,2-1-1-1-1-1-1-1,1-0-0-0-0-0-0-0,50-52-53-54-55-56-57-58-59,X1XXXXXXXX,CDR2,1,discontinuous,12,19,0.014616321559074299
1A3R_1,H,CDR-H2,RLDPANYTK,9,1-1-1-1-1-2-1-1,0-0-0-0-0-1-0-0,50-51-52-52A-53-54-56-57-58,XXXXXX1XXX,CDR2,1,discontinuous,11,20,0.013398294762484775
3U0T_1,H,CDR-H2,RK,2,8,7,50-58,X7X,CDR2,1,discontinuous,11,21,0.013398294762484775
4HZL_1,H,CDR-H2,TISSGGSYTY,10,1-1-1-1-1-1-1-1-1,0-0-0-0-0-0-0-0-0,50-51-52-52A-53-54-55-56-57-58,XXXXXXXXXX,CDR2,0,continuous,11,22,0.013398294762484775
4Z0X_1,H,CDR-H2,GFIDFTAM,8,1-1-1-1-2-1-1,0-0-0-0-1-0-0,50-51-52-53-54-56-57-58,XXXXX1XXX,CDR2,1,discontinuous,11,23,0.013398294762484775
5KEN_3,H,CDR-H2,NIDTYYGT,8,1-1-1-1-1-2-2,0-0-0-0-0-1-1,50-51-52-52A-53-54-56-58,XXXXXX1X1X,CDR2,1,discontinuous,10,24,0.012180267965895249
4O4Y_1,H,CDR-H2,GIGTSGNIW,9,1-1-1-1-1-1-1-1,0-0-0-0-0-0-0-0,50-51-52-53-54-55-56-57-58,XXXXXXXXX,CDR2,0,continuous,7,25,0.008526187576126675
1ORS_1,H,CDR-H2,YNYST,5,2-1-1-2,1-0-0-1,50-52-53-54-56,X1XXX1X,CDR2,1,discontinuous,7,26,0.008526187576126675
2OQJ_1,H,CDR-H2,TYD,3,1-2,0-1,55-56-58,XX1X,CDR2,1,discontinuous,7,27,0.008526187576126675
4ZSO_1,H,CDR-H2,YND,3,2-2,1-1,52-54-56,X1X1X,CDR2,1,discontinuous,6,28,0.007308160779537149
2ARJ_1,H,CDR-H2,WGDD,4,1-1-2,0-0-1,52-53-54-56,XXX1X,CDR2,1,discontinuous,6,29,0.007308160779537149
4RAV_1,H,CDR-H2,VISYDSNKY,9,1-1-1-1-2-1-1-1,0-0-0-0-1-0-0-0,50-51-52-52A-53-55-56-57-58,XXXXX1XXXX,CDR2,1,discontinuous,6,30,0.007308160779537149
3H42_1,H,CDR-H2,SSSSYISY,8,1-1-1-1-1-1-1,0-0-0-0-0-0-0,52A-53-54-55-56-57-58-59,XXXXXXXX,CDR2,0,continuous,6,31,0.007308160779537149
3PGF_1,H,CDR-H2,YSYSGY,6,2-1-1-1-1,1-0-0-0-0,50-52-53-54-55-56,X1XXXXX,CDR2,1,discontinuous,6,32,0.007308160779537149
4HJ0_1,H,CDR-H2,ITFN,4,1-1-4,0-0-3,52-53-54-58,XXX3X,CDR2,1,discontinuous,6,33,0.007308160779537149
4O9H_1,H,CDR-H2,ISAGGGSY,8,1-1-1-1-1-1-2,0-0-0-0-0-0-1,51-52-52A-53-54-55-56-58,XXXXXXX1X,CDR2,1,discontinuous,6,34,0.007308160779537149
1RJL_1,H,CDR-H2,EHNH,4,2-1-5,1-0-4,50-52-53-58,X1XX4X,CDR2,1,discontinuous,6,35,0.007308160779537149
5C0N_1,H,CDR-H2,YY,2,6,5,52-58,X5X,CDR2,1,discontinuous,5,36,0.0060901339829476245
2Q8B_1,H,CDR-H2,RD,2,2,1,50-52,X1X,CDR2,1,discontinuous,5,37,0.0060901339829476245
5E8D_1,H,CDR-H2,RDPLN,5,2-1-1-1,1-0-0-0,50-52-52A-53-54,X1XXXX,CDR2,1,discontinuous,5,38,0.0060901339829476245
3IDG_1,H,CDR-H2,YDDR,4,2-2-2,1-1-1,52-54-56-58,X1X1X1X,CDR2,1,discontinuous,5,39,0.0060901339829476245
1IAI_2,H,CDR-H2,WINTYTT,7,1-1-1-1-1-4,0-0-0-0-0-3,50-51-52-52A-53-54-58,XXXXXX3X,CDR2,1,discontinuous,5,40,0.0060901339829476245
5T5B_1,H,CDR-H2,RTPGEGSD,8,2-2-1-1-1-2-2,1-1-0-0-0-1-1,50-52-52B-52C-53-54-56-58,X1X1XXXX1X1X,CDR2,1,discontinuous,5,41,0.0060901339829476245
3DVG_1,H,CDR-H2,YTYY,4,2-1-1,1-0-0,50-52-53-54,X1XXX,CDR2,1,discontinuous,5,42,0.0060901339829476245
3QNZ_1,H,CDR-H2,RKE,3,2-1,1-0,50-52-53,X1XX,CDR2,1,discontinuous,5,43,0.0060901339829476245
4BH8_1,H,CDR-H2,YINPN,5,1-1-1-2,0-0-0-1,50-51-52-52A-54,XXXX1X,CDR2,1,discontinuous,4,44,0.0048721071863581
4S1R_1,H,CDR-H2,WNRGGGVNYGRRQ,13,2-1-1-1-1-1-1-1-1-1-1-2,1-0-0-0-0-0-0-0-0-0-0-1,50-52-53-54-55-56-57-58-59-60-61-62-64,X1XXXXXXXXXXX1X,CDR2,1,discontinuous,4,45,0.0048721071863581
5IQ9_1,H,CDR-H2,RTGPGEGSD,9,2-1-1-1-1-1-2-2,1-0-0-0-0-0-1-1,50-52-52A-52B-52C-53-54-56-58,X1XXXXXX1X1X,CDR2,1,discontinuous,4,46,0.0048721071863581
2H1P_1,H,CDR-H2,TINSKTY,7,1-1-1-4-1-1,0-0-0-3-0-0,50-51-52-52A-56-57-58,XXXX3XXX,CDR2,1,discontinuous,4,47,0.0048721071863581
5EA0_1,H,CDR-H2,VMSYDTY,7,1-1-1-1-3-2,0-0-0-0-2-1,50-51-52-52A-53-56-58,XXXXX2X1X,CDR2,1,discontinuous,4,48,0.0048721071863581
5IJK_1,H,CDR-H2,RKD,3,2-6,1-5,50-52-58,X1X5X,CDR2,1,discontinuous,4,49,0.0048721071863581
4TNW_1,H,CDR-H2,LINNGGTS,8,1-1-2-1-1-1-1,0-0-1-0-0-0-0,50-51-52-54-55-56-57-58,XXX1XXXXX,CDR2,1,discontinuous,4,50,0.0048721071863581
3GBM_1,H,CDR-H2,IPIFTK,6,1-1-1-2-2,0-0-0-1-1,52-52A-53-54-56-58,XXXX1X1X,CDR2,1,discontinuous,4,51,0.0048721071863581
1NL0_1,H,CDR-H2,IISYDKKY,8,1-1-1-1-3-1-1,0-0-0-0-2-0-0,50-51-52-52A-53-56-57-58,XXXXX2XXX,CDR2,1,discontinuous,4,52,0.0048721071863581
5BVP_1,H,CDR-H2,WYDDNQY,7,1-1-2-1-1-1,0-0-1-0-0-0,52-52A-53-55-56-57-58,XXX1XXXX,CDR2,1,discontinuous,3,53,0.0036540803897685747
5D93_1,H,CDR-H2,WYSYNTE,7,2-2-1-1-1-1,1-1-0-0-0-0,50-52-54-55-56-57-58,X1X1XXXXX,CDR2,1,discontinuous,3,54,0.0036540803897685747
1EJO_1,H,CDR-H2,TISSYY,6,1-1-1-4-2,0-0-0-3-1,50-51-52-52A-56-58,XXXX3X1X,CDR2,1,discontinuous,3,55,0.0036540803897685747
1V7M_1,H,CDR-H2,ERSVN,5,2-1-2-1,1-0-1-0,50-52-52A-52C-53,X1XX1XX,CDR2,1,discontinuous,3,56,0.0036540803897685747
4TQE_1,H,CDR-H2,WDPENDIA,8,2-1-1-1-2-1-1,1-0-0-0-1-0-0,50-52-52A-53-54-56-57-58,X1XXXX1XXX,CDR2,1,discontinuous,3,57,0.0036540803897685747
5TLK_1,H,CDR-H2,YDEQI,5,2-1-4-2,1-0-3-1,50-52-52A-56-58,X1XX3X1X,CDR2,1,discontinuous,3,58,0.0036540803897685747
4AEI_1,H,CDR-H2,SDFY,4,2-4-2,1-3-1,50-52A-56-58,X1X3X1X,CDR2,1,discontinuous,3,59,0.0036540803897685747
5LCV_1,H,CDR-H2,SDST,4,1-2-1,0-1-0,52A-53-55-56,XX1XX,CDR2,1,discontinuous,3,60,0.0036540803897685747
4K9E_1,H,CDR-H2,YPYSGYY,7,1-1-1-1-1-2,0-0-0-0-0-1,52-52A-53-54-55-56-58,XXXXXX1X,CDR2,1,discontinuous,3,61,0.0036540803897685747
4JZO_1,H,CDR-H2,GFIFTAM,7,1-1-2-2-1-1,0-0-1-1-0-0,50-51-52-54-56-57-58,XXX1X1XXX,CDR2,1,discontinuous,3,62,0.0036540803897685747
3BGF_1,H,CDR-H2,YPGNDTT,7,1-1-1-2-1-1,0-0-0-1-0-0,52-52A-53-54-56-57-58,XXXX1XXX,CDR2,1,discontinuous,3,63,0.0036540803897685747
4D9Q_1,H,CDR-H2,WNTYTE,6,2-1-1-1-2,1-0-0-0-1,50-52-52A-53-54-56,X1XXXX1X,CDR2,1,discontinuous,3,64,0.0036540803897685747
3J8W_1,H,CDR-H2,YGDATR,6,1-1-2-1-1,0-0-1-0-0,52-53-54-56-57-58,XXX1XXX,CDR2,1,discontinuous,3,65,0.0036540803897685747
4LSQ_1,H,CDR-H2,WNTNGAVNYAWY,12,2-1-1-1-1-1-1-1-1-1-1,1-0-0-0-0-0-0-0-0-0-0,50-52-53-54-55-56-57-58-59-60-61-62,X1XXXXXXXXXXX,CDR2,1,discontinuous,3,66,0.0036540803897685747
4ZS6_1,H,CDR-H2,YSYTN,5,2-4-1-1,1-3-0-0,50-52-56-57-58,X1X3XXX,CDR2,1,discontinuous,3,67,0.0036540803897685747
4G6A_2,H,CDR-H2,YSYSTYR,7,2-1-3-1-1-6,1-0-2-0-0-5,50-52-53-56-57-58-64,X1XX2XXX5X,CDR2,1,discontinuous,3,68,0.0036540803897685747
2NZ9_1,H,CDR-H2,TSDGGSYTYY,10,2-1-1-1-1-1-1-1-1,1-0-0-0-0-0-0-0-0,50-52-52A-53-54-55-56-57-58-59,X1XXXXXXXXX,CDR2,1,discontinuous,3,69,0.0036540803897685747
5KEL_1,H,CDR-H2,ERLNAH,6,2-1-1-3-2,1-0-0-2-1,50-52-52A-53-56-58,X1XXX2X1X,CDR2,1,discontinuous,2,70,0.00243605359317905
1P2C_1,H,CDR-H2,ELPSDSTY,8,2-1-2-1-1-1-1,1-0-1-0-0-0-0,50-52-52A-54-55-56-57-58,X1XX1XXXXX,CDR2,1,discontinuous,2,71,0.00243605359317905
4RDQ_1,H,CDR-H2,MK,2,4,3,50-54,X3X,CDR2,1,discontinuous,2,72,0.00243605359317905
3P0Y_1,H,CDR-H2,ESAAGYTDYK,10,2-1-1-1-2-1-1-1-5,1-0-0-0-1-0-0-0-4,50-52-52A-53-54-56-57-58-59-64,X1XXXX1XXXX4X,CDR2,1,discontinuous,2,73,0.00243605359317905
5U3N_1,H,CDR-H2,RSRDI,5,2-1-1-3,1-0-0-2,50-52-52A-53-56,X1XXX2X,CDR2,1,discontinuous,2,74,0.00243605359317905
5EU7_1,H,CDR-H2,YYYSST,6,2-1-1-2-1,1-0-0-1-0,50-52-53-54-56-57,X1XXX1XX,CDR2,1,discontinuous,2,75,0.00243605359317905
3MAC_1,H,CDR-H2,SIILFGFVVYQ,11,1-1-1-1-1-1-1-1-1-5,0-0-0-0-0-0-0-0-0-4,50-51-52-53-54-55-56-57-58-59-64,XXXXXXXXXX4X,CDR2,1,discontinuous,2,76,0.00243605359317905
1ZTX_1,H,CDR-H2,LRR,3,4-2,3-1,52-56-58,X3X1X,CDR2,1,discontinuous,2,77,0.00243605359317905
2OSL_1,H,CDR-H2,AIYNDTSY,8,1-1-2-2-1-1-1,0-0-1-1-0-0-0,50-51-52-54-56-57-58-59,XXX1X1XXXX,CDR2,1,discontinuous,2,78,0.00243605359317905
4XXD_1,H,CDR-H2,QNSS,4,2-1-4,1-0-3,50-52-52A-56,X1XX3X,CDR2,1,discontinuous,2,79,0.00243605359317905
4XVT_1,H,CDR-H2,WKPRGGAVNYPQQ,13,2-1-1-1-1-1-1-1-1-1-1-3,1-0-0-0-0-0-0-0-0-0-0-2,50-52-52A-53-54-55-56-57-58-59-60-61-64,X1XXXXXXXXXXX2X,CDR2,1,discontinuous,2,80,0.00243605359317905
3THM_1,H,CDR-H2,SIAYRGNSSGSTY,13,1-1-1-1-1-1-1-2-1-1-1-1,0-0-0-0-0-0-0-1-0-0-0-0,50-51-52-52A-52B-52C-52D-52E-54-55-56-57-58,XXXXXXXX1XXXXX,CDR2,1,discontinuous,2,81,0.00243605359317905
4WHT_1,H,CDR-H2,SITGRFY,7,1-1-3-1-1-1,0-0-2-0-0-0,50-51-52-55-56-57-58,XXX2XXXX,CDR2,1,discontinuous,2,82,0.00243605359317905
4J8R_1,H,CDR-H2,VDTN,4,6-1-1,5-0-0,50-56-57-58,X5XXX,CDR2,1,discontinuous,2,83,0.00243605359317905
1G7J_1,H,CDR-H2,WGDGD,5,1-1-1-3,0-0-0-2,52-53-54-55-58,XXXX2X,CDR2,1,discontinuous,2,84,0.00243605359317905
2GSI_1,H,CDR-H2,WDPEDTE,7,2-1-1-3-1-1,1-0-0-2-0-0,50-52-52A-53-56-57-58,X1XXX2XXX,CDR2,1,discontinuous,2,85,0.00243605359317905
1QKZ_1,H,CDR-H2,TDYY,4,2-6-1,1-5-0,50-52A-58-59,X1X5XX,CDR2,1,discontinuous,2,86,0.00243605359317905
2HRP_1,H,CDR-H2,YTY,3,6-2,5-1,50-56-58,X5X1X,CDR2,1,discontinuous,2,87,0.00243605359317905
4LU5_1,H,CDR-H2,YSNYKY,6,2-1-3-1-2,1-0-2-0-1,50-52-52A-55-56-58,X1XX2XX1X,CDR2,1,discontinuous,2,88,0.00243605359317905
3ULU_3,H,CDR-H2,ENPNNRN,7,2-1-1-1-2-2,1-0-0-0-1-1,50-52-52A-53-54-56-58,X1XXXX1X1X,CDR2,1,discontinuous,2,89,0.00243605359317905
4FFV_1,H,CDR-H2,VVIKYGTTNYQQ,12,1-1-1-1-1-1-1-1-1-2-3,0-0-0-0-0-0-0-0-0-1-2,50-51-52-53-54-55-56-57-58-59-61-64,XXXXXXXXXX1X2X,CDR2,1,discontinuous,2,90,0.00243605359317905
3VRL_1,H,CDR-H2,IISSGGSYTYK,11,1-1-1-1-1-1-1-1-1-6,0-0-0-0-0-0-0-0-0-5,50-51-52-52A-53-54-55-56-57-58-64,XXXXXXXXXX5X,CDR2,1,discontinuous,2,91,0.00243605359317905
4H8W_1,H,CDR-H2,INNSRNF,7,1-1-1-2-1-2,0-0-0-1-0-1,51-52-52A-53-55-56-58,XXXX1XX1X,CDR2,1,discontinuous,2,92,0.00243605359317905
5FYK_2,H,CDR-H2,WKRGGAVNYCRPLQ,14,2-1-1-1-1-1-1-1-1-1-1-1-1,1-0-0-0-0-0-0-0-0-0-0-0-0,50-52-53-54-55-56-57-58-59-60-61-62-63-64,X1XXXXXXXXXXXXX,CDR2,1,discontinuous,2,93,0.00243605359317905
2JIX_2,H,CDR-H2,YESTN,5,4-2-1-1,3-1-0-0,50-54-56-57-58,X3X1XXX,CDR2,1,discontinuous,2,94,0.00243605359317905
3OPZ_1,H,CDR-H2,YYINY,5,4-1-1-1,3-0-0-0,52-56-57-58-59,X3XXXX,CDR2,1,discontinuous,2,95,0.00243605359317905
2IH3_1,H,CDR-H2,EISYRNYE,8,2-1-1-2-2-1-2,1-0-0-1-1-0-1,50-52-53-54-56-58-59-61,X1XXX1X1XX1X,CDR2,1,discontinuous,2,96,0.00243605359317905
3MJ9_1,H,CDR-H2,IIGHGTD,7,1-1-1-3-1-1,0-0-0-2-0-0,50-51-52-53-56-57-58,XXXX2XXX,CDR2,1,discontinuous,2,97,0.00243605359317905
4YO0_1,H,CDR-H2,SISAGDKY,8,1-1-1-1-2-1-2,0-0-0-0-1-0-1,50-51-52-52A-53-55-56-58,XXXXX1XX1X,CDR2,1,discontinuous,2,98,0.00243605359317905
5CZV_1,H,CDR-H2,WKRWAAHY,8,2-1-1-2-1-1-1,1-0-0-1-0-0-0,50-52-53-54-56-57-58-59,X1XXX1XXXX,CDR2,1,discontinuous,2,99,0.00243605359317905
1W72_1,H,CDR-H2,SWNGS,5,1-1-2-1,0-0-1-0,52-52A-53-55-56,XXX1XX,CDR2,1,discontinuous,2,100,0.00243605359317905
4V1D_1,H,CDR-H2,SYGGGNKYYK,10,1-1-1-1-1-1-1-1-5,0-0-0-0-0-0-0-0-4,52-52A-53-54-55-56-57-58-59-64,XXXXXXXXX4X,CDR2,1,discontinuous,2,101,0.00243605359317905
3O2D_1,H,CDR-H2,YNYNDGTDYK,10,2-1-1-1-1-1-1-1-5,1-0-0-0-0-0-0-0-4,50-52-53-54-55-56-57-58-59-64,X1XXXXXXXX4X,CDR2,1,discontinuous,2,102,0.00243605359317905
5TLJ_3,H,CDR-H2,YSSGNTY,7,2-1-3-1-1-1,1-0-2-0-0-0,50-52-52A-55-56-57-58,X1XX2XXXX,CDR2,1,discontinuous,2,103,0.00243605359317905
4M7L_1,H,CDR-H2,DLPGSGS,7,2-1-1-1-1-1,1-0-0-0-0-0,50-52-52A-53-54-55-56,X1XXXXXX,CDR2,1,discontinuous,2,104,0.00243605359317905
4XH2_2,H,CDR-H2,YISSYY,6,1-1-1-3-2,0-0-0-2-1,50-51-52-53-56-58,XXXX2X1X,CDR2,1,discontinuous,2,105,0.00243605359317905
4HS6_1,H,CDR-H2,YYSTYYLR,8,3-3-1-1-1-2-3,2-2-0-0-0-1-2,50-53-56-57-58-59-61-64,X2X2XXXX1X2X,CDR2,1,discontinuous,1,106,0.001218026796589525
3RKD_1,H,CDR-H2,WWDDVKRYPK,10,1-1-1-1-1-1-1-2-3,0-0-0-0-0-0-0-1-2,52-53-54-55-56-57-58-59-61-64,XXXXXXXX1X2X,CDR2,1,discontinuous,1,107,0.001218026796589525
5DHV_1,H,CDR-H2,YRGSSEWYK,9,1-1-1-2-1-1-1-5,0-0-0-1-0-0-0-4,52-52A-53-54-56-57-58-59-64,XXXX1XXXX4X,CDR2,1,discontinuous,1,108,0.001218026796589525
4LVH_3,H,CDR-H2,GSRSYYDK,8,1-2-1-1-1-2-3,0-1-0-0-0-1-2,53-54-56-57-58-59-61-64,XX1XXXX1X2X,CDR2,1,discontinuous,1,109,0.001218026796589525
4F37_1,H,CDR-H2,HYWDDRP,7,2-1-1-2-2-3,1-0-0-1-1-2,50-52-53-54-56-58-61,X1XXX1X1X2X,CDR2,1,discontinuous,1,110,0.001218026796589525
4XH2_3,H,CDR-H2,YSYYY,5,2-4-2-1,1-3-1-0,50-52-56-58-59,X1X3X1XX,CDR2,1,discontinuous,1,111,0.001218026796589525
5EZO_1,H,CDR-H2,NSK,3,3-3,2-2,52-55-58,X2X2X,CDR2,1,discontinuous,1,112,0.001218026796589525
4G3Y_1,H,CDR-H2,ERSSITHYEK,10,2-1-2-1-4-1-1-2-3,1-0-1-0-3-0-0-1-2,50-52-52A-52C-53-57-58-59-61-64,X1XX1XX3XXX1X2X,CDR2,1,discontinuous,1,113,0.001218026796589525
4MXV_1,H,CDR-H2,YNYNAGTNYE,10,2-1-1-1-1-1-1-1-2,1-0-0-0-0-0-0-0-1,50-52-53-54-55-56-57-58-59-61,X1XXXXXXXX1X,CDR2,1,discontinuous,1,114,0.001218026796589525
5K9K_1,H,CDR-H2,RYRSKYDK,8,2-2-1-1-2-2-6,1-1-0-0-1-1-5,50-52-52B-53-54-56-58-64,X1X1XXX1X1X5X,CDR2,1,discontinuous,1,115,0.001218026796589525
3J70_1,H,CDR-H2,DEDADTMRG,9,1-1-1-1-1-1-6-1,0-0-0-0-0-0-5-0,52-53-54-55-56-57-58-64-65,XXXXXXX5XX,CDR2,1,discontinuous,1,116,0.001218026796589525
3N85_1,H,CDR-H2,SPSSGWSYDK,10,1-1-1-1-1-2-1-2-3,0-0-0-0-0-1-0-1-2,52-52A-53-54-55-56-58-59-61-64,XXXXXX1XX1X2X,CDR2,1,discontinuous,1,117,0.001218026796589525
5TE7_1,H,CDR-H2,WIKPQYGAVNFGGGFRD,17,1-1-1-1-1-1-1-1-1-1-1-1-1-1-1-1,0-0-0-0-0-0-0-0-0-0-0-0-0-0-0-0,50-51-52-52A-53-54-55-56-57-58-59-60-61-62-63-64-65,XXXXXXXXXXXXXXXXX,CDR2,0,continuous,1,118,0.001218026796589525
3X3F_1,H,CDR-H2,WNSTGYQ,7,2-4-1-1-1-5,1-3-0-0-0-4,50-52-56-57-58-59-64,X1X3XXXX4X,CDR2,1,discontinuous,1,119,0.001218026796589525
3SE9_1,H,CDR-H2,WVKVTGAVNFGSPR,14,1-1-2-1-1-1-1-1-1-1-1-1-3,0-0-1-0-0-0-0-0-0-0-0-0-2,50-51-52-52B-53-54-55-56-57-58-59-60-61-64,XXX1XXXXXXXXXX2X,CDR2,1,discontinuous,1,120,0.001218026796589525
3IU3_1,H,CDR-H2,AYNDTSYQE,9,2-2-2-1-1-1-2-3,1-1-1-0-0-0-1-2,50-52-54-56-57-58-59-61-64,X1X1X1XXXX1X2X,CDR2,1,discontinuous,1,121,0.001218026796589525
4HG4_2,H,CDR-H2,FIAIFGTNY,9,1-1-1-1-1-1-2-1,0-0-0-0-0-0-1-0,51-52-52A-53-54-55-56-58-59,XXXXXXX1XX,CDR2,1,discontinuous,1,122,0.001218026796589525
3I50_1,H,CDR-H2,FNAN,4,2-2-1,1-1-0,50-52A-52C-53,X1X1XX,CDR2,1,discontinuous,1,123,0.001218026796589525
4DKE_1,H,CDR-H2,YYYSDDK,7,1-1-1-1-3-3,0-0-0-0-2-2,54-55-56-57-58-61-64,XXXXX2X2X,CDR2,1,discontinuous,1,124,0.001218026796589525
5K9O_1,H,CDR-H2,WYNNTN,6,3-1-2-1-1,2-0-1-0-0,50-53-54-56-57-58,X2XX1XXX,CDR2,1,discontinuous,1,125,0.001218026796589525
5EN2_1,H,CDR-H2,YGDDTRFQK,9,1-1-2-1-1-1-2-3,0-0-1-0-0-0-1-2,52-53-54-56-57-58-59-61-64,XXX1XXXX1X2X,CDR2,1,discontinuous,1,126,0.001218026796589525
4LVH_1,H,CDR-H2,GSRSYYRDK,9,1-2-1-1-1-1-1-3,0-1-0-0-0-0-0-2,53-54-56-57-58-59-60-61-64,XX1XXXXXX2X,CDR2,1,discontinuous,1,127,0.001218026796589525
5TQQ_1,H,CDR-H2,YTYSNIYPK,9,2-1-1-2-2-1-2-3,1-0-0-1-1-0-1-2,50-52-53-54-56-58-59-61-64,X1XXX1X1XX1X2X,CDR2,1,discontinuous,1,128,0.001218026796589525
5GZO_1,H,CDR-H2,EYHSSTNK,8,2-1-1-2-1-1-6,1-0-0-1-0-0-5,50-52-53-54-56-57-58-64,X1XXX1XXX5X,CDR2,1,discontinuous,1,129,0.001218026796589525
4DVR_1,H,CDR-H2,LDPEDDTMER,10,2-1-1-1-2-1-1-3-3,1-0-0-0-1-0-0-2-2,50-52-52A-53-54-56-57-58-61-64,X1XXXX1XXX2X2X,CDR2,1,discontinuous,1,130,0.001218026796589525
1ZA3_1,H,CDR-H2,YSGYTDKG,8,1-1-1-1-4-3-1,0-0-0-0-3-2-0,53-54-55-56-57-61-64-65,XXXXX3X2XX,CDR2,1,discontinuous,1,131,0.001218026796589525
1KB5_1,H,CDR-H2,NDYYGGISYQK,11,2-1-1-1-1-1-1-1-2-3,1-0-0-0-0-0-0-0-1-2,50-52-53-54-55-56-57-58-59-61-64,X1XXXXXXXX1X2X,CDR2,1,discontinuous,1,132,0.001218026796589525
4LF3_1,H,CDR-H2,VWSND,5,2-3-1-2,1-2-0-1,50-52-55-56-58,X1X2XX1X,CDR2,1,discontinuous,1,133,0.001218026796589525
1JPS_1,H,CDR-H2,LIDPEQNTIYPQ,12,1-1-1-1-1-2-1-1-1-2-3,0-0-0-0-0-1-0-0-0-1-2,50-51-52-52A-53-54-56-57-58-59-61-64,XXXXXX1XXXX1X2X,CDR2,1,discontinuous,1,134,0.001218026796589525
5JQ6_1,H,CDR-H2,MWGGGNDY,8,2-1-1-1-1-2-1,1-0-0-0-0-1-0,50-52-53-54-55-56-58-59,X1XXXXX1XX,CDR2,1,discontinuous,1,135,0.001218026796589525
3FMG_1,H,CDR-H2,ESGSINYNEK,10,4-1-1-1-1-1-1-1-3,3-0-0-0-0-0-0-0-2,50-54-55-56-57-58-59-60-61-64,X3XXXXXXXX2X,CDR2,1,discontinuous,1,136,0.001218026796589525
4K3J_1,H,CDR-H2,MDSNDTRFD,9,2-1-1-2-1-1-1-6,1-0-0-1-0-0-0-5,50-52-53-54-56-57-58-59-65,X1XXX1XXXX5X,CDR2,1,discontinuous,1,137,0.001218026796589525
2Y07_1,H,CDR-H2,RTA,3,7-1,6-0,50-57-58,X6XX,CDR2,1,discontinuous,1,138,0.001218026796589525
3LIZ_1,H,CDR-H2,INSNAS,6,1-1-1-2-1,0-0-0-1-0,51-52-52A-53-55-56,XXXX1XX,CDR2,1,discontinuous,1,139,0.001218026796589525
3NFP_1,H,CDR-H2,YNYEYNQK,8,2-4-2-1-1-1-3,1-3-1-0-0-0-2,50-52-56-58-59-60-61-64,X1X3X1XXXX2X,CDR2,1,discontinuous,1,140,0.001218026796589525
1BGX_1,H,CDR-H2,YTYSGTTDYNSLKS,14,2-1-1-1-1-1-1-1-1-2-1-1-1,1-0-0-0-0-0-0-0-0-1-0-0-0,50-52-53-54-55-56-57-58-59-60-62-63-64-65,X1XXXXXXXXX1XXXX,CDR2,1,discontinuous,1,141,0.001218026796589525
4R4N_1,H,CDR-H2,EKGSPNYHPSLKS,13,2-3-1-1-1-1-1-1-1-1-1-1,1-2-0-0-0-0-0-0-0-0-0-0,50-52-55-56-57-58-59-60-61-62-63-64-65,X1X2XXXXXXXXXXX,CDR2,1,discontinuous,1,142,0.001218026796589525
2G5B_1,H,CDR-H2,FRNVNE,6,2-1-2-1-5,1-0-1-0-4,50-52-52A-52C-53-58,X1XX1XX4X,CDR2,1,discontinuous,1,143,0.001218026796589525
1RVF_1,H,CDR-H2,QYGDDNKKG,9,2-1-1-2-1-1-6-1,1-0-0-1-0-0-5-0,50-52-53-54-56-57-58-64-65,X1XXX1XXX5XX,CDR2,1,discontinuous,1,144,0.001218026796589525
2FD6_1,H,CDR-H2,WFDNTE,6,2-3-1-1-1,1-2-0-0-0,50-52-55-56-57-58,X1X2XXXX,CDR2,1,discontinuous,1,145,0.001218026796589525
3J1S_1,H,CDR-H2,YHFSYNPSKS,10,2-1-1-2-2-3-1-2-1,1-0-0-1-1-2-0-1-0,50-52-53-54-56-58-61-62-64-65,X1XXX1X1X2XX1XX,CDR2,1,discontinuous,1,146,0.001218026796589525
4NNP_1,H,CDR-H2,YSYSGYTYK,9,1-1-1-1-1-1-1-6,0-0-0-0-0-0-0-5,52-52A-53-54-55-56-57-58-64,XXXXXXXX5X,CDR2,1,discontinuous,1,147,0.001218026796589525
3IET_1,H,CDR-H2,RNANEY,6,1-2-1-3-2,0-1-0-2-1,52-52A-52C-53-56-58,XX1XX2X1X,CDR2,1,discontinuous,1,148,0.001218026796589525
5F3B_1,H,CDR-H2,TISSGGSYTSYDK,13,1-1-1-1-1-1-1-1-1-1-2-3,0-0-0-0-0-0-0-0-0-0-1-2,50-51-52-52A-53-54-55-56-57-58-59-61-64,XXXXXXXXXXX1X2X,CDR2,1,discontinuous,1,149,0.001218026796589525
5SY8_1,H,CDR-H2,RTPGESD,7,2-2-1-1-3-2,1-1-0-0-2-1,50-52-52B-52C-53-56-58,X1X1XXX2X1X,CDR2,1,discontinuous,1,150,0.001218026796589525
2B2X_1,H,CDR-H2,VISGGHYYL,9,1-1-1-1-2-2-1-1,0-0-0-0-1-1-0-0,50-51-52-53-54-56-58-59-60,XXXXX1X1XXX,CDR2,1,discontinuous,1,151,0.001218026796589525
3G04_1,H,CDR-H2,DTDSYTNK,8,1-1-1-1-1-1-6,0-0-0-0-0-0-5,52-53-54-55-56-57-58-64,XXXXXXX5X,CDR2,1,discontinuous,1,152,0.001218026796589525
4UTA_1,H,CDR-H2,TEDSAFYDK,9,1-2-1-1-1-1-2-3,0-1-0-0-0-0-1-2,52-53-55-56-57-58-59-61-64,XX1XXXXX1X2X,CDR2,1,discontinuous,1,153,0.001218026796589525
2XZQ_1,H,CDR-H2,RTAY,4,7-1-1,6-0-0,50-57-58-59,X6XXX,CDR2,1,discontinuous,1,154,0.001218026796589525
2LTQ_1,H,CDR-H2,YSTYYDK,7,6-1-1-1-2-3,5-0-0-0-1-2,50-56-57-58-59-61-64,X5XXXX1X2X,CDR2,1,discontinuous,1,155,0.001218026796589525
3D85_1,H,CDR-H2,YNYNTK,6,2-1-1-3-1,1-0-0-2-0,50-52-53-54-57-58,X1XXX2XX,CDR2,1,discontinuous,1,156,0.001218026796589525
1EGJ_1,H,CDR-H2,DINNGGTLY,9,1-1-2-1-1-1-1-1,0-0-1-0-0-0-0-0,50-51-52-54-55-56-57-58-59,XXX1XXXXXX,CDR2,1,discontinuous,1,157,0.001218026796589525
4LVN_1,H,CDR-H2,YHYSD,5,2-1-3-5,1-0-2-4,50-52-53-56-61,X1XX2X4X,CDR2,1,discontinuous,1,158,0.001218026796589525
2B4C_1,H,CDR-H2,IFTNYQR,7,1-2-2-1-2-3,0-1-1-0-1-2,53-54-56-58-59-61-64,XX1X1XX1X2X,CDR2,1,discontinuous,1,159,0.001218026796589525
4YFL_2,H,CDR-H2,MDPYRGRPWSAHQG,14,2-1-1-1-1-1-1-1-1-1-1-3-1,1-0-0-0-0-0-0-0-0-0-0-2-0,50-52-52A-53-54-55-56-57-58-59-60-61-64-65,X1XXXXXXXXXXX2XX,CDR2,1,discontinuous,1,160,0.001218026796589525
3JBA_1,H,CDR-H2,SGNHDK,6,1-2-2-3-3,0-1-1-2-2,53-54-56-58-61-64,XX1X1X2X2X,CDR2,1,discontinuous,1,161,0.001218026796589525
4AL8_1,H,CDR-H2,NITVNYDK,8,1-5-1-1-1-2-3,0-4-0-0-0-1-2,50-51-56-57-58-59-61-64,XX4XXXX1X2X,CDR2,1,discontinuous,1,162,0.001218026796589525
4RRP_1,H,CDR-H2,GYTSYDKG,8,1-1-1-1-2-3-1,0-0-0-0-1-2-0,55-56-57-58-59-61-64-65,XXXXX1X2XX,CDR2,1,discontinuous,1,163,0.001218026796589525
3W2D_1,H,CDR-H2,YNYYTNYPK,9,2-1-3-1-1-1-2-3,1-0-2-0-0-0-1-2,50-52-53-56-57-58-59-61-64,X1XX2XXXX1X2X,CDR2,1,discontinuous,1,164,0.001218026796589525
4JG1_1,H,CDR-H2,SISTPRSTY,9,1-1-1-1-1-2-1-2,0-0-0-0-0-1-0-1,50-51-52-52A-52B-53-55-56-58,XXXXXX1XX1X,CDR2,1,discontinuous,1,165,0.001218026796589525
5GIR_1,H,CDR-H2,MHE,3,2-4,1-3,50-52-56,X1X3X,CDR2,1,discontinuous,1,166,0.001218026796589525
3KS0_1,H,CDR-H2,YYSTY,5,3-3-1-1,2-2-0-0,50-53-56-57-58,X2X2XXX,CDR2,1,discontinuous,1,167,0.001218026796589525
4XMP_1,H,CDR-H2,WMNPRGGGVNYARQQ,15,1-1-1-1-1-1-1-1-1-1-1-1-1-2,0-0-0-0-0-0-0-0-0-0-0-0-0-1,50-51-52-52A-53-54-55-56-57-58-59-60-61-62-64,XXXXXXXXXXXXXX1X,CDR2,1,discontinuous,1,168,0.001218026796589525
4LIQ_1,H,CDR-H2,VWTDGTNQQG,10,2-1-1-2-1-1-3-3-1,1-0-0-1-0-0-2-2-0,50-52-53-54-56-57-58-61-64-65,X1XXX1XXX2X2XX,CDR2,1,discontinuous,1,169,0.001218026796589525
1MHP_1,H,CDR-H2,TISGGHYY,8,1-1-1-1-2-2-1,0-0-0-0-1-1-0,50-51-52-53-54-56-58-59,XXXXX1X1XX,CDR2,1,discontinuous,1,170,0.001218026796589525
5EOR_1,H,CDR-H2,VIWSGD,6,1-1-1-1-4,0-0-0-0-3,50-51-52-53-54-58,XXXXX3X,CDR2,1,discontinuous,1,171,0.001218026796589525
4OJF_1,H,CDR-H2,SIRSTY,6,1-1-1-5-1,0-0-0-4-0,50-51-52-52A-57-58,XXXX4XX,CDR2,1,discontinuous,1,172,0.001218026796589525
4DW2_1,H,CDR-H2,ITNGY,5,1-1-1-4,0-0-0-3,51-52-53-54-58,XXXX3X,CDR2,1,discontinuous,1,173,0.001218026796589525
3GGW_1,H,CDR-H2,ERLY,4,2-1-6,1-0-5,50-52-52A-58,X1XX5X,CDR2,1,discontinuous,1,174,0.001218026796589525
4GAJ_1,H,CDR-H2,YSYSTYYR,8,2-1-3-1-1-1-5,1-0-2-0-0-0-4,50-52-53-56-57-58-59-64,X1XX2XXXX4X,CDR2,1,discontinuous,1,175,0.001218026796589525
3H0T_1,H,CDR-H2,RYRSKFD,7,2-2-1-1-2-2,1-1-0-0-1-1,50-52-52B-53-54-56-58,X1X1XXX1X1X,CDR2,1,discontinuous,1,176,0.001218026796589525
1NCB_1,H,CDR-H2,WINTNTEK,8,1-1-1-1-1-2-8,0-0-0-0-0-1-7,50-51-52-52A-53-54-56-64,XXXXXX1X7X,CDR2,1,discontinuous,1,177,0.001218026796589525
1FBI_1,H,CDR-H2,EDPSDSYNY,9,2-1-1-1-1-1-2-1,1-0-0-0-0-0-1-0,50-52-52A-53-54-55-56-58-59,X1XXXXXX1XX,CDR2,1,discontinuous,1,178,0.001218026796589525
3K2U_1,H,CDR-H2,YPAGGATYYDK,11,1-1-1-1-1-1-1-1-2-3,0-0-0-0-0-0-0-0-1-2,52-52A-53-54-55-56-57-58-59-61-64,XXXXXXXXX1X2X,CDR2,1,discontinuous,1,179,0.001218026796589525
4U6V_1,H,CDR-H2,TADTYK,6,1-2-1-1-6,0-1-0-0-5,53-54-56-57-58-64,XX1XXX5X,CDR2,1,discontinuous,1,180,0.001218026796589525
4OII_1,H,CDR-H2,DNNNS,5,2-1-1-4,1-0-0-3,50-52-53-54-58,X1XXX3X,CDR2,1,discontinuous,1,181,0.001218026796589525
4S1S_1,H,CDR-H2,WNPRGGQVNYSRQ,13,2-1-1-1-1-1-1-1-1-1-1-1,1-0-0-0-0-0-0-0-0-0-0-0,50-52-52A-53-54-55-56-57-58-59-60-61-62,X1XXXXXXXXXXXX,CDR2,1,discontinuous,1,182,0.001218026796589525
3AB0_1,H,CDR-H2,SISTGDH,7,1-1-1-1-2-2,0-0-0-0-1-1,50-51-52-53-54-56-58,XXXXX1X1X,CDR2,1,discontinuous,1,183,0.001218026796589525
5CSZ_1,H,CDR-H2,AINASRTYYADK,12,1-1-1-1-3-1-1-1-1-1-3,0-0-0-0-2-0-0-0-0-0-2,50-51-52-52A-53-56-57-58-59-60-61-64,XXXXX2XXXXXX2X,CDR2,1,discontinuous,1,184,0.001218026796589525
1PZ5_1,H,CDR-H2,ERLHY,5,2-1-6-1,1-0-5-0,50-52-52A-58-59,X1XX5XX,CDR2,1,discontinuous,1,185,0.001218026796589525
2XTJ_1,H,CDR-H2,LGIANYAQQ,9,1-1-1-1-1-1-1-3,0-0-0-0-0-0-0-2,54-55-56-57-58-59-60-61-64,XXXXXXXX2X,CDR2,1,discontinuous,1,186,0.001218026796589525
5GGT_1,H,CDR-H2,IIFKHQ,6,1-1-2-2-3,0-0-1-1-2,52-53-54-56-58-61,XXX1X1X2X,CDR2,1,discontinuous,1,187,0.001218026796589525
4RAU_1,H,CDR-H2,SGY,3,1-5,0-4,52A-53-58,XX4X,CDR2,1,discontinuous,1,188,0.001218026796589525
4R4F_1,H,CDR-H2,EKNSPNYHPK,10,2-2-2-1-1-1-1-1-3,1-1-1-0-0-0-0-0-2,50-52-54-56-57-58-59-60-61-64,X1X1X1XXXXXX2X,CDR2,1,discontinuous,1,189,0.001218026796589525
1S78_1,H,CDR-H2,NPNSGGSIYNQK,12,1-1-1-1-1-1-1-1-1-1-3,0-0-0-0-0-0-0-0-0-0-2,52-52A-53-54-55-56-57-58-59-60-61-64,XXXXXXXXXXX2X,CDR2,1,discontinuous,1,190,0.001218026796589525
4ONG_1,H,CDR-H2,SIRSY,5,1-1-1-6,0-0-0-5,50-51-52-52A-58,XXXX5X,CDR2,1,discontinuous,1,191,0.001218026796589525
3EFD_1,H,CDR-H2,YGYTSYK,7,1-1-1-1-1-5,0-0-0-0-0-4,54-55-56-57-58-59-64,XXXXXX4X,CDR2,1,discontinuous,1,192,0.001218026796589525
3GHE_1,H,CDR-H2,NYY,3,8-1,7-0,50-58-59,X7XX,CDR2,1,discontinuous,1,193,0.001218026796589525
4Z5R_1,H,CDR-H2,NDYDITNQK,9,1-1-1-1-1-1-3-3,0-0-0-0-0-0-2-2,52-53-54-55-56-57-58-61-64,XXXXXXX2X2X,CDR2,1,discontinuous,1,194,0.001218026796589525
4CNI_1,H,CDR-H2,QRNNYQY,7,2-1-2-1-1-4,1-0-1-0-0-3,50-52-52A-52C-53-54-58,X1XX1XXX3X,CDR2,1,discontinuous,1,195,0.001218026796589525
1EO8_1,H,CDR-H2,LPSN,4,1-2-2,0-1-1,52-52A-54-56,XX1X1X,CDR2,1,discontinuous,1,196,0.001218026796589525
4YZF_1,H,CDR-H2,WWSASKYYNTK,11,1-1-1-1-1-1-1-1-1-3,0-0-0-0-0-0-0-0-0-2,52-53-54-55-56-57-58-59-60-61-64,XXXXXXXXXX2X,CDR2,1,discontinuous,1,197,0.001218026796589525
4QCI_1,H,CDR-H2,YLKYYADK,8,6-1-1-1-1-1-3,5-0-0-0-0-0-2,50-56-57-58-59-60-61-64,X5XXXXXX2X,CDR2,1,discontinuous,1,198,0.001218026796589525
5T6P_1,H,CDR-H2,YNNPYY,6,2-4-1-1-1,1-3-0-0-0,50-52-56-57-58-59,X1X3XXXX,CDR2,1,discontinuous,1,199,0.001218026796589525
5F3H_1,H,CDR-H2,TISSGGSYTSYK,12,1-1-1-1-1-1-1-1-1-1-5,0-0-0-0-0-0-0-0-0-0-4,50-51-52-52A-53-54-55-56-57-58-59-64,XXXXXXXXXXX4X,CDR2,1,discontinuous,1,200,0.001218026796589525
4BH7_1,H,CDR-H2,YYKYK,5,6-2-1-5,5-1-0-4,50-56-58-59-64,X5X1XX4X,CDR2,1,discontinuous,1,201,0.001218026796589525
4XMK_1,H,CDR-H2,VYKDSFY,7,2-1-1-2-2-1,1-0-0-1-1-0,50-52-53-54-56-58-59,X1XXX1X1XX,CDR2,1,discontinuous,1,202,0.001218026796589525
1KC5_1,H,CDR-H2,YSYST,5,2-1-3-2,1-0-2-1,50-52-53-56-58,X1XX2X1X,CDR2,1,discontinuous,1,203,0.001218026796589525
4LEO_1,H,CDR-H2,WYTGSPSYQ,9,2-2-1-1-1-1-1-2,1-1-0-0-0-0-0-1,50-52-54-55-56-57-58-59-61,X1X1XXXXXX1X,CDR2,1,discontinuous,1,204,0.001218026796589525
2W65_1,H,CDR-H2,WET,3,3-5,2-4,50-53-58,X2X4X,CDR2,1,discontinuous,1,205,0.001218026796589525
4RGN_2,H,CDR-H2,EDSDYINYE,9,2-1-1-2-1-1-1-5,1-0-0-1-0-0-0-4,50-52-53-54-56-57-58-59-64,X1XXX1XXXX4X,CDR2,1,discontinuous,1,206,0.001218026796589525
5K59_1,H,CDR-H2,NYSSTYY,7,2-2-2-1-1-1,1-1-1-0-0-0,50-52-54-56-57-58-59,X1X1X1XXXX,CDR2,1,discontinuous,1,207,0.001218026796589525
5BV7_2,H,CDR-H2,WYDSNF,6,1-1-2-1-2,0-0-1-0-1,52-52A-53-55-56-58,XXX1XX1X,CDR2,1,discontinuous,1,208,0.001218026796589525
3GJF_1,H,CDR-H2,GIVSTA,6,1-1-4-1-1,0-0-3-0-0,50-51-52-56-57-58,XXX3XXX,CDR2,1,discontinuous,1,209,0.001218026796589525
3ULU_1,H,CDR-H2,FDSDYNYAPSQ,11,2-1-1-2-2-1-1-1-1-2,1-0-0-1-1-0-0-0-0-1,50-52-53-54-56-58-59-60-61-62-64,X1XXX1X1XXXXX1X,CDR2,1,discontinuous,1,210,0.001218026796589525
4HFU_1,H,CDR-H2,PIFGSPNYQ,9,1-1-1-1-1-1-1-5,0-0-0-0-0-0-0-4,52A-53-54-55-56-57-58-59-64,XXXXXXXX4X,CDR2,1,discontinuous,1,211,0.001218026796589525
5KN5_1,H,CDR-H2,WWPGPVIYYP,10,2-1-1-1-1-1-2-1-2,1-0-0-0-0-0-1-0-1,50-52-52A-53-54-55-56-58-59-61,X1XXXXXX1XX1X,CDR2,1,discontinuous,1,212,0.001218026796589525
2Y36_1,H,CDR-H2,RDGGTAYNEK,10,2-3-1-1-1-1-1-1-3,1-2-0-0-0-0-0-0-2,50-52-55-56-57-58-59-60-61-64,X1X2XXXXXXX2X,CDR2,1,discontinuous,1,213,0.001218026796589525
4Y5V_1,H,CDR-H2,KPEY,4,1-4-2,0-3-1,52-52A-56-58,XX3X1X,CDR2,1,discontinuous,1,214,0.001218026796589525
2AP2_1,H,CDR-H2,RDPANK,6,2-1-1-1-4,1-0-0-0-3,50-52-52A-53-54-58,X1XXXX3X,CDR2,1,discontinuous,1,215,0.001218026796589525
4QWW_1,H,CDR-H2,RRKSNKHK,8,2-2-1-1-1-4-6,1-1-0-0-0-3-5,50-52-52B-52C-53-54-58-64,X1X1XXXX3X5X,CDR2,1,discontinuous,1,216,0.001218026796589525
1HI6_1,H,CDR-H2,GIHPSSGTA,9,1-1-1-2-1-1-1-1,0-0-0-1-0-0-0-0,50-51-52-52A-54-55-56-57-58,XXXX1XXXXX,CDR2,1,discontinuous,1,217,0.001218026796589525
3LZF_1,H,CDR-H2,LDDDTY,6,2-2-1-2-2,1-1-0-1-1,50-52-52B-52C-54-56,X1X1XX1X1X,CDR2,1,discontinuous,1,218,0.001218026796589525
3HMX_1,H,CDR-H2,IDDR,4,4-2-2,3-1-1,50-54-56-58,X3X1X1X,CDR2,1,discontinuous,1,219,0.001218026796589525
5JW4_1,H,CDR-H2,RYRSYDEK,8,2-2-1-3-2-3-3,1-1-0-2-1-2-2,50-52-52B-53-56-58-61-64,X1X1XX2X1X2X2X,CDR2,1,discontinuous,1,220,0.001218026796589525
3LHP_1,H,CDR-H2,GVILLITNYPQ,11,1-1-1-1-2-1-1-1-2-3,0-0-0-0-1-0-0-0-1-2,50-51-52-53-54-56-57-58-59-61-64,XXXXX1XXXX1X2X,CDR2,1,discontinuous,1,221,0.001218026796589525
5F9W_1,H,CDR-H2,WSWGRTNYAQNQ,12,3-1-1-1-1-1-1-1-1-1-2,2-0-0-0-0-0-0-0-0-0-1,50-53-54-55-56-57-58-59-60-61-62-64,X2XXXXXXXXXX1X,CDR2,1,discontinuous,1,222,0.001218026796589525
5TPN_1,H,CDR-H2,TWNY,4,1-1-3,0-0-2,52-52A-53-56,XXX2X,CDR2,1,discontinuous,1,223,0.001218026796589525
4DTG_1,H,CDR-H2,SRSGSYSYFPDSQ,13,1-1-1-1-1-1-1-1-1-1-1-2,0-0-0-0-0-0-0-0-0-0-0-1,52-52A-53-54-55-56-57-58-59-60-61-62-64,XXXXXXXXXXXX1X,CDR2,1,discontinuous,1,224,0.001218026796589525
3R08_1,H,CDR-H2,YITSSSINIKYKG,13,1-1-1-1-1-1-1-1-1-1-5-1,0-0-0-0-0-0-0-0-0-0-4-0,50-51-52-52A-53-54-55-56-57-58-59-64-65,XXXXXXXXXXX4XX,CDR2,1,discontinuous,1,225,0.001218026796589525
1QFW_2,H,CDR-H2,STNYYK,6,2-1-4-2-6,1-0-3-1-5,50-52-52A-56-58-64,X1XX3X1X5X,CDR2,1,discontinuous,1,226,0.001218026796589525
4LSP_1,H,CDR-H2,WMNTNGAVNYAWYG,14,1-1-1-1-1-1-1-1-1-1-1-1-3,0-0-0-0-0-0-0-0-0-0-0-0-2,50-51-52-53-54-55-56-57-58-59-60-61-62-65,XXXXXXXXXXXXX2X,CDR2,1,discontinuous,1,227,0.001218026796589525
4J6R_1,H,CDR-H2,WIKPERGAVSYAPQFQ,16,1-1-1-1-1-1-1-1-1-1-1-1-1-1-1,0-0-0-0-0-0-0-0-0-0-0-0-0-0-0,50-51-52-52A-53-54-55-56-57-58-59-60-61-62-63-64,XXXXXXXXXXXXXXXX,CDR2,0,continuous,1,228,0.001218026796589525
2HKF_1,H,CDR-H2,RIRSNY,6,1-1-1-1-5,0-0-0-0-4,50-51-52-52A-53-58,XXXXX4X,CDR2,1,discontinuous,1,229,0.001218026796589525
4DGV_1,H,CDR-H2,VIWFDNYY,8,1-1-1-1-3-2-1,0-0-0-0-2-1-0,50-51-52-52A-53-56-58-59,XXXXX2X1XX,CDR2,1,discontinuous,1,230,0.001218026796589525
4JZJ_1,H,CDR-H2,DIPSAFYQ,8,2-1-1-3-2-1-2,1-0-0-2-1-0-1,50-52-52A-53-56-58-59-61,X1XXX2X1XX1X,CDR2,1,discontinuous,1,231,0.001218026796589525
1NCA_1,H,CDR-H2,WNTNTEEK,8,2-1-1-1-2-5-3,1-0-0-0-1-4-2,50-52-52A-53-54-56-61-64,X1XXXX1X4X2X,CDR2,1,discontinuous,1,232,0.001218026796589525
3WD5_1,H,CDR-H2,TGHIDD,6,3-1-1-1-3,2-0-0-0-2,52-55-56-57-58-61,X2XXXX2X,CDR2,1,discontinuous,1,233,0.001218026796589525
1YNT_1,H,CDR-H2,IISTYSGDASYQ,12,1-1-1-1-1-1-1-1-1-1-2,0-0-0-0-0-0-0-0-0-0-1,50-51-52-52A-53-54-55-56-57-58-59-61,XXXXXXXXXXX1X,CDR2,1,discontinuous,1,234,0.001218026796589525
3SDY_1,H,CDR-H2,WYNDY,5,3-1-2-2,2-0-1-1,50-53-54-56-58,X2XX1X1X,CDR2,1,discontinuous,1,235,0.001218026796589525
4BZ1_1,H,CDR-H2,DIYRTTNYE,9,1-1-2-2-1-1-1-2,0-0-1-1-0-0-0-1,50-51-52-54-56-57-58-59-61,XXX1X1XXXX1X,CDR2,1,discontinuous,1,236,0.001218026796589525
1QFW_1,H,CDR-H2,ENPTNRY,7,2-3-1-1-2-2,1-2-0-0-1-1,50-52-55-56-57-59-61,X1X2XXX1X1X,CDR2,1,discontinuous,1,237,0.001218026796589525
2GSI_2,H,CDR-H2,WDPEE,5,2-1-1-5,1-0-0-4,50-52-52A-53-58,X1XXX4X,CDR2,1,discontinuous,1,238,0.001218026796589525
4LSR_1,H,CDR-H2,WTNGAVNYAWY,11,3-1-1-1-1-1-1-1-1-1,2-0-0-0-0-0-0-0-0-0,50-53-54-55-56-57-58-59-60-61-62,X2XXXXXXXXXX,CDR2,1,discontinuous,1,239,0.001218026796589525
5I9Q_1,H,CDR-H2,WPLTSQPSYPSQ,12,2-1-1-1-1-1-1-1-1-1-3,1-0-0-0-0-0-0-0-0-0-2,50-52A-53-54-55-56-57-58-59-60-61-64,X1XXXXXXXXXX2X,CDR2,1,discontinuous,1,240,0.001218026796589525
4QYO_1,H,HFR3,T,1,,,94,X,FR3,0,continuous,228,1,0.6647230320699709
4XXD_1,H,HFR3,AS,2,1,0,93-94,XX,FR3,0,continuous,39,2,0.11370262390670553
4RGO_1,H,HFR3,TR,2,22,21,72A-94,X21X,FR3,1,discontinuous,13,3,0.037900874635568516
5F96_1,H,HFR3,RKS,3,1-1,0-0,71-72A-72B,XXX,FR3,0,continuous,7,4,0.02040816326530612
4RGM_1,H,HFR3,LETS,4,1-1-1,0-0-0,71-72-72A-72B,XXXX,FR3,0,continuous,5,5,0.014577259475218658
4OLX_1,H,HFR3,MRY,3,2-1,1-0,69-71-72B,X1XX,FR3,1,discontinuous,5,6,0.014577259475218658
4LSS_1,H,HFR3,MRVY,4,2-1-1,1-0-0,69-71-72A-72B,X1XXX,FR3,1,discontinuous,5,7,0.014577259475218658
4XMP_1,H,HFR3,TMTRVY,6,1-1-1-1-1,0-0-0-0-0,68-69-70-71-72A-72B,XXXXXX,FR3,0,continuous,4,8,0.011661807580174927
2Q8B_1,H,HFR3,TSSNL,5,1-1-1-21,0-0-0-20,72A-72B-72C-73-94,XXXX20X,FR3,1,discontinuous,4,9,0.011661807580174927
1EO8_1,H,HFR3,NR,2,21,20,73-94,X20X,FR3,1,discontinuous,3,10,0.008746355685131196
3MJ9_1,H,HFR3,KSR,3,1-21,0-20,72C-73-94,XX20X,FR3,1,discontinuous,3,11,0.008746355685131196
4XNZ_1,H,HFR3,VMRSP,5,2-2-1-1,1-1-0-0,67-69-71-72B-72C,X1X1XXX,FR3,1,discontinuous,2,12,0.0058309037900874635
4LSQ_1,H,HFR3,TATRRSM,7,1-1-1-1-1-1,0-0-0-0-0-0,68-69-70-71-72A-72B-72C,XXXXXXX,FR3,0,continuous,2,13,0.0058309037900874635
3J8W_1,H,HFR3,DKSSS,5,1-1-1-1,0-0-0-0,72-72A-72B-72C-73,XXXXX,FR3,0,continuous,2,14,0.0058309037900874635
5GGR_1,H,HFR3,RT,2,23,22,71-94,X22X,FR3,1,discontinuous,2,15,0.0058309037900874635
5CD5_1,H,HFR3,MR,2,2,1,69-71,X1X,FR3,1,discontinuous,2,16,0.0058309037900874635
3H42_1,H,HFR3,DNAR,4,1-1-22,0-0-21,72-72A-72B-94,XXX21X,FR3,1,discontinuous,2,17,0.0058309037900874635
4YFL_1,H,HFR3,LSLRTSM,7,1-1-2-1-1-1,0-0-1-0-0-0,67-68-69-71-72A-72B-72C,XXX1XXXX,FR3,1,discontinuous,1,18,0.0029154518950437317
4YFL_2,H,HFR3,LSLSRTSM,8,1-1-1-1-1-1-1,0-0-0-0-0-0-0,67-68-69-70-71-72A-72B-72C,XXXXXXXX,FR3,0,continuous,1,19,0.0029154518950437317
1ZA3_1,H,HFR3,RR,2,17,16,66-83,X16X,FR3,1,discontinuous,1,20,0.0029154518950437317
1BGX_1,H,HFR3,RISIRTSKNCR,11,1-1-1-2-1-1-1-1-19-2,0-0-0-1-0-0-0-0-18-1,66-67-68-69-71-72A-72B-72C-73-92-94,XXXX1XXXXX18X1X,FR3,1,discontinuous,1,21,0.0029154518950437317
4YDL_1,H,HFR3,MRNF,4,1-2-1,0-1-0,71-72A-72C-72D,XX1XX,FR3,1,discontinuous,1,22,0.0029154518950437317
3HI1_1,H,HFR3,TAR,3,1-22,0-21,72A-72B-94,XX21X,FR3,1,discontinuous,1,23,0.0029154518950437317
4QEX_1,H,HFR3,KST,3,21-1,20-0,72A-93-94,X20XX,FR3,1,discontinuous,1,24,0.0029154518950437317
4LSU_1,H,HFR3,TRVY,4,3-1-1,2-0-0,68-71-72A-72B,X2XXX,FR3,1,discontinuous,1,25,0.0029154518950437317
1QNZ_1,H,HFR3,LAI,3,24-1,23-0,69-93-94,X23XX,FR3,1,discontinuous,1,26,0.0029154518950437317
5H35_1,H,HFR3,RDNAKNR,7,1-1-1-1-1-21,0-0-0-0-0-20,71-72-72A-72B-72C-73-94,XXXXXX20X,FR3,1,discontinuous,1,27,0.0029154518950437317
4LSR_1,H,HFR3,RRM,3,1-2,0-1,71-72A-72C,XX1X,FR3,1,discontinuous,1,28,0.0029154518950437317
2VWE_1,H,HFR3,KSSR,4,1-1-21,0-0-20,72A-72B-73-94,XXX20X,FR3,1,discontinuous,1,29,0.0029154518950437317
1ORQ_1,H,HFR3,ITRDTSKFQ,9,1-1-1-1-1-1-4-2,0-0-0-0-0-0-3-1,69-70-71-72-72A-72B-72C-76-78,XXXXXXX3X1X,FR3,1,discontinuous,1,30,0.0029154518950437317
1S78_1,H,HFR3,VDRSKR,6,1-1-1-1-22,0-0-0-0-21,71-72-72A-72B-72C-94,XXXXX21X,FR3,1,discontinuous,1,31,0.0029154518950437317
4YDK_1,H,HFR3,SRDHFY,6,1-1-1-1-4,0-0-0-0-3,70-71-72-72A-72B-76,XXXXX3X,FR3,1,discontinuous,1,32,0.0029154518950437317
1NL0_1,H,CDR-H3,ASIAAAR,7,1-1-1-1-1-1,0-0-0-0-0-0,95-96-97-98-99-100-100A,XXXXXXX,CDR3,0,continuous,89,1,0.1045828437132785
5TZU_1,H,CDR-H3,SLAGNA,6,1-1-1-1-1,0-0-0-0-0,95-96-97-98-99-100,XXXXXX,CDR3,0,continuous,83,2,0.09753231492361927
2IH3_1,H,CDR-H3,ERGDG,5,1-1-1-1,0-0-0-0,95-96-97-98-99,XXXXX,CDR3,0,continuous,76,3,0.08930669800235018
1FDL_1,H,CDR-H3,RDYR,4,1-1-1,0-0-0,96-97-98-99,XXXX,CDR3,0,continuous,70,4,0.08225616921269095
4RGO_1,H,CDR-H3,DLYGDYVGR,9,1-1-1-1-1-1-1-1,0-0-0-0-0-0-0-0,95-96-97-98-99-100-100A-100B-100C,XXXXXXXXX,CDR3,0,continuous,27,5,0.03172737955346651
3CX5_1,H,CDR-H3,EYYSVTDY,8,1-1-1-1-1-1-1,0-0-0-0-0-0-0,96-97-98-99-100-100A-101-102,XXXXXXXX,CDR3,0,continuous,26,6,0.03055229142185664
3A67_1,H,CDR-H3,WDDY,4,1-5-1,0-4-0,95-96-101-102,XX4XX,CDR3,1,discontinuous,24,7,0.0282021151586369
5D93_1,H,CDR-H3,SED,3,1-1,0-0,95-96-97,XXX,CDR3,0,continuous,20,8,0.023501762632197415
1FE8_1,H,CDR-H3,NYYGMD,6,1-1-1-1-2,0-0-0-0-1,95-96-97-98-99-101,XXXXX1X,CDR3,1,discontinuous,16,9,0.01880141010575793
1W72_1,H,CDR-H3,HY,2,1,0,99-100A,XX,CDR3,0,continuous,15,10,0.01762632197414806
3QG6_1,H,CDR-H3,EGD,3,1-5,0-4,95-96-101,XX4X,CDR3,1,discontinuous,15,11,0.01762632197414806
4HJ0_1,H,CDR-H3,GPIVGAPTDY,10,1-1-1-1-1-1-1-1-1,0-0-0-0-0-0-0-0-0,95-96-97-98-99-100-100A-100B-101-102,XXXXXXXXXX,CDR3,0,continuous,13,12,0.01527614571092832
4YPG_1,H,CDR-H3,DPIAAGY,7,1-1-1-1-2-1,0-0-0-0-1-0,95-96-97-98-99-101-102,XXXXX1XX,CDR3,1,discontinuous,13,13,0.01527614571092832
4QCI_1,H,CDR-H3,HYWYGGQ,7,2-1-1-1-1-1,1-0-0-0-0-0,95-97-98-99-100-100A-100B,X1XXXXXX,CDR3,1,discontinuous,10,14,0.011750881316098707
4R4F_1,H,CDR-H3,RNWPYL,6,2-1-1-1-1,1-0-0-0-0,95-97-98-99-100-100A,X1XXXXX,CDR3,1,discontinuous,10,15,0.011750881316098707
2UZI_1,H,CDR-H3,GRFD,4,1-1-4,0-0-3,95-96-97-101,XXX3X,CDR3,1,discontinuous,9,16,0.010575793184488837
3QO0_1,H,CDR-H3,R,1,,,95,X,CDR3,0,continuous,8,17,0.009400705052878966
4OQT_1,H,CDR-H3,EDNDA,5,2-1-1-1,1-0-0-0,95-97-98-99-100,X1XXXX,CDR3,1,discontinuous,8,18,0.009400705052878966
5T5B_1,H,CDR-H3,KYYDFWSGYPPGEE,14,1-1-1-1-1-1-1-1-1-1-1-1-1,0-0-0-0-0-0-0-0-0-0-0-0-0,97-98-99-100-100A-100B-100C-100D-100E-100F-100G-100H-100I-100J,XXXXXXXXXXXXXX,CDR3,0,continuous,8,19,0.009400705052878966
3JCX_1,H,CDR-H3,LPGLTYGW,8,1-1-1-1-1-1-2,0-0-0-0-0-0-1,97-98-99-100-100A-100B-100C-100E,XXXXXXX1X,CDR3,1,discontinuous,8,20,0.009400705052878966
3EYS_1,H,CDR-H3,RAHTTDF,7,1-1-1-1-1-2,0-0-0-0-0-1,95-96-97-98-99-100C-100E,XXXXXX1X,CDR3,1,discontinuous,8,21,0.009400705052878966
4ZS6_1,H,CDR-H3,FWSGY,5,1-1-1-2,0-0-0-1,99-100-100A-100B-100D,XXXX1X,CDR3,1,discontinuous,7,22,0.008225616921269096
5F3H_1,H,CDR-H3,QDYAN,5,1-1-1-3,0-0-0-2,95-96-97-98-101,XXXX2X,CDR3,1,discontinuous,7,23,0.008225616921269096
4TQE_1,H,CDR-H3,RGGMITTDFFD,11,1-1-1-1-1-1-1-1-1-1,0-0-0-0-0-0-0-0-0-0,95-96-97-98-99-100-100A-100B-100C-100D-101,XXXXXXXXXXX,CDR3,0,continuous,7,24,0.008225616921269096
3H42_1,H,CDR-H3,DYDFWSAYYDAD,12,1-1-1-1-1-1-1-1-1-1-1,0-0-0-0-0-0-0-0-0-0-0,95-96-97-98-99-100-100A-100B-100C-100D-100E-101,XXXXXXXXXXXX,CDR3,0,continuous,6,25,0.007050528789659225
2NZ9_1,H,CDR-H3,YYD,3,2-1,1-0,95-97-98,X1XX,CDR3,1,discontinuous,6,26,0.007050528789659225
5TFW_1,H,CDR-H3,KYYFWSGYPPGEE,13,1-1-1-1-1-1-1-1-1-1-1-1,0-0-0-0-0-0-0-0-0-0-0-0,97-98-99-100A-100B-100C-100D-100E-100F-100G-100H-100I-100J,XXXXXXXXXXXXX,CDR3,0,continuous,6,27,0.007050528789659225
4QYO_1,H,CDR-H3,YGVAY,5,1-1-4-1,0-0-3-0,95-96-97-101-102,XXX3XX,CDR3,1,discontinuous,6,28,0.007050528789659225
5DMI_1,H,CDR-H3,SGNGNYDLY,9,1-1-1-1-1-1-1-2,0-0-0-0-0-0-0-1,95-96-97-98-99-100-100A-100B-100D,XXXXXXXX1X,CDR3,1,discontinuous,5,29,0.005875440658049354
3SO3_1,H,CDR-H3,DIAARRFV,8,3-1-1-1-1-1-1,2-0-0-0-0-0-0,95-98-99-100-100A-100B-100C-100D,X2XXXXXXX,CDR3,1,discontinuous,5,30,0.005875440658049354
4Q5Z_8,H,CDR-H3,RVMYYWFSKYYY,12,1-1-1-1-1-2-1-1-1-2-2,0-0-0-0-0-1-0-0-0-1-1,96-97-98-99-100-100A-100C-100D-100E-100F-100H-100J,XXXXXX1XXXX1X1X,CDR3,1,discontinuous,5,31,0.005875440658049354
2R29_1,H,CDR-H3,DYEGAY,6,1-1-1-3-1,0-0-0-2-0,95-96-97-98-101-102,XXXX2XX,CDR3,1,discontinuous,5,32,0.005875440658049354
3DVG_1,H,CDR-H3,EYYRYT,6,1-1-1-2-1,0-0-0-1-0,95-96-97-98-100-100A,XXXX1XX,CDR3,1,discontinuous,5,33,0.005875440658049354
4XXD_1,H,CDR-H3,GDY,3,6-1,5-0,95-101-102,X5XX,CDR3,1,discontinuous,5,34,0.005875440658049354
3BKY_1,H,CDR-H3,VVYWY,5,1-1-3-1,0-0-2-0,95-96-97-100C-100D,XXX2XX,CDR3,1,discontinuous,4,35,0.004700352526439483
4XHJ_1,H,CDR-H3,GMTMVRVM,8,1-1-1-1-1-2-1,0-0-0-0-0-1-0,96-97-98-99-100-100A-100C-101,XXXXXX1XX,CDR3,1,discontinuous,4,36,0.004700352526439483
2BRR_1,H,CDR-H3,DYGSTYPY,8,2-1-1-1-1-1-2,1-0-0-0-0-0-1,95-97-98-99-100-100A-100B-100D,X1XXXXXX1X,CDR3,1,discontinuous,4,37,0.004700352526439483
1H0D_1,H,CDR-H3,LYGY,4,3-1-1,2-0-0,95-98-99-100B,X2XXX,CDR3,1,discontinuous,4,38,0.004700352526439483
3HAE_1,H,CDR-H3,EPY,3,3-1,2-0,95-98-99,X2XX,CDR3,1,discontinuous,4,39,0.004700352526439483
5CJO_1,H,CDR-H3,RVMYYWFSKYGYY,13,1-1-1-1-1-2-1-1-1-1-1-2,0-0-0-0-0-1-0-0-0-0-0-1,96-97-98-99-100-100A-100C-100D-100E-100F-100G-100H-100J,XXXXXX1XXXXXX1X,CDR3,1,discontinuous,3,40,0.0035252643948296123
4XAK_1,H,CDR-H3,VGYCTSCNR,9,1-1-1-2-1-1-1-1,0-0-0-1-0-0-0-0,95-96-97-98-100A-100B-100C-100D-100E,XXXX1XXXXX,CDR3,1,discontinuous,3,41,0.0035252643948296123
4G6A_2,H,CDR-H3,ITTY,4,1-1-3,0-0-2,95-96-97-100,XXX2X,CDR3,1,discontinuous,3,42,0.0035252643948296123
1TET_1,H,CDR-H3,RSWF,4,1-1-2,0-0-1,95-96-97-99,XXX1X,CDR3,1,discontinuous,3,43,0.0035252643948296123
5IBL_1,H,CDR-H3,ADREGFYY,8,1-1-1-1-1-2-2,0-0-0-0-0-1-1,97-98-99-100-100A-100B-100D-100F,XXXXXX1X1X,CDR3,1,discontinuous,3,44,0.0035252643948296123
5CZV_1,H,CDR-H3,GSFWFY,6,1-1-1-1-3,0-0-0-0-2,95-96-97-98-99-102,XXXXX2X,CDR3,1,discontinuous,3,45,0.0035252643948296123
2XZQ_1,H,CDR-H3,YY,2,2,1,95-97,X1X,CDR3,1,discontinuous,3,46,0.0035252643948296123
3BGF_1,H,CDR-H3,EGIPQLT,7,1-1-1-1-1-3,0-0-0-0-0-2,95-96-97-98-99-100-100C,XXXXXX2X,CDR3,1,discontinuous,3,47,0.0035252643948296123
3QNZ_1,H,CDR-H3,RG,2,6,5,95-101,X5X,CDR3,1,discontinuous,3,48,0.0035252643948296123
3SKJ_1,H,CDR-H3,YDSGYDYVAVAGPAE,15,1-1-1-1-1-1-1-1-1-1-1-1-1-1,0-0-0-0-0-0-0-0-0-0-0-0-0-0,95-96-97-98-99-100-100A-100B-100C-100D-100E-100F-100G-100H-100I,XXXXXXXXXXXXXXX,CDR3,0,continuous,3,49,0.0035252643948296123
2IPU_1,H,CDR-H3,RAHTDF,6,1-1-1-2-2,0-0-0-1-1,95-96-97-98-100C-100E,XXXX1X1X,CDR3,1,discontinuous,3,50,0.0035252643948296123
5U3N_1,H,CDR-H3,DEGAPILRFFEWGYYNY,17,1-1-1-1-1-1-1-1-1-1-1-1-1-1-1-1,0-0-0-0-0-0-0-0-0-0-0-0-0-0-0-0,95-96-97-98-99-100-100A-100B-100C-100D-100E-100F-100G-100H-100I-100J-100K,XXXXXXXXXXXXXXXXX,CDR3,0,continuous,3,51,0.0035252643948296123
5DUM_1,H,CDR-H3,RGHFYGSGSW,10,1-1-1-1-1-1-1-1-2,0-0-0-0-0-0-0-0-1,97-98-99-100-100A-100B-100C-100D-100E-100G,XXXXXXXXX1X,CDR3,1,discontinuous,3,52,0.0035252643948296123
3BDY_1,H,CDR-H3,WDGFYA,6,3-1-1-1-1,2-0-0-0-0,95-98-99-100-100A-100B,X2XXXXX,CDR3,1,discontinuous,3,53,0.0035252643948296123
4ODX_1,H,CDR-H3,EGKPIGF,7,5-1-1-1-1-2,4-0-0-0-0-1,95-100D-100E-100F-100G-100H-100J,X4XXXXX1X,CDR3,1,discontinuous,3,54,0.0035252643948296123
3O2D_1,H,CDR-H3,EDNYATGA,8,2-1-1-1-1-1-1,1-0-0-0-0-0-0,95-97-98-99-100-100A-100B-100C,X1XXXXXXX,CDR3,1,discontinuous,3,55,0.0035252643948296123
2NY1_1,H,CDR-H3,EAEGEYDN,8,1-2-1-1-1-1-1,0-1-0-0-0-0-0,99-100-100B-100C-100D-100E-100F-100G,XX1XXXXXX,CDR3,1,discontinuous,3,56,0.0035252643948296123
5FB8_1,H,CDR-H3,SDYYDSTYD,9,1-1-1-1-1-1-2-1,0-0-0-0-0-0-1-0,95-96-97-98-99-100-100A-100C-101,XXXXXXX1XX,CDR3,1,discontinuous,3,57,0.0035252643948296123
4YZF_1,H,CDR-H3,YYGGY,5,3-1-1-1,2-0-0-0,97-100-100A-100B-100C,X2XXXX,CDR3,1,discontinuous,3,58,0.0035252643948296123
4N0Y_1,H,CDR-H3,DRGFDLGHY,9,1-1-1-1-1-3-1-1,0-0-0-0-0-2-0-0,95-96-97-98-99-100-100C-100D-100E,XXXXXX2XXX,CDR3,1,discontinuous,2,59,0.0023501762632197414
4HPO_1,H,CDR-H3,LRYYHDSSGYY,11,3-1-1-1-1-1-1-1-1-1,2-0-0-0-0-0-0-0-0-0,95-98-99-100-100A-100B-100C-100D-100E-100F-100G,X2XXXXXXXXXX,CDR3,1,discontinuous,2,60,0.0023501762632197414
3UJI_1,H,CDR-H3,LFEGDYSGS,9,2-1-1-1-1-1-1-1,1-0-0-0-0-0-0-0,95-97-98-99-100-100A-100B-100C-100D,X1XXXXXXXX,CDR3,1,discontinuous,2,61,0.0023501762632197414
4RAV_1,H,CDR-H3,DRF,3,1-2,0-1,95-96-98,XX1X,CDR3,1,discontinuous,2,62,0.0023501762632197414
1IFH_1,H,CDR-H3,RERENGF,7,1-1-3-1-1-1,0-0-2-0-0-0,95-96-97-100-100A-100B-100C,XXX2XXXX,CDR3,1,discontinuous,2,63,0.0023501762632197414
2H9G_1,H,CDR-H3,RLALVRWDY,9,1-1-1-1-1-2-1-1,0-0-0-0-0-1-0-0,95-96-97-98-99-100-100B-101-102,XXXXXX1XXX,CDR3,1,discontinuous,2,64,0.0023501762632197414
4F37_1,H,CDR-H3,RRKYEVN,7,5-1-1-1-1-1,4-0-0-0-0-0,95-100-100A-100B-100C-100D-100E,X4XXXXXX,CDR3,1,discontinuous,2,65,0.0023501762632197414
5CIN_1,H,CDR-H3,EGGKPIGAF,9,5-1-1-1-1-1-1-1,4-0-0-0-0-0-0-0,95-100A-100B-100C-100D-100E-100F-100G-100H,X4XXXXXXXX,CDR3,1,discontinuous,2,66,0.0023501762632197414
2HRP_1,H,CDR-H3,SIRYDGTYYV,10,3-2-1-1-1-1-1-1-1,2-1-0-0-0-0-0-0-0,95-98-100-100A-100B-100C-100D-100E-100F-100G,X2X1XXXXXXXX,CDR3,1,discontinuous,2,67,0.0023501762632197414
4KI5_2,H,CDR-H3,TSYYFGYD,8,1-1-1-1-1-3-1,0-0-0-0-0-2-0,95-96-97-98-99-100-100C-100D,XXXXXX2XX,CDR3,1,discontinuous,2,68,0.0023501762632197414
5FEC_1,H,CDR-H3,EDW,3,3-2,2-1,95-98-100,X2X1X,CDR3,1,discontinuous,2,69,0.0023501762632197414
4YWG_2,H,CDR-H3,PSGYVSLYYD,10,1-1-1-1-1-1-1-3-1,0-0-0-0-0-0-0-2-0,96-97-98-99-100B-100C-100D-100E-100H-101,XXXXXXXX2XX,CDR3,1,discontinuous,2,70,0.0023501762632197414
1EO8_1,H,CDR-H3,TGRWFY,6,1-1-2-1-2,0-0-1-0-1,96-97-98-100-100A-102,XXX1XX1X,CDR3,1,discontinuous,2,71,0.0023501762632197414
3IDX_1,H,CDR-H3,DIGLKYDILY,10,1-1-1-1-1-1-1-1-3,0-0-0-0-0-0-0-0-2,95-96-97-98-99-100C-100D-100E-100F-100I,XXXXXXXXX2X,CDR3,1,discontinuous,2,72,0.0023501762632197414
3BAE_1,H,CDR-H3,RRKYEVNF,8,5-1-1-1-1-1-2,4-0-0-0-0-0-1,95-100-100A-100B-100C-100D-100E-100G,X4XXXXXX1X,CDR3,1,discontinuous,2,73,0.0023501762632197414
4XMK_1,H,CDR-H3,EDYGSDY,7,3-1-1-1-1-1,2-0-0-0-0-0,95-98-99-100-100A-100B-100C,X2XXXXXX,CDR3,1,discontinuous,2,74,0.0023501762632197414
1IAI_2,H,CDR-H3,DYYENY,6,2-1-1-1-2,1-0-0-0-1,95-97-98-99-100-100B,X1XXXX1X,CDR3,1,discontinuous,2,75,0.0023501762632197414
5J3D_1,H,CDR-H3,RRATTG,6,4-1-1-1-1,3-0-0-0-0,95-99-100-100A-100B-100C,X3XXXXX,CDR3,1,discontinuous,2,76,0.0023501762632197414
3ZTN_1,H,CDR-H3,LRSLYFEWLS,10,1-1-1-2-1-1-1-1-1,0-0-0-1-0-0-0-0-0,98-99-100-100A-100C-100D-100E-100F-100G-100H,XXXX1XXXXXX,CDR3,1,discontinuous,2,77,0.0023501762632197414
4OJF_1,H,CDR-H3,YHGSS,5,2-3-1-1,1-2-0-0,95-97-100-100A-100B,X1X2XXX,CDR3,1,discontinuous,2,78,0.0023501762632197414
2DQI_1,H,CDR-H3,WDY,3,1-6,0-5,95-96-102,XX5X,CDR3,1,discontinuous,2,79,0.0023501762632197414
1SY6_1,H,CDR-H3,YDDY,4,2-1-2,1-0-1,95-97-98-100,X1XX1X,CDR3,1,discontinuous,1,80,0.0011750881316098707
4LF3_1,H,CDR-H3,EYDILTGYNYYG,12,4-1-1-1-1-1-1-1-2-1-1,3-0-0-0-0-0-0-0-1-0-0,95-99-100-100A-100B-100C-100D-100E-100F-100H-100I-100J,X3XXXXXXXX1XXX,CDR3,1,discontinuous,1,81,0.0011750881316098707
5K9Q_1,H,CDR-H3,KQGEVVLPSR,10,1-1-1-1-1-1-1-3-2,0-0-0-0-0-0-0-2-1,97-98-99-100-100A-100B-100C-100D-100G-100I,XXXXXXXX2X1X,CDR3,1,discontinuous,1,82,0.0011750881316098707
5KAQ_1,H,CDR-H3,IYNLMGYYSTY,11,1-1-1-1-2-1-1-1-1-1,0-0-0-0-1-0-0-0-0-0,100-100A-100B-100C-100D-100F-100G-100H-100I-100J-100K,XXXXX1XXXXXX,CDR3,1,discontinuous,1,83,0.0011750881316098707
4ZTO_1,H,CDR-H3,TYGYY,5,1-1-1-5,0-0-0-4,97-98-99-100-100E,XXXX4X,CDR3,1,discontinuous,1,84,0.0011750881316098707
2VIT_1,H,CDR-H3,FYDYDFY,7,1-1-1-1-2-2,0-0-0-0-1-1,96-97-98-99-100-100B-100D,XXXXX1X1X,CDR3,1,discontinuous,1,85,0.0011750881316098707
3MLT_3,H,CDR-H3,LLQSSN,6,2-3-1-1-1,1-2-0-0-0,95-97-100B-100C-100D-100E,X1X2XXXX,CDR3,1,discontinuous,1,86,0.0011750881316098707
3VE0_1,H,CDR-H3,LYDY,4,1-4-1,0-3-0,96-97-101-102,XX3XX,CDR3,1,discontinuous,1,87,0.0011750881316098707
2B1H_1,H,CDR-H3,LDEDSGAD,8,3-2-1-1-1-1-1,2-1-0-0-0-0-0,95-98-100-100A-100B-100C-100D-100E,X2X1XXXXXX,CDR3,1,discontinuous,1,88,0.0011750881316098707
3GI9_1,H,CDR-H3,SPHYYGTYPMDY,12,1-1-1-1-1-1-4-1-1-1-1,0-0-0-0-0-0-3-0-0-0-0,95-96-97-98-99-100-100A-100E-100F-100G-101-102,XXXXXXX3XXXXX,CDR3,1,discontinuous,1,89,0.0011750881316098707
3UC0_1,H,CDR-H3,QGTGTTED,8,1-1-1-1-1-4-1,0-0-0-0-0-3-0,95-96-97-98-99-100-100D-100E,XXXXXX3XX,CDR3,1,discontinuous,1,90,0.0011750881316098707
4M62_1,H,CDR-H3,ETLGKPIGF,9,3-2-1-1-1-1-1-2,2-1-0-0-0-0-0-1,95-98-100C-100D-100E-100F-100G-100H-100J,X2X1XXXXXX1X,CDR3,1,discontinuous,1,91,0.0011750881316098707
3SOB_1,H,CDR-H3,HVNAVKNY,8,1-1-1-1-1-1-3,0-0-0-0-0-0-2,98-99-100-100A-100B-100C-100D-100G,XXXXXXX2X,CDR3,1,discontinuous,1,92,0.0011750881316098707
3WHE_1,H,CDR-H3,EGVRGVMY,8,1-1-1-1-1-1-4,0-0-0-0-0-0-3,96-97-98-99-100-100A-100B-100F,XXXXXXX3X,CDR3,1,discontinuous,1,93,0.0011750881316098707
5FGB_2,H,CDR-H3,AVKF,4,2-3-2,1-2-1,95-97-100-100B,X1X2X1X,CDR3,1,discontinuous,1,94,0.0011750881316098707
3TJE_1,H,CDR-H3,RQLDTGYQWA,10,1-1-3-2-1-1-1-1-1,0-0-2-1-0-0-0-0-0,95-96-97-100-100B-100C-100D-100E-100F-100G,XXX2X1XXXXXX,CDR3,1,discontinuous,1,95,0.0011750881316098707
5EN2_1,H,CDR-H3,RVYYGSNYY,9,2-1-1-1-1-1-1-2,1-0-0-0-0-0-0-1,95-97-98-99-100-100A-100B-100C-100E,X1XXXXXXX1X,CDR3,1,discontinuous,1,96,0.0011750881316098707
1ZA3_1,H,CDR-H3,YSYYSYYY,8,2-1-1-1-2-6-2,1-0-0-0-1-5-1,95-97-98-99-100-100B-100H-100J,X1XXXX1X5X1X,CDR3,1,discontinuous,1,97,0.0011750881316098707
4GLR_1,H,CDR-H3,LDSDQCGFPEC,11,1-1-1-1-1-1-1-1-1-3,0-0-0-0-0-0-0-0-0-2,97-98-99-100-100A-100B-100C-100D-100E-100F-100I,XXXXXXXXXX2X,CDR3,1,discontinuous,1,98,0.0011750881316098707
5U3O_1,H,CDR-H3,DEGTPVTRFLEWGYFYYY,18,1-1-1-1-1-1-1-1-1-1-1-1-1-1-1-1-1,0-0-0-0-0-0-0-0-0-0-0-0-0-0-0-0-0,95-96-97-98-99-100-100A-100B-100C-100D-100E-100F-100G-100H-100I-100J-100K-100L,XXXXXXXXXXXXXXXXXX,CDR3,0,continuous,1,99,0.0011750881316098707
3X3F_1,H,CDR-H3,GSGSYRD,7,1-1-1-2-1-1,0-0-0-1-0-0,97-98-99-100-100B-100C-100D,XXXX1XXX,CDR3,1,discontinuous,1,100,0.0011750881316098707
3FN0_1,H,CDR-H3,IGVSLNYYY,9,1-1-1-3-1-1-1-1,0-0-0-2-0-0-0-0,97-98-99-100-100C-100D-100E-100F-100G,XXXX2XXXXX,CDR3,1,discontinuous,1,101,0.0011750881316098707
4QTI_1,H,CDR-H3,DFSGDRSNYF,10,1-1-1-1-1-1-1-2-1,0-0-0-0-0-0-0-1-0,95-96-97-98-99-100-100A-100B-100D-100E,XXXXXXXX1XX,CDR3,1,discontinuous,1,102,0.0011750881316098707
4YDV_1,H,CDR-H3,ADGLTYFLLQYID,13,1-1-1-1-1-1-3-1-1-1-1-1,0-0-0-0-0-0-2-0-0-0-0-0,95-96-97-98-99-100-100A-100D-100E-100F-100G-100H-101,XXXXXXX2XXXXXX,CDR3,1,discontinuous,1,103,0.0011750881316098707
4XCF_1,H,CDR-H3,ELGKPIGF,8,4-1-1-1-1-1-2,3-0-0-0-0-0-1,95-99-100-100A-100B-100C-100D-100F,X3XXXXXX1X,CDR3,1,discontinuous,1,104,0.0011750881316098707
3PNW_1,H,CDR-H3,RKPYFGW,7,3-1-1-1-2-1,2-0-0-0-1-0,97-100A-100B-100C-100D-100F-100G,X2XXXX1XX,CDR3,1,discontinuous,1,105,0.0011750881316098707
5FGC_1,H,CDR-H3,AVVFTDSAYKF,11,1-1-1-1-1-2-1-3-2-2,0-0-0-0-0-1-0-2-1-1,95-96-97-98-99-100-100B-100C-100F-100H-100J,XXXXXX1XX2X1X1X,CDR3,1,discontinuous,1,106,0.0011750881316098707
4M1D_1,H,CDR-H3,DGSEDYYYYY,10,1-4-1-1-1-1-1-1-1,0-3-0-0-0-0-0-0-0,95-96-100D-100E-100F-100G-100H-100I-100J-100K,XX3XXXXXXXX,CDR3,1,discontinuous,1,107,0.0011750881316098707
3W2D_1,H,CDR-H3,EGRAYF,6,4-1-1-1-2,3-0-0-0-1,95-99-100-100A-100B-100D,X3XXXX1X,CDR3,1,discontinuous,1,108,0.0011750881316098707
5A3I_1,H,CDR-H3,ASCSARSCYGP,11,1-1-1-1-1-1-1-1-2-1,0-0-0-0-0-0-0-0-1-0,96-97-98-99-100-100A-100B-100C-100D-100F-100G,XXXXXXXXX1XX,CDR3,1,discontinuous,1,109,0.0011750881316098707
1ADQ_1,H,CDR-H3,RSYVVAEYHY,10,1-1-1-1-2-1-2-1-1,0-0-0-0-1-0-1-0-0,96-97-98-99-100-100B-100C-100E-101-102,XXXXX1XX1XXX,CDR3,1,discontinuous,1,110,0.0011750881316098707
4YUE_1,H,CDR-H3,VFYYSRERW,9,2-1-1-1-1-1-2-1,1-0-0-0-0-0-1-0,95-97-98-99-100-100A-100B-100D-100E,X1XXXXXX1XX,CDR3,1,discontinuous,1,111,0.0011750881316098707
4XVJ_1,H,CDR-H3,AVVSSDIYYWSKF,13,1-1-1-1-1-1-2-2-1-1-1-2,0-0-0-0-0-0-1-1-0-0-0-1,95-96-97-98-99-100-100A-100C-100E-100F-100G-100H-100J,XXXXXXX1X1XXXX1X,CDR3,1,discontinuous,1,112,0.0011750881316098707
3H3P_1,H,CDR-H3,ETLGKPGF,8,3-2-1-1-1-2-2,2-1-0-0-0-1-1,95-98-100A-100B-100C-100D-100F-100H,X2X1XXXX1X1X,CDR3,1,discontinuous,1,113,0.0011750881316098707
2FD6_1,H,CDR-H3,WW,2,4,3,95-99,X3X,CDR3,1,discontinuous,1,114,0.0011750881316098707
1FRG_1,H,CDR-H3,RERDEKGF,8,1-1-2-1-1-1-1,0-0-1-0-0-0-0,95-96-97-99-100-100A-100B-100C,XXX1XXXXX,CDR3,1,discontinuous,1,115,0.0011750881316098707
4PP2_1,H,CDR-H3,RGFLVNYY,8,1-1-1-2-1-1-1,0-0-0-1-0-0-0,95-96-97-98-100A-100B-100C-100D,XXXX1XXXX,CDR3,1,discontinuous,1,116,0.0011750881316098707
5U3J_1,H,CDR-H3,DLGEPVVFFEWGSYYY,16,1-1-1-1-1-1-3-1-1-1-1-1-1-1-1,0-0-0-0-0-0-2-0-0-0-0-0-0-0-0,95-96-97-98-99-100-100A-100D-100E-100F-100G-100H-100I-100J-100K-100L,XXXXXXX2XXXXXXXXX,CDR3,1,discontinuous,1,117,0.0011750881316098707
4YDJ_1,H,CDR-H3,ERGRHFEPNRDNLEGK,16,1-1-1-1-1-1-1-2-1-1-1-1-1-1-1,0-0-0-0-0-0-0-1-0-0-0-0-0-0-0,95-96-97-98-99-100-100A-100B-100D-100E-100F-100G-100H-100I-100J-100K,XXXXXXXX1XXXXXXXX,CDR3,1,discontinuous,1,118,0.0011750881316098707
4YFL_2,H,CDR-H3,EAASDHRI,8,1-1-1-1-2-2-2,0-0-0-0-1-1-1,96-97-98-99-100-100B-100D-100F,XXXXX1X1X1X,CDR3,1,discontinuous,1,119,0.0011750881316098707
3MLW_1,H,CDR-H3,LYND,4,5-2-1,4-1-0,95-100D-100F-100G,X4X1XX,CDR3,1,discontinuous,1,120,0.0011750881316098707
5DD0_1,H,CDR-H3,LFQPNGSFTLTSY,13,1-1-1-1-1-2-1-1-1-1-1-1,0-0-0-0-0-1-0-0-0-0-0-0,96-97-98-99-100-100A-100C-100D-100E-100F-100G-100H-100I,XXXXXX1XXXXXXX,CDR3,1,discontinuous,1,121,0.0011750881316098707
1RVF_1,H,CDR-H3,SGYPYAM,7,1-2-1-1-1-1,0-1-0-0-0-0,95-96-98-99-100-100A-100B,XX1XXXXX,CDR3,1,discontinuous,1,122,0.0011750881316098707
2XTJ_1,H,CDR-H3,IGRYMNVYYLMY,12,1-1-1-2-1-1-1-1-1-1-1,0-0-0-1-0-0-0-0-0-0-0,100-100A-100B-100C-100E-100F-100G-100H-100I-100J-100K-100L,XXXX1XXXXXXXX,CDR3,1,discontinuous,1,123,0.0011750881316098707
5TLK_3,H,CDR-H3,DYYDY,5,1-1-2-1,0-0-1-0,96-97-98-100-100A,XXX1XX,CDR3,1,discontinuous,1,124,0.0011750881316098707
3IDG_1,H,CDR-H3,RRGPRVN,7,1-1-1-2-3-1,0-0-0-1-2-0,95-96-97-98-100H-100K-100L,XXXX1X2XX,CDR3,1,discontinuous,1,125,0.0011750881316098707
3WKM_1,H,CDR-H3,RQLGLRGYYYM,11,1-1-1-1-1-1-1-1-1-2,0-0-0-0-0-0-0-0-0-1,95-96-97-98-99-100-100A-100B-100C-100D-100F,XXXXXXXXXX1X,CDR3,1,discontinuous,1,126,0.0011750881316098707
3VG9_1,H,CDR-H3,NYYDGGSRYY,10,1-1-1-1-1-1-2-1-2,0-0-0-0-0-0-1-0-1,97-98-99-100-100A-100B-100C-100E-100F-102,XXXXXXX1XX1X,CDR3,1,discontinuous,1,127,0.0011750881316098707
1F58_1,H,CDR-H3,EAYQAYYY,8,2-3-3-1-1-1-1,1-2-2-0-0-0-0,95-97-100-100C-100D-100E-100F-100G,X1X2X2XXXXX,CDR3,1,discontinuous,1,128,0.0011750881316098707
5DUP_1,H,CDR-H3,DSYDGGGHYGLHW,13,1-1-1-1-1-1-1-1-1-1-1-2,0-0-0-0-0-0-0-0-0-0-0-1,96-97-98-99-100-100A-100B-100C-100D-100E-100F-100G-100I,XXXXXXXXXXXX1X,CDR3,1,discontinuous,1,129,0.0011750881316098707
4I18_1,H,CDR-H3,SYYVYWAYSSDY,12,1-2-1-1-1-2-1-1-1-1-1,0-1-0-0-0-1-0-0-0-0-0,95-96-98-99-100-100A-100C-100D-100E-100F-101-102,XX1XXXX1XXXXXX,CDR3,1,discontinuous,1,130,0.0011750881316098707
4JHW_1,H,CDR-H3,ETALVVSTTYLHYD,14,1-1-1-1-1-1-1-1-1-1-2-1-1,0-0-0-0-0-0-0-0-0-0-1-0-0,95-96-97-98-99-100-100A-100B-100C-100D-100E-100G-100H-101,XXXXXXXXXXX1XXX,CDR3,1,discontinuous,1,131,0.0011750881316098707
4S1S_1,H,CDR-H3,RDPKGW,6,1-1-2-1-1,0-0-1-0-0,100-100A-100B-100D-100E-100F,XXX1XXX,CDR3,1,discontinuous,1,132,0.0011750881316098707
4U6V_1,H,CDR-H3,DYPTGHY,7,2-2-1-1-1-1,1-1-0-0-0-0,95-97-99-100-100A-100B-100C,X1X1XXXXX,CDR3,1,discontinuous,1,133,0.0011750881316098707
2QQK_1,H,CDR-H3,EFRNRRWY,8,2-1-1-1-1-3-1,1-0-0-0-0-2-0,95-97-98-99-100-100A-100D-100E,X1XXXXX2XX,CDR3,1,discontinuous,1,134,0.0011750881316098707
5FUU_1,H,CDR-H3,RDWSGRY,7,2-2-1-1-1-2,1-1-0-0-0-1,100C-100E-100G-100H-100I-100J-100L,X1X1XXXX1X,CDR3,1,discontinuous,1,135,0.0011750881316098707
4FQK_1,H,CDR-H3,VQYSGSLGAYY,11,1-1-1-1-1-2-1-1-1-1,0-0-0-0-0-1-0-0-0-0,96-97-98-99-100-100A-100C-100D-100E-100F-100G,XXXXXX1XXXXX,CDR3,1,discontinuous,1,136,0.0011750881316098707
5FYL_1,H,CDR-H3,YGVAFKE,7,1-1-2-1-1-1,0-0-1-0-0-0,100B-100C-100D-100F-100G-100H-100I,XXX1XXXX,CDR3,1,discontinuous,1,137,0.0011750881316098707
4XMP_1,H,CDR-H3,CRRHCNGADCFNW,13,2-1-1-1-1-1-1-1-1-1-1-1,1-0-0-0-0-0-0-0-0-0-0-0,98-100B-100C-100D-100E-100F-100G-100H-100I-100J-100K-100L-100M,X1XXXXXXXXXXXX,CDR3,1,discontinuous,1,138,0.0011750881316098707
3IFN_1,H,CDR-H3,RTD,3,2-3,1-2,95-97-100,X1X2X,CDR3,1,discontinuous,1,139,0.0011750881316098707
5D9Q_1,H,CDR-H3,YGVFKEF,7,1-1-3-1-1-2,0-0-2-0-0-1,100B-100C-100D-100G-100H-100I-100K,XXX2XXX1X,CDR3,1,discontinuous,1,140,0.0011750881316098707
5DRZ_1,H,CDR-H3,DDGYYDRYYGVD,12,1-1-1-1-1-1-3-1-1-1-1,0-0-0-0-0-0-2-0-0-0-0,95-96-97-98-99-100-100A-100D-100E-100F-100G-101,XXXXXXX2XXXXX,CDR3,1,discontinuous,1,141,0.0011750881316098707
5CEZ_1,H,CDR-H3,YGMSFGEFF,9,1-1-2-1-1-1-1-1,0-0-1-0-0-0-0-0,100B-100C-100D-100F-100G-100H-100I-100J-100K,XXX1XXXXXX,CDR3,1,discontinuous,1,142,0.0011750881316098707
4CAD_1,H,CDR-H3,RAFYSYGSYY,10,2-1-1-1-1-1-1-2-1,1-0-0-0-0-0-0-1-0,95-97-98-99-100-100A-100B-100C-100E-100F,X1XXXXXXX1XX,CDR3,1,discontinuous,1,143,0.0011750881316098707
4UV7_1,H,CDR-H3,HSPGYTA,7,2-1-1-1-1-3,1-0-0-0-0-2,95-97-98-99-100-100A-100D,X1XXXXX2X,CDR3,1,discontinuous,1,144,0.0011750881316098707
3GHE_1,H,CDR-H3,EYDHLEYYYDYYYM,14,4-1-1-1-1-1-1-1-1-1-1-1-1,3-0-0-0-0-0-0-0-0-0-0-0-0,95-99-100A-100B-100C-100D-100E-100F-100G-100H-100I-100J-100K-100L,X3XXXXXXXXXXXXX,CDR3,1,discontinuous,1,145,0.0011750881316098707
2VWE_1,H,CDR-H3,SYSNVADY,8,1-1-1-2-2-1-1,0-0-0-1-1-0-0,95-96-97-98-100-100B-101-102,XXXX1X1XXX,CDR3,1,discontinuous,1,146,0.0011750881316098707
2OQJ_1,H,CDR-H3,KDN,3,5-1,4-0,95-100B-100C,X4XX,CDR3,1,discontinuous,1,147,0.0011750881316098707
5FCU_1,H,CDR-H3,TVWYYTSTYDH,11,1-1-1-1-1-1-2-2-1-1,0-0-0-0-0-0-1-1-0-0,95-96-97-98-99-100-100A-100C-100E-101-102,XXXXXXX1X1XXX,CDR3,1,discontinuous,1,148,0.0011750881316098707
5LCV_1,H,CDR-H3,RYYDSTYYPDS,11,2-1-1-1-1-2-1-1-1-1,1-0-0-0-0-1-0-0-0-0,98-100-100A-100B-100C-100D-100F-100G-100H-100I-100J,X1XXXXX1XXXXX,CDR3,1,discontinuous,1,149,0.0011750881316098707
5GGT_1,H,CDR-H3,KHSGSPF,7,2-3-1-1-1-1,1-2-0-0-0-0,95-97-100-100A-100B-100C-100D,X1X2XXXXX,CDR3,1,discontinuous,1,150,0.0011750881316098707
2OSL_1,H,CDR-H3,STYW,4,1-2-2,0-1-1,95-96-98-100B,XX1X1X,CDR3,1,discontinuous,1,151,0.0011750881316098707
3P30_1,H,CDR-H3,RSREWD,6,1-1-2-3-1,0-0-1-2-0,96-97-98-100E-100H-101,XXX1X2XX,CDR3,1,discontinuous,1,152,0.0011750881316098707
4ONF_1,H,CDR-H3,YGSS,4,5-1-1,4-0-0,95-100-100A-100B,X4XXX,CDR3,1,discontinuous,1,153,0.0011750881316098707
5EU7_1,H,CDR-H3,ESSYFYSYYDYEG,13,1-1-1-1-1-5-1-1-1-1-1-1,0-0-0-0-0-4-0-0-0-0-0-0,95-96-97-98-99-100-100E-100F-100G-100H-100I-100J-100K,XXXXXX4XXXXXXX,CDR3,1,discontinuous,1,154,0.0011750881316098707
4UU9_1,H,CDR-H3,DDDEWWYYGMDV,12,1-1-3-1-2-1-1-1-1-1-1,0-0-2-0-1-0-0-0-0-0-0,95-96-97-100-100A-100C-100D-100E-100F-100G-101-102,XXX2XX1XXXXXXX,CDR3,1,discontinuous,1,155,0.0011750881316098707
4XC1_1,H,CDR-H3,ELGKPG,6,5-1-1-1-2,4-0-0-0-1,95-100C-100D-100E-100F-100H,X4XXXX1X,CDR3,1,discontinuous,1,156,0.0011750881316098707
3THM_1,H,CDR-H3,RQLDTGYQWAA,11,1-1-3-2-1-1-1-1-1-1,0-0-2-1-0-0-0-0-0-0,95-96-97-100-100B-100C-100D-100E-100F-100G-100H,XXX2X1XXXXXXX,CDR3,1,discontinuous,1,157,0.0011750881316098707
4J8R_1,H,CDR-H3,SGAAPTYYAMD,11,1-1-2-1-1-1-1-1-1-1,0-0-1-0-0-0-0-0-0-0,95-96-97-99-100-100A-100B-100C-100D-100E-101,XXX1XXXXXXXX,CDR3,1,discontinuous,1,158,0.0011750881316098707
4UT6_1,H,CDR-H3,YYST,4,1-3-1,0-2-0,99-100-100C-100D,XX2XX,CDR3,1,discontinuous,1,159,0.0011750881316098707
5C0N_1,H,CDR-H3,NDYL,4,1-2-1,0-1-0,97-98-100C-100D,XX1XX,CDR3,1,discontinuous,1,160,0.0011750881316098707
2Y36_1,H,CDR-H3,YS,2,5,4,95-100A,X4X,CDR3,1,discontinuous,1,161,0.0011750881316098707
2J4W_1,H,CDR-H3,DTSGYG,6,3-2-1-1-1,2-1-0-0-0,95-98-100A-100B-100C-100D,X2X1XXXX,CDR3,1,discontinuous,1,162,0.0011750881316098707
5X08_1,H,CDR-H3,EGKPIGAF,8,5-1-1-1-1-1-1,4-0-0-0-0-0-0,95-100-100A-100B-100C-100D-100E-100F,X4XXXXXXX,CDR3,1,discontinuous,1,163,0.0011750881316098707
4NRX_2,H,CDR-H3,QHSYFYRTAYYY,12,2-3-1-1-1-1-1-1-1-1-1,1-2-0-0-0-0-0-0-0-0-0,95-97-100B-100C-100D-100E-100F-100G-100H-100I-100J-100K,X1X2XXXXXXXXXX,CDR3,1,discontinuous,1,164,0.0011750881316098707
2BDN_1,H,CDR-H3,GVFFDY,6,1-1-2-2-1,0-0-1-1-0,95-96-97-99-101-102,XXX1X1XX,CDR3,1,discontinuous,1,165,0.0011750881316098707
5TPN_1,H,CDR-H3,DYVSGSDYYYGL,12,2-1-1-1-1-1-2-1-1-1-1,1-0-0-0-0-0-1-0-0-0-0,95-97-98-99-100-100A-100B-100D-100E-100F-100G-100H,X1XXXXXX1XXXXX,CDR3,1,discontinuous,1,166,0.0011750881316098707
4K8R_2,H,CDR-H3,ETDNYYSYM,9,2-3-1-1-1-1-1-2,1-2-0-0-0-0-0-1,95-97-100E-100F-100G-100H-100I-100J-100L,X1X2XXXXXX1X,CDR3,1,discontinuous,1,167,0.0011750881316098707
2OR9_1,H,CDR-H3,RSEFYYYGTYYYAD,14,1-1-1-1-1-1-1-2-1-1-1-2-1,0-0-0-0-0-0-0-1-0-0-0-1-0,95-96-97-98-99-100-100A-100B-100D-100E-100F-100G-100I-101,XXXXXXXX1XXXX1XX,CDR3,1,discontinuous,1,168,0.0011750881316098707
5ANM_3,H,CDR-H3,VMGIKGGYDY,10,1-1-3-1-1-1-1-1-1,0-0-2-0-0-0-0-0-0,95-96-97-100-100A-100B-100C-100D-101-102,XXX2XXXXXXX,CDR3,1,discontinuous,1,169,0.0011750881316098707
5JZ7_1,H,CDR-H3,SRIYDLNPSLTYD,13,1-1-1-1-1-1-1-1-1-1-2-2,0-0-0-0-0-0-0-0-0-0-1-1,96-97-98-99-100-100A-100B-100C-100D-100E-100F-100H-100J,XXXXXXXXXXX1X1X,CDR3,1,discontinuous,1,170,0.0011750881316098707
5ANM_2,H,CDR-H3,VMGGYD,6,1-2-1-1-1,0-1-0-0-0,95-96-98-99-100-101,XX1XXXX,CDR3,1,discontinuous,1,171,0.0011750881316098707
4WV1_1,H,CDR-H3,TYGIYDLYVYEY,12,1-1-1-1-1-1-1-1-2-2-1,0-0-0-0-0-0-0-0-1-1-0,95-96-97-98-99-100-100A-100B-100C-100E-100G-100H,XXXXXXXXX1X1XX,CDR3,1,discontinuous,1,172,0.0011750881316098707
4XAW_1,H,CDR-H3,EGKPIGAF,8,4-1-1-1-1-1-1,3-0-0-0-0-0-0,95-99-100-100A-100B-100C-100D-100E,X3XXXXXXX,CDR3,1,discontinuous,1,173,0.0011750881316098707
4FP8_1,H,CDR-H3,MQVVSAGWERAD,12,2-1-1-1-1-1-1-1-1-1-1,1-0-0-0-0-0-0-0-0-0-0,98-100-100A-100B-100C-100D-100E-100F-100G-100H-100I-100J,X1XXXXXXXXXXX,CDR3,1,discontinuous,1,174,0.0011750881316098707
4HF5_1,H,CDR-H3,DSGYSGPESYYHY,13,1-1-1-1-1-1-1-2-1-1-2-1,0-0-0-0-0-0-0-1-0-0-1-0,97-98-99-100-100A-100B-100C-100D-100F-100G-100H-100J-100K,XXXXXXXX1XXX1XX,CDR3,1,discontinuous,1,175,0.0011750881316098707
4IDJ_1,H,CDR-H3,EEGRWRPTE,9,2-3-1-1-1-1-1-1,1-2-0-0-0-0-0-0,95-97-100-100A-100B-100C-100D-100E-100F,X1X2XXXXXXX,CDR3,1,discontinuous,1,176,0.0011750881316098707
3MLY_1,H,CDR-H3,DFGEYHYRFEDL,12,1-1-1-1-1-1-3-2-3-1-1,0-0-0-0-0-0-2-1-2-0-0,95-96-97-98-99-100-100A-100D-100F-100I-101-102,XXXXXXX2X1X2XXX,CDR3,1,discontinuous,1,177,0.0011750881316098707
2HKF_1,H,CDR-H3,YGNHY,5,1-1-1-4,0-0-0-3,95-96-97-98-102,XXXX3X,CDR3,1,discontinuous,1,178,0.0011750881316098707
4YK4_1,H,CDR-H3,SDFETVDIH,9,1-1-1-1-1-1-2-2,0-0-0-0-0-0-1-1,97-98-99-100-100A-100B-100C-100E-100G,XXXXXXX1X1X,CDR3,1,discontinuous,1,179,0.0011750881316098707
4IRZ_1,H,CDR-H3,EYYGNYGVYY,10,2-1-1-1-1-1-1-1-2,1-0-0-0-0-0-0-0-1,95-97-98-99-100-100A-100B-100C-100D-102,X1XXXXXXXX1X,CDR3,1,discontinuous,1,180,0.0011750881316098707
5TZU_1,H,HFR2,W,1,,,47,X,FR2,0,continuous,166,1,0.7545454545454545
2OSL_1,H,HFR2,WG,2,2,1,47-49,X1X,FR2,1,discontinuous,36,2,0.16363636363636364
4OLZ_1,H,HFR2,EW,2,1,0,46-47,XX,FR2,0,continuous,10,3,0.045454545454545456
3QG6_1,H,HFR2,IW,2,10,9,37-47,X9X,FR2,1,discontinuous,5,4,0.022727272727272728
4S1S_1,H,HFR2,HEW,3,2-1,1-0,44-46-47,X1XX,FR2,1,discontinuous,2,5,0.00909090909090909
4J6R_1,H,HFR2,RPEW,4,1-1-1,0-0-0,44-45-46-47,XXXX,FR2,0,continuous,1,6,0.004545454545454545
4F37_1,L,LFR1,D,1,,,1,X,FR1,0,continuous,72,1,0.6486486486486487
2VXQ_1,L,LFR1,EI,2,1,0,1-2,XX,FR1,0,continuous,27,2,0.24324324324324326
5CD5_1,L,LFR1,DIQ,3,1-1,0-0,1-2-3,XXX,FR1,0,continuous,8,3,0.07207207207207207
4LSR_1,L,LFR1,DIQM,4,1-1-1,0-0-0,1-2-3-4,XXXX,FR1,0,continuous,2,4,0.018018018018018018
5GZN_1,L,LFR1,QSVLT,5,1-1-1-1,0-0-0-0,1-2-3-4-5,XXXXX,FR1,0,continuous,1,5,0.009009009009009009
4YWG_2,L,LFR1,RT,2,2,1,18-20,X1X,FR1,1,discontinuous,1,6,0.009009009009009009
1NCB_1,L,LFR3,G,1,,,57,X,FR3,0,continuous,74,1,0.4180790960451977
5C0R_1,L,LFR3,SG,2,1,0,67-68,XX,FR3,0,continuous,27,2,0.15254237288135594
3OPZ_1,L,LFR3,SGT,3,1-1,0-0,67-68-69,XXX,FR3,0,continuous,21,3,0.11864406779661017
4N90_1,L,LFR3,SGTD,4,1-1-1,0-0-0,67-68-69-70,XXXX,FR3,0,continuous,9,4,0.05084745762711865
3EFF_1,L,LFR3,RG,2,2,1,66-68,X1X,FR3,1,discontinuous,6,5,0.03389830508474576
5D93_1,L,LFR3,SGY,3,1-3,0-2,67-68-71,XX2X,FR3,1,discontinuous,3,6,0.01694915254237288
4DW2_1,L,LFR3,GGS,3,2-1,1-0,64-66-67,X1XX,FR3,1,discontinuous,3,7,0.01694915254237288
5MHR_1,L,LFR3,SGSGT,5,1-1-1-1,0-0-0-0,65-66-67-68-69,XXXXX,FR3,0,continuous,3,8,0.01694915254237288
2QQN_1,L,LFR3,GSGF,4,1-1-3,0-0-2,66-67-68-71,XXX2X,FR3,1,discontinuous,3,9,0.01694915254237288
4ZS7_1,L,LFR3,KN,2,3,2,66-69,X2X,FR3,1,discontinuous,3,10,0.01694915254237288
1FE8_1,L,LFR3,SGTY,4,1-1-2,0-0-1,67-68-69-71,XXX1X,FR3,1,discontinuous,2,11,0.011299435028248588
2XWT_1,L,LFR3,AK,2,9,8,57-66,X8X,FR3,1,discontinuous,2,12,0.011299435028248588
4YWG_1,L,LFR3,SGSGST,6,1-1-1-1-7,0-0-0-0-6,63-64-65-66-67-74,XXXXX6X,FR3,1,discontinuous,1,13,0.005649717514124294
4YWG_2,L,LFR3,SGSGSTTS,8,1-1-1-1-5-2-2,0-0-0-0-4-1-1,63-64-65-66-67-72-74-76,XXXXX4X1X1X,FR3,1,discontinuous,1,14,0.005649717514124294
5CUS_1,L,LFR3,GVDK,4,1-2-6,0-1-5,57-58-60-66,XX1X5X,FR3,1,discontinuous,1,15,0.005649717514124294
1BGX_1,L,LFR3,GVPVRFSEED,10,1-1-1-1-1-5-12-2-1,0-0-0-0-0-4-11-1-0,57-58-59-60-61-62-67-79-81-82,XXXXXX4X11X1XX,FR3,1,discontinuous,1,16,0.005649717514124294
1CIC_1,L,LFR3,GSGSGQ,6,1-1-1-1-2,0-0-0-0-1,64-65-66-67-68-70,XXXXX1X,FR3,1,discontinuous,1,17,0.005649717514124294
4QNP_1,L,LFR3,GVPFSG,6,1-1-1-3-1,0-0-0-2-0,57-58-59-60-63-64,XXXX2XX,FR3,1,discontinuous,1,18,0.005649717514124294
5LBS_1,L,LFR3,SGR,3,1-2,0-1,63-64-66,XX1X,FR3,1,discontinuous,1,19,0.005649717514124294
5ANY_1,L,LFR3,GSLIKAA,7,1-1-1-3-1-1,0-0-0-2-0-0,64-65-66-67-70-71-72,XXXX2XXX,FR3,1,discontinuous,1,20,0.005649717514124294
3G04_1,L,LFR3,GVSDRFR,7,1-1-1-1-1-4,0-0-0-0-0-3,57-58-59-60-61-62-66,XXXXXX3X,FR3,1,discontinuous,1,21,0.005649717514124294
3GO1_1,L,LFR3,TGV,3,2-3,1-2,66-68-71,X1X2X,FR3,1,discontinuous,1,22,0.005649717514124294
4OD2_1,L,LFR3,SSSGNTA,7,1-1-1-1-1-1,0-0-0-0-0-0,65-66-67-68-69-70-71,XXXXXXX,FR3,0,continuous,1,23,0.005649717514124294
3J70_1,L,LFR3,VPSFSGSGSFL,11,1-1-2-1-1-1-1-1-4-2,0-0-1-0-0-0-0-0-3-1,58-59-60-62-63-64-65-66-67-71-73,XXX1XXXXXX3X1X,FR3,1,discontinuous,1,24,0.005649717514124294
4EDW_1,L,LFR3,FSGSGS,6,1-1-1-1-1,0-0-0-0-0,62-63-64-65-66-67,XXXXXX,FR3,0,continuous,1,25,0.005649717514124294
3WKM_1,L,LFR3,GVPAGE,6,1-1-1-4-15,0-0-0-3-14,57-58-59-60-64-79,XXXX3X14X,FR3,1,discontinuous,1,26,0.005649717514124294
1QFU_1,L,LFR3,GVPEE,5,1-1-20-2,0-0-19-1,57-58-59-79-81,XXX19X1X,FR3,1,discontinuous,1,27,0.005649717514124294
4KVN_1,L,LFR3,AFSGSGSGDYTSQ,13,2-1-1-1-1-1-1-2-1-5-1-2,1-0-0-0-0-0-0-1-0-4-0-1,60-62-63-64-65-66-67-68-70-71-76-77-79,X1XXXXXXX1XX4XX1X,FR3,1,discontinuous,1,28,0.005649717514124294
3VG9_1,L,LFR3,AGSG,4,9-1-1,8-0-0,57-66-67-68,X8XXX,FR3,1,discontinuous,1,29,0.005649717514124294
5DUP_1,L,LFR3,PDFSGK,6,1-2-1-1-2,0-1-0-0-1,59-60-62-63-64-66,XX1XXX1X,FR3,1,discontinuous,1,30,0.005649717514124294
4EDX_1,L,LFR3,SFSG,4,2-1-1,1-0-0,60-62-63-64,X1XXX,FR3,1,discontinuous,1,31,0.005649717514124294
4YPG_1,L,LFR3,DGSGF,5,6-1-1-3,5-0-0-2,60-66-67-68-71,X5XXX2X,FR3,1,discontinuous,1,32,0.005649717514124294
5L0Q_1,L,LFR3,SGSTDFI,7,1-1-2-1-1-1,0-0-1-0-0-0,65-66-67-69-70-71-72,XXX1XXXX,FR3,1,discontinuous,1,33,0.005649717514124294
3QG6_1,L,LFR4,F,1,,,98,X,FR4,0,continuous,8,1,0.8888888888888888
4LSR_1,L,LFR4,FQ,2,2,1,98-100,X1X,FR4,1,discontinuous,1,2,0.1111111111111111
3QG6_1,H,HFR4,W,1,,,103,X,FR4,0,continuous,7,1,0.875
1BGX_1,H,HFR4,WGQ,3,1-1,0-0,103-104-105,XXX,FR4,0,continuous,1,2,0.125
