source,target,motif,source2,target2
N,K,XXX,N,K
K,G,XXX,K,G
S,I,XXX,S,I
I,R,XXX,I,R
I,G,XXX,I,G
G,S,XXX,G,S
V,P,XXX,V,P
P,E,XXX,P,E
N,Q,XXX,N,Q
Q,S,XXX,Q,S
A,P,XXX,A,P
P,Y,XXX,P,Y
K,N,XXX,N,K
N,N',XXX,N,N
R,R',XXX,R,R
R,P,XXX,R,P
P,Y,XXX,P,Y
Y,E,XXX,Y,E
W,S,XXX,W,S
S,G,XXX,G,S
G,R,XXX,G,R
R,P,XXX,R,P
L,N,XXX,L,N
N,T,XXX,N,T
T,V,XXX,T,V
V,G,XXX,V,G
K,T,XXX,K,T
T,N,XXX,N,T
E,T,XXX,E,T
T,L,XXX,T,L
G,T,XXX,G,T
T,D,XXX,T,D
D,G,XXX,D,G
G,R,XXX,G,R
Y,A,XXX,Y,A
A,S,XXX,A,S
Y,A,XXX,Y,A
A,S,XXX,A,S
P,G,XXX,P,G
G,R,XXX,G,R
N,N',XXX,N,N
N,N',XXX,N,N
T,F,XXX,T,F
F,T,XXX,T,F
E,D,XXX,E,D
D,G,XXX,D,G
H,H',XXX,H,H
H,H',XXX,H,H
H,H',XXX,H,H
H,H',XXX,H,H
R,M,XXX,R,M
M,K,XXX,M,K
P,E,XXX,P,E
E,K,XXX,E,K
V,E,XXX,V,E
E,Q,XXX,E,Q
L,P,XXX,L,P
P,K,XXX,P,K
F,R,X1X,F,R
D,G,X1X,D,G
G,N,X1X,G,N
Y,S,X1X,Y,S
T,S,X1X,T,S
I,K,X1X,I,K
R,D,X1X,R,D
F,M,X1X,F,M
R,F,X1X,F,R
K,F,X1X,K,F
F,A,X1X,F,A
H,S,X1X,H,S
R,D,X1X,R,D
K,N,X1X,N,K
K,V,X1X,K,V
W,M,X1X,W,M
H,F,X1X,H,F
Q,G,X1X,Q,G
A,S,X1X,A,S
T,N,X1X,N,T
K,R,X1X,K,R
H,L,X1X,H,L
E,P,X1X,P,E
D,N,X1X,D,N
I,T,X1X,I,T
S,R,X1X,S,R
E,N,X1X,E,N
G,L,X1X,G,L
R,T,X1X,R,T
Q,D,X1X,Q,D
L,Q,X1X,L,Q
H,S,X1X,H,S
R,P,X1X,R,P
R,A,X1X,R,A
G,E,X1X,G,E
R,P,X1X,R,P
F,H,X1X,H,F
N,S,X1X,N,S
K,G,X1X,K,G
D,R,X1X,R,D
S,L,X1X,S,L
R,T,X1X,R,T
R,Y,X1X,R,Y
A,R,X1X,R,A
K,I,X1X,I,K
S,D,X1X,S,D
E,R,X1X,E,R
N,I,X1X,N,I
V,K,X1X,K,V
F,H,X1X,H,F
V,P,X1X,V,P
N,L,X1X,L,N
P,K,X1X,P,K
R,T,X1X,R,T
D,R,X1X,R,D
T,S,X1X,T,S
Q,D,X1X,Q,D
T,S,X1X,T,S
P,R,X1X,R,P
R,G,X1X,G,R
L,E,X1X,L,E
N,T,X1X,N,T
N,T,X1X,N,T
R,G,X1X,G,R
I,I',X1X,I,I
D,G,X1X,D,G
D,G,X1X,D,G
V,N,X1X,V,N
Y,S,X1X,Y,S
R,H,X1X,R,H
L,H,X1X,H,L
L,A,X1X,L,A
M,Q,X1X,M,Q
F,A,X1X,F,A
N,L,X1X,L,N
S,V,X1X,S,V
A,D,X1X,A,D
N,N',X1X,N,N
K,T,X1X,K,T
N,E,X1X,E,N
N,D,X1X,D,N
H,H',X1X,H,H
A,T,X1X,A,T
I,N,X1X,N,I
N,L,X1X,L,N
V,W,X1X,V,W
S,V,X1X,S,V
G,D,X1X,D,G
D,R,X1X,R,D
P,P',X1X,P,P
W,G,X1X,W,G
K,G,X1X,K,G
Q,V,X1X,Q,V
V,Y,X1X,V,Y
R,E,X1X,E,R
S,L,X1X,S,L
S,P,X1X,S,P
M,A,X2X,M,A
H,A,X2X,H,A
K,I,X2X,I,K
S,K,X2X,S,K
K,N,X2X,N,K
K,P,X2X,P,K
S,H,X2X,H,S
I,G,X2X,I,G
G,R,X2X,G,R
R,E,X2X,E,R
E,H,X2X,E,H
S,W,X2X,W,S
Q,R,X2X,Q,R
L,G,X2X,G,L
P,T,X2X,P,T
K,V,X2X,K,V
N,F,X2X,N,F
H,D,X2X,H,D
R,E,X2X,E,R
N,I,X2X,N,I
A,E,X2X,A,E
N,L,X2X,L,N
L,N,X2X,L,N
Q,S,X2X,Q,S
K,V,X2X,K,V
V,K,X2X,K,V
K,H,X2X,K,H
H,E,X2X,E,H
K,V,X2X,K,V
R,R',X2X,R,R
R,Y,X2X,R,Y
K,N,X2X,N,K
E,E',X2X,E,E
E,K,X2X,E,K
A,P,X2X,A,P
D,F,X2X,D,F
S,K,X2X,S,K
E,H,X2X,E,H
P,P',X2X,P,P
K,N,X2X,N,K
R,R',X2X,R,R
S,K,X2X,S,K
S,W,X2X,W,S
V,L,X2X,V,L
K,E,X2X,E,K
G,M,X2X,G,M
A,T,X2X,A,T
N,G,X2X,G,N
L,Y,X2X,L,Y
K,N,X2X,N,K
V,L,X2X,V,L
R,R',X2X,R,R
S,E,X2X,S,E
G,S,X2X,G,S
K,N,X2X,N,K
D,E,X2X,E,D
D,K,X2X,D,K
K,N,X2X,N,K
S,D,X2X,S,D
S,K,X2X,S,K
E,P,X2X,P,E
R,Q,X2X,Q,R
R,R',X2X,R,R
P,Y,X2X,P,Y
Q,Y,X2X,Q,Y
W,R,X2X,W,R
G,P,X2X,P,G
E,M,X2X,E,M
K,E,X2X,E,K
T,R,X2X,R,T
S,E,X2X,S,E
D,K,X2X,D,K
K,N,X2X,N,K
D,N,X2X,D,N
K,N,X2X,N,K
P,R,X2X,R,P
W,N,X2X,W,N
Y,P,X2X,P,Y
E,R,X2X,E,R
K,N,X2X,N,K
H,W,X2X,H,W
P,K,XX,P,K
G,K,XX,K,G
S,R,XX,S,R
A,N,XX,A,N
K,K',XX,K,K
W,G,XX,W,G
L,N,XX,L,N
F,E,XX,F,E
E,F,XX,F,E
D,D',XX,D,D
S,R,XX,S,R
R,W,XX,W,R
F,I,XX,F,I
I,F,XX,F,I
N,N',XX,N,N
F,R,XX,F,R
H,D,XX,H,D
R,T,XX,R,T
S,L,XX,S,L
I,P,XX,I,P
A,P,XX,A,P
H,W,XX,H,W
F,E,XX,F,E
F,R,XX,F,R
K,G,XX,K,G
N,W,XX,W,N
F,R,XX,F,R
Q,H,XX,Q,H
D,R,XX,R,D
G,K,XX,K,G
T,G,XX,G,T
G,D,XX,D,G
K,F,XX,K,F
K,E,XX,E,K
T,S,XX,T,S
K,G,XX,K,G
T,G,XX,G,T
F,L,XX,F,L
L,Q,XX,L,Q
P,D,XX,P,D
I,T,XX,I,T
D,K,XX,D,K
A,P,XX,A,P
N,G,XX,G,N
L,W,XX,L,W
D,K,XX,D,K
T,S,XX,T,S
N,K,XX,N,K
L,I,XX,L,I
Q,E,XX,E,Q
L,F,XX,F,L
E,E',XX,E,E
P,G,XX,P,G
S,Q,XX,Q,S
E,R,XX,E,R
P,L,XX,L,P
P,L,XX,L,P
K,G,XX,K,G
G,D,XX,D,G
K,D,XX,D,K
V,E,XX,V,E
Q,H,XX,Q,H
Q,P,XX,Q,P
R,K,XX,K,R
S,D,XX,S,D
P,L,XX,L,P
R,K,XX,K,R
P,L,XX,L,P
D,A,XX,A,D
S,G,XX,G,S
S,A,XX,A,S
G,D,XX,D,G
V,R,XX,V,R
K,G,XX,K,G
D,T,XX,T,D
P,F,XX,P,F
N,K,XX,N,K
Q,E,XX,E,Q
G,R,XX,G,R
P,D,XX,P,D
D,S,XX,S,D
N,Q,XX,N,Q
P,T,XX,P,T
V,E,XX,V,E
F,R,XX,F,R
T,A,XX,A,T
C,G,XX,C,G
K,M,XX,M,K
M,K,XX,M,K
K,E,XX,E,K
T,I,XX,I,T
L,Q,XX,L,Q
F,R,XX,F,R
R,G,XX,G,R
G,P,XX,P,G
S,H,XX,H,S
G,G',XX,G,G
P,H,XX,P,H
E,W,XX,E,W
L,R,XX,L,R
W,P,XX,W,P
K,P,XX,P,K
R,G,XX,G,R
L,S,XX,S,L
G,H,XX,G,H
E,R,XX,E,R
P,P',XX,P,P
L,T,XX,T,L
L,E,XX,L,E
K,W,XX,K,W
K,G,XX,K,G
A,Q,XX,A,Q
G,V,XX,V,G
M,W,XX,W,M
S,Y,XX,Y,S
H,L,XX,H,L
V,S,XX,S,V
F,Q,XX,F,Q
G,R,XX,G,R
K,T,XX,K,T
S,P,XX,S,P
L,H,XX,H,L
Y,R,XX,R,Y
M,F,XX,F,M
T,P,XX,P,T
R,Y,XX,R,Y
L,W,XX,L,W
S,T,XX,T,S
D,G,XX,D,G
D,N,XX,D,N
K,T,XX,K,T
Y,M,XX,Y,M
G,Q,XX,Q,G
T,K,XX,K,T
L,L',XX,L,L
M,E,XX,E,M
P,E,XX,P,E
K,S,XX,S,K
E,E',XX,E,E
A,N,XX,A,N
Y,K,XX,Y,K
A,L,XX,L,A
L,P,XX,L,P
Y,R,XX,R,Y
S,K,XX,S,K
F,R,XX,F,R
Q,N,XX,N,Q
S,K,XX,S,K
R,F,XX,F,R
R,Y,XX,R,Y
F,H,XX,H,F
S,V,XX,S,V
T,Q,XX,T,Q
R,K,XX,K,R
K,E,XX,E,K
E,N,XX,E,N
N,G,XX,G,N
R,Y,XX,R,Y
T,N,XX,N,T
P,K,XX,P,K
S,D,XX,S,D
E,A,XX,A,E
Y,P,XX,P,Y
G,Q,XX,Q,G
T,K,XX,K,T
V,S,XX,S,V
V,V',XX,V,V
D,N,XX,D,N
D,N,XX,D,N
R,K,XX,K,R
L,E,XX,L,E
K,W,XX,K,W
T,V,XX,T,V
P,E,XX,P,E
G,T,XX,G,T
A,A',XX,A,A
Y,R,XX,R,Y
G,E,XX,G,E
K,T,XX,K,T
T,P,XX,P,T
Q,K,XX,Q,K
P,D,XX,P,D
P,D,XX,P,D
K,K',XX,K,K
P,G,XX,P,G
Q,H,XX,Q,H
T,N,XX,N,T
G,N,XX,G,N
E,V,XX,V,E
D,Y,XX,D,Y
R,Q,XX,Q,R
R,D,XX,R,D
R,L,XX,L,R
F,P,XX,P,F
