source,target,motif
S,D,XXX
D,Y,XXX
G,Y,XXX
Y,G,XXX
N,Y,XXX
Y,N,XXX
F,W,XXX
W,S,XXX
W,G,XXX
G,D,XXX
S,Y,XXX
Y,Y',XXX
S,E,XXX
E,D,XXX
N,Y,XXX
Y,G,XXX
S,S',XXX
S,W,XXX
G,D,XXX
D,G,XXX
S,Y,XXX
Y,A,XXX
Q,D,XXX
D,Y,XXX
D,I,XXX
I,Q,XXX
D,D',XXX
D,W,XXX
S,D,XXX
D,Y,XXX
S,G,XXX
G,Y,XXX
F,W,XXX
W,S,XXX
W,G,XXX
G,D,XXX
P,M,XXX
M,N,XXX
G,T,XXX
T,D,XXX
S,Y,XXX
Y,W,XXX
R,V,XXX
V,Y,XXX
D,Y,XXX
Y,T,XXX
G,N,XXX
N,N',XXX
S,A,XXX
A,Y,XXX
S,Y,XXX
Y,W,XXX
R,Y,XXX
Y,D,XXX
V,S,XXX
S,Y,XXX
T,Y,XXX
Y,R,XXX
R,N,XXX
N,Y,XXX
A,Y,XXX
Y,Y',XXX
G,S,XXX
S,G,XXX
S,Y,XXX
Y,S,XXX
G,H,XXX
H,Y,XXX
R,R',XXX
R,S,XXX
G,M,XXX
M,S,XXX
S,Y,XXX
Y,S,XXX
S,Y,XXX
Y,W,XXX
Y,D,XXX
D,W,XXX
G,F,XXX
F,W,XXX
N,F,XXX
F,P,XXX
N,Y,XXX
Y,C,XXX
F,W,XXX
W,S,XXX
L,G,XXX
G,S,XXX
S,Y,XXX
Y,T,XXX
S,G,XXX
G,I,XXX
N,Y,XXX
Y,G,XXX
L,G,XXX
G,S,XXX
A,Y,XXX
Y,E,XXX
L,T,XXX
T,S,XXX
D,Y,XXX
Y,Y',XXX
T,Y,XXX
Y,W,XXX
N,S,XXX
S,G,XXX
I,W,XXX
W,Y,XXX
G,S,XXX
S,Y,XXX
W,S,XXX
S,T,XXX
S,Y,XXX
Y,T,XXX
T,F,XXX
F,S,XXX
N,S,XXX
S,Y,XXX
S,Y,XXX
Y,A,XXX
S,Y,XXX
Y,W,XXX
Y,I,XXX
I,G,XXX
R,V,XXX
V,Y,XXX
H,Y,XXX
Y,G,XXX
D,A,XXX
A,W,XXX
S,D,XXX
D,Y,XXX
D,Y,XXX
Y,S,XXX
R,V,XXX
V,Y,XXX
L,G,XXX
G,S,XXX
N,N',XXX
N,Y,XXX
S,Y,XXX
Y,T,XXX
S,Y,XXX
Y,W,XXX
D,Y,XXX
Y,S,XXX
S,D,XXX
D,Y,XXX
S,Y,XXX
Y,N,XXX
F,W,XXX
W,S,XXX
W,G,XXX
G,D,XXX
D,Y,XXX
Y,G,XXX
Y,G,XXX
G,N,XXX
D,T,XXX
T,Y,XXX
D,A,XXX
A,N,XXX
W,S,XXX
S,G,XXX
G,M,XXX
M,S,XXX
R,Y,XXX
Y,A,XXX
N,Y,XXX
Y,W,XXX
L,Y,XXX
Y,S,XXX
D,S,XXX
S,S',XXX
G,Y,XXX
Y,D,XXX
F,W,XXX
W,S,XXX
G,A,XXX
A,G,XXX
W,G,XXX
G,D,XXX
N,Y,XXX
Y,G,XXX
Y,Y',XXX
Y,D,XXX
Y,D,XXX
D,S,XXX
S,Y,XXX
Y,W,XXX
S,N,XXX
N,S,XXX
R,I,XXX
I,Y,XXX
Y,Y',XXX
Y,D,XXX
H,N,XXX
N,Y,XXX
D,Y,XXX
Y,H,XXX
G,S,XXX
S,G,XXX
S,Y,XXX
Y,W,XXX
D,P,XXX
P,S,XXX
V,Y,XXX
Y,G,XXX
S,T,XXX
T,W,XXX
S,Y,XXX
Y,W,XXX
D,Y,XXX
Y,S,XXX
S,Y,XXX
Y,W,XXX
D,S,XXX
S,D,XXX
F,Y,XXX
Y,G,XXX
A,Y,XXX
Y,N,XXX
T,Y,XXX
Y,D,XXX
G,M,XXX
M,S,XXX
S,Y,XXX
Y,G,XXX
S,H,XXX
H,N,XXX
D,N,XXX
N,W,XXX
S,Y,XXX
Y,W,XXX
D,K,XXX
K,Y,XXX
G,N,XXX
N,N',XXX
S,A,XXX
A,Y,XXX
D,Y,XXX
Y,D,XXX
S,Y,XXX
Y,S,XXX
H,Y,XXX
Y,G,XXX
G,S,XXX
S,R,XXX
S,F,XXX
F,D,XXX
S,D,XXX
D,Y,XXX
V,Y,XXX
Y,S,XXX
D,I,XXX
I,Q,XXX
R,S,XXX
S,W,XXX
S,Y,XXX
Y,W,XXX
E,I,XXX
I,V,XXX
R,L,XXX
L,Y,XXX
N,H,XXX
H,H',XXX
R,S,XXX
S,S',XXX
S,Y,XXX
Y,Y',XXX
N,Y,XXX
Y,A,XXX
D,Y,XXX
Y,D,XXX
G,F,XXX
F,H,XXX
D,Y,XXX
Y,Y',XXX
G,S,XXX
S,S',XXX
N,N',XXX
N,R,XXX
N,Y,XXX
Y,G,XXX
N,W,XXX
W,W',XXX
S,Y,XXX
Y,R,XXX
R,N,XXX
N,H,XXX
R,L,XXX
L,A,XXX
D,Y,XXX
Y,G,XXX
S,K,XXX
K,Y,XXX
D,Y,XXX
Y,D,XXX
Y,N,XXX
N,R,XXX
S,Y,XXX
Y,A,XXX
T,A,XXX
A,G,XXX
S,N,XXX
N,Y,XXX
W,I,XXX
I,N,XXX
N,S,XXX
S,F,XXX
S,Y,XXX
Y,W,XXX
N,E,XXX
E,D,XXX
S,D,XXX
D,Y,XXX
S,Y,XXX
Y,W,XXX
Y,I,XXX
I,N,XXX
T,Y,XXX
Y,Y',XXX
S,S',XXX
S,R,XXX
R,F,XXX
F,W,XXX
D,I,XXX
I,Q,XXX
T,Y,XXX
Y,G,XXX
Y,Y',XXX
Y,Y',XXX
G,S,XXX
S,K,XXX
S,Y,XXX
Y,T,XXX
Y,D,XXX
D,D',XXX
R,N,XXX
N,A,XXX
S,Y,XXX
Y,W,XXX
S,S',XXX
S,W,XXX
W,Y,XXX
Y,R,XXX
G,D,XXX
D,S,XXX
Y,R,XXX
R,S,XXX
N,S,XXX
S,N,XXX
D,F,XXX
F,A,XXX
A,G,XXX
G,R,XXX
Y,Y',XXX
Y,D,XXX
N,S,XXX
S,Y,XXX
Y,N,XXX
N,R,XXX
D,T,XXX
T,Y,XXX
D,P,XXX
P,A,XXX
D,T,XXX
T,Y,XXX
F,W,XXX
W,S,XXX
G,Y,XXX
Y,G,XXX
W,G,XXX
G,D,XXX
Y,S,XXX
S,Y,XXX
N,Y,XXX
Y,L,XXX
S,Y,XXX
Y,Y',XXX
D,N,XXX
N,Y,XXX
E,Y,XXX
Y,Y',XXX
V,T,XXX
T,D,XXX
R,N,XXX
N,D,XXX
S,Y,XXX
Y,Y',XXX
T,N,XXX
N,Y,XXX
S,Y,XXX
Y,W,XXX
S,Y,XXX
Y,T,XXX
E,Y,XXX
Y,D,XXX
P,M,XXX
M,N,XXX
T,F,XXX
F,S,XXX
G,R,XXX
R,F,XXX
D,T,XXX
T,Y,XXX
N,S,XXX
S,G,XXX
G,N,XXX
N,N',XXX
S,D,XXX
D,Y,XXX
S,Y,XXX
Y,Y',XXX
N,Y,XXX
Y,W,XXX
S,E,XXX
E,W,XXX
N,Y,XXX
Y,R,XXX
D,Y,XXX
Y,Y',XXX
D,L,XXX
L,H,XXX
D,T,XXX
T,Y,XXX
D,Y,XXX
Y,G,XXX
T,Y,XXX
Y,A,XXX
S,Y,XXX
Y,W,XXX
G,W,XXX
W,D,XXX
S,N,XXX
N,N',XXX
S,D,XXX
D,Y,XXX
H,N,XXX
N,Y,XXX
T,Y,XXX
Y,W,XXX
S,Y,XXX
Y,W,XXX
S,Y,XXX
Y,W,XXX
D,D',XXX
D,F,XXX
W,P,XXX
P,P',XXX
S,G,XXX
G,G',XXX
Y,G,XXX
G,D,XXX
D,D',XXX
D,Y,XXX
S,D,XXX
D,Y,XXX
Y,S,XXX
S,T,XXX
G,Y,XXX
Y,A,XXX
R,V,XXX
V,Y,XXX
S,N,XXX
N,E,XXX
E,Y,XXX
Y,I,XXX
Y,S,XXX
S,Y,XXX
R,V,XXX
V,Y,XXX
S,D,XXX
D,Y,XXX
S,S',XXX
S,W,XXX
T,Y,XXX
Y,W,XXX
S,D,XXX
D,Y,XXX
D,T,XXX
T,Y,XXX
S,D,XXX
D,Y,XXX
S,D,XXX
D,Y,XXX
Y,D,XXX
D,N,XXX
G,N,XXX
N,N',XXX
S,D,XXX
D,Y,XXX
S,Y,XXX
Y,A,XXX
S,Y,XXX
Y,A,XXX
G,Y,XXX
Y,S,XXX
D,N,XXX
N,F,XXX
G,Y,XXX
Y,D,XXX
W,G,XXX
G,D,XXX
S,S',XXX
S,A,XXX
Y,M,XXX
M,Y,XXX
S,N,XXX
N,Y,XXX
G,H,XXX
H,W,XXX
S,S',XXX
S,Y,XXX
S,Y,XXX
Y,W,XXX
D,F,XXX
F,Y,XXX
N,T,XXX
T,W,XXX
F,A,XXX
A,S,XXX
G,Y,XXX
Y,G,XXX
W,G,XXX
G,D,XXX
P,I,XXX
I,F,XXX
G,Y,XXX
Y,Q,XXX
Y,G,XXX
G,N,XXX
G,D,XXX
D,G,XXX
G,K,XXX
K,T,XXX
G,Y,XXX
Y,G,XXX
S,T,XXX
T,W,XXX
S,D,XXX
D,L,XXX
S,G,XXX
G,R,XXX
S,Y,XXX
Y,V,XXX
S,Y,XXX
Y,G,XXX
F,H,XXX
H,S,XXX
W,G,XXX
G,D,XXX
N,S,XXX
S,W,XXX
D,Y,XXX
Y,W,XXX
D,Y,XXX
Y,Y',XXX
G,S,XXX
S,G,XXX
G,Y,XXX
Y,T,XXX
S,S',XXX
S,W,XXX
S,Y,XXX
Y,Y',XXX
P,I,XXX
I,F,XXX
G,Y,XXX
Y,Q,XXX
D,Y,XXX
Y,S,XXX
D,Y,XXX
Y,G,XXX
E,Y,XXX
Y,T,XXX
S,N,XXX
N,N',XXX
S,D,XXX
D,Y,XXX
W,S,XXX
S,W,XXX
I,I',XXX
I,F,XXX
D,Y,XXX
Y,Y',XXX
Y,A,XXX
A,G,XXX
S,N,XXX
N,D,XXX
D,Y,XXX
Y,G,XXX
D,D',XXX
D,F,XXX
S,S',XXX
S,S',XXX
N,Y,XXX
Y,Y',XXX
D,D',XXX
D,H,XXX
S,N,XXX
N,Y,XXX
I,I',XXX
I,F,XXX
T,S,XXX
S,G,XXX
Y,G,XXX
G,T,XXX
Q,S,XXX
S,V,XXX
R,D,XXX
D,Y,XXX
S,D,XXX
D,A,XXX
Q,L,XXX
L,T,XXX
R,K,XXX
K,F,XXX
D,H,XXX
H,W,XXX
D,Y,XXX
Y,N,XXX
Y,D,XXX
D,P,XXX
G,D,XXX
D,G,XXX
F,S,XXX
S,S',XXX
W,G,XXX
G,D,XXX
D,L,XXX
L,G,XXX
N,T,XXX
T,W,XXX
S,Y,XXX
Y,W,XXX
T,F,XXX
F,S,XXX
Y,G,XXX
G,N,XXX
D,Y,XXX
Y,L,XXX
D,Y,XXX
Y,S,XXX
E,D,XXX
D,D',XXX
D,T,XXX
T,Y,XXX
S,D,XXX
D,I,XXX
S,Y,XXX
Y,W,XXX
S,Y,XXX
Y,W,XXX
N,Y,XXX
Y,D,XXX
S,N,XXX
N,L,XXX
K,N,XXX
N,Y,XXX
N,T,XXX
T,Y,XXX
Y,D,XXX
D,T,XXX
S,D,XXX
D,S,XXX
R,Y,XXX
Y,W,XXX
S,S',XXX
S,N,XXX
S,S',XXX
S,S',XXX
Y,Y',XXX
Y,S,XXX
N,Y,XXX
Y,A,XXX
K,F,XXX
F,G,XXX
D,S,XXX
S,D,XXX
N,T,XXX
T,W,XXX
S,T,XXX
T,A,XXX
D,Y,XXX
Y,W,XXX
E,Y,XXX
Y,Y',XXX
Y,S,XXX
S,Y,XXX
S,T,XXX
T,A,XXX
S,F,XXX
F,A,XXX
F,Y,XXX
Y,W,XXX
T,Y,XXX
Y,A,XXX
S,D,XXX
D,F,XXX
P,D,XXX
D,Y,XXX
R,S,XXX
S,G,XXX
N,Y,XXX
Y,Y',XXX
S,N,XXX
N,V,XXX
S,T,XXX
T,A,XXX
P,I,XXX
I,F,XXX
G,Y,XXX
Y,Q,XXX
D,Y,XXX
Y,Y',XXX
K,L,XXX
L,A,XXX
D,I,XXX
I,V,XXX
G,N,XXX
N,N',XXX
S,D,XXX
D,Y,XXX
S,G,XXX
G,A,XXX
G,N,XXX
N,N',XXX
S,D,XXX
D,Y,XXX
W,P,XXX
P,S,XXX
G,N,XXX
N,N',XXX
A,S,XXX
S,S',XXX
G,N,XXX
N,N',XXX
S,D,XXX
D,Y,XXX
W,G,XXX
G,Q,XXX
H,N,XXX
N,Y,XXX
G,T,XXX
T,A,XXX
Y,H,XXX
H,W,XXX
S,Y,XXX
Y,A,XXX
S,Y,XXX
Y,W,XXX
S,S',XXX
S,N,XXX
D,Y,XXX
Y,A,XXX
A,G,XXX
G,R,XXX
S,F,XXX
F,W,XXX
N,R,XXX
R,S,XXX
G,N,XXX
N,D,XXX
S,D,XXX
D,Y,XXX
W,P,XXX
P,P',XXX
D,Y,XXX
Y,V,XXX
A,Y,XXX
Y,S,XXX
N,F,XXX
F,G,XXX
S,D,XXX
D,Y,XXX
S,G,XXX
G,F,XXX
E,Y,XXX
Y,Y',XXX
N,S,XXX
S,W,XXX
F,F',XXX
F,S,XXX
W,G,XXX
G,D,XXX
Y,N,XXX
N,S,XXX
D,Y,XXX
Y,G,XXX
V,R,XXX
R,S,XXX
S,Y,XXX
Y,A,XXX
Q,D,XXX
D,Y,XXX
S,F,XXX
F,W,XXX
V,Y,XXX
Y,G,XXX
F,H,XXX
H,R,XXX
T,S,XXX
S,G,XXX
T,Y,XXX
Y,G,XXX
N,Y,XXX
Y,G,XXX
S,T,XXX
T,V,XXX
D,Y,XXX
Y,W,XXX
R,V,XXX
V,Y,XXX
F,V,XXX
V,S,XXX
G,Y,XXX
Y,G,XXX
W,G,XXX
G,D,XXX
Y,T,XXX
T,L,XXX
N,V,XXX
V,A,XXX
T,D,XXX
D,N,XXX
G,N,XXX
N,N',XXX
S,D,XXX
D,Y,XXX
S,Y,XXX
Y,A,XXX
S,Y,XXX
Y,W,XXX
F,W,XXX
W,S,XXX
G,Y,XXX
Y,G,XXX
W,G,XXX
G,D,XXX
S,S',XXX
S,W,XXX
S,Y,XXX
Y,Y',XXX
N,H,XXX
H,W,XXX
L,E,XXX
E,T,XXX
D,A,XXX
A,N,XXX
I,Y,XXX
Y,A,XXX
G,Y,XXX
Y,Y',XXX
T,Y,XXX
Y,Y',XXX
R,V,XXX
V,Y,XXX
S,T,XXX
T,F,XXX
N,Y,XXX
Y,W,XXX
S,D,XXX
D,F,XXX
E,I,XXX
I,V,XXX
R,R',XXX
R,D,XXX
D,Y,XXX
Y,Y',XXX
D,Y,XXX
Y,D,XXX
S,N,XXX
N,S,XXX
N,N',XXX
N,T,XXX
T,H,XXX
H,W,XXX
H,I,XXX
I,L,XXX
S,A,XXX
A,S,XXX
Y,S,XXX
S,Y,XXX
T,F,XXX
F,T,XXX
S,Y,XXX
Y,G,XXX
Y,N,XXX
N,R,XXX
G,N,XXX
N,A,XXX
F,F',XXX
F,G,XXX
S,F,XXX
F,W,XXX
G,Y,XXX
Y,T,XXX
R,I,XXX
I,Y,XXX
A,M,XXX
M,S,XXX
D,D',XXX
D,D',XXX
G,Y,XXX
Y,Y',XXX
R,T,XXX
T,F,XXX
S,D,XXX
D,V,XXX
D,K,XXX
K,Y,XXX
D,S,XXX
S,W,XXX
N,K,XXX
K,Y,XXX
D,T,XXX
T,Y,XXX
T,S,X1X
N,H,X1X
T,T',X1X
R,T,X1X
F,L,X1X
S,Y,X1X
S,S',X1X
Y,Y',X1X
N,K,X1X
R,N,X1X
H,Y,X1X
Y,Y',X1X
N,F,X1X
T,T',X1X
T,I,X1X
A,S,X1X
T,A,X1X
D,Q,X1X
F,H,X1X
Y,D,X1X
T,G,X1X
S,S',X1X
Y,Y',X1X
S,T,X1X
Y,H,X1X
T,T',X1X
W,S,X1X
W,S,X1X
D,F,X1X
R,T,X1X
S,W,X1X
K,S,X1X
S,W,X1X
D,V,X1X
R,D,X1X
W,S,X1X
N,D,X1X
T,T',X1X
N,W,X1X
N,K,X1X
T,I,X1X
T,T',X1X
R,Y,X1X
S,Y,X1X
T,S,X1X
T,S,X1X
W,D,X1X
T,S,X1X
R,D,X1X
N,H,X1X
R,K,X1X
N,W,X1X
N,Y,X1X
R,N,X1X
D,S,X1X
Y,Y',X1X
R,K,X1X
T,N,X1X
S,N,X1X
Y,N,X1X
H,Y,X1X
R,Y,X1X
T,S,X1X
W,V,X1X
N,H,X1X
W,Y,X1X
Y,N,X1X
G,D,X1X
T,T',X1X
R,D,X1X
Y,Y',X1X
E,Y,X1X
S,T,X1X
Y,H,X1X
N,W,X1X
D,Y,X1X
W,H,X1X
T,S,X1X
S,Y,X1X
V,Q,X1X
Y,W,X1X
T,Y,X1X
S,W,X1X
D,W,X1X
T,S,X1X
M,S,X1X
N,K,X1X
S,Y,X1X
D,V,X1X
R,D,X1X
N,W,X1X
S,Y,X1X
Y,Y',X1X
N,I,X1X
T,S,X1X
D,Y,X1X
R,D,X1X
N,H,X1X
R,K,X1X
T,T',X1X
D,W,X1X
T,T',X1X
T,Y,X1X
P,F,X1X
L,S,X1X
R,Y,X1X
T,G,X1X
N,Y,X1X
R,N,X1X
S,Y,X1X
S,Y,X1X
D,W,X1X
T,S,X1X
N,Y,X1X
W,D,X1X
I,T,X1X
H,D,X1X
W,N,X1X
W,G,X1X
S,Y,X1X
T,S,X1X
N,Y,X1X
W,T,X1X
S,R,X1X
N,K,X1X
T,I,X1X
N,N',X1X
T,T',X1X
S,T,X1X
N,K,X1X
S,T,X1X
W,H,X1X
A,N,X1X
I,E,X1X
N,S,X1X
Y,Y',X1X
T,S,X1X
S,A,X1X
S,W,X1X
W,H,X1X
F,T,X1X
Y,Y',X1X
N,W,X1X
N,K,X1X
R,L,X1X
Y,V,X1X
Y,Y',X1X
R,Y,X1X
T,A,X1X
Q,N,X1X
S,H,X1X
T,S,X1X
W,H,X1X
S,T,X1X
E,N,X1X
T,S,X1X
N,Y,X1X
D,Y,X1X
Y,Y',X1X
S,L,X1X
R,Y,X1X
T,I,X1X
T,Y,X1X
S,T,X1X
Y,Y',X1X
S,F,X1X
D,Y,X1X
Y,N,X1X
I,W,X1X
F,D,X1X
R,T,X1X
L,I,X1X
R,Y,X1X
R,W,X1X
N,K,X1X
K,I,X1X
Y,H,X1X
N,W,X1X
L,I,X1X
N,K,X1X
W,N,X1X
H,Y,X1X
H,Y,X1X
K,I,X1X
T,I,X1X
D,N,X1X
F,D,X1X
Y,W,X1X
T,T',X1X
S,Y,X1X
N,F,X1X
S,N,X1X
Y,K,X1X
Y,Y',X1X
N,K,X1X
S,F,X1X
D,D',X1X
R,T,X1X
Y,D,X1X
R,S,X1X
W,H,X1X
D,Y,X1X
T,T',X1X
R,T,X1X
N,K,X1X
T,S,X1X
R,G,X1X
N,Y,X1X
Y,Y',X1X
T,S,X1X
W,H,X1X
E,Y,X1X
S,Y,X1X
T,S,X1X
D,Y,X1X
Y,S,X1X
T,T',X1X
S,Y,X1X
Y,N,X1X
W,H,X1X
R,V,X1X
S,Y,X1X
Y,Y',X1X
W,D,X1X
T,T',X1X
Y,N,X1X
W,Y,X1X
D,Y,X1X
Y,Y',X1X
S,Y,X1X
S,Y,X1X
K,Y,X1X
Y,N,X1X
N,G,X1X
S,W,X1X
H,Y,X1X
H,Y,X1X
T,S,X1X
N,W,X1X
T,S,X1X
K,G,X1X
L,E,X1X
F,D,X1X
S,T,X1X
E,R,X1X
S,H,X1X
R,Y,X1X
S,T,X1X
Y,N,X1X
R,G,X1X
Y,Y',X1X
H,Y,X1X
T,T',X1X
P,T,X1X
Y,Y',X1X
F,Y,X1X
D,H,X1X
F,A,X1X
T,S,X1X
I,F,X1X
S,T,X1X
G,R,X1X
R,E,X1X
T,T',X1X
S,H,X1X
S,N,X1X
W,D,X1X
S,Y,X1X
S,A,X1X
W,S,X1X
S,Y,X1X
N,Y,X1X
T,S,X1X
W,H,X1X
S,W,X1X
F,Y,X1X
T,T',X1X
F,Q,X2X
L,Y,X2X
Y,T,X2X
G,Y,X2X
S,F,X2X
I,Y,X2X
Y,Q,X2X
Y,T,X2X
Y,Q,X2X
D,K,X2X
R,Y,X2X
Y,R,X2X
G,Y,X2X
I,Y,X2X
L,Y,X2X
L,Y,X2X
L,N,X2X
L,I,X2X
W,T,X2X
R,K,X2X
W,N,X2X
L,Y,X2X
L,Y,X2X
S,Q,X2X
T,Y,X2X
Y,Y',X2X
L,Y,X2X
S,N,X2X
Y,H,X2X
L,H,X2X
A,Q,X2X
S,T,X2X
L,Y,X2X
Y,E,X2X
L,Y,X2X
Y,T,X2X
Y,Y',X2X
Y,Y',X2X
D,R,X2X
L,Y,X2X
R,N,X2X
R,Y,X2X
Y,H,X2X
Y,Q,X2X
L,S,X2X
L,Y,X2X
A,N,X2X
Y,Q,X2X
D,K,X2X
L,Y,X2X
E,K,X2X
L,N,X2X
A,H,X2X
Y,R,X2X
L,Y,X2X
L,Y,X2X
V,R,X2X
L,Y,X2X
L,Y,X2X
D,K,X2X
Y,Q,X2X
L,Y,X2X
K,N,X2X
S,Y,X2X
A,T,X2X
L,Y,X2X
L,Y,X2X
Y,T,X2X
Y,R,X2X
R,Y,X2X
A,S,X2X
R,Y,X2X
L,H,X2X
Y,Q,X2X
R,F,X2X
Y,Q,X2X
G,N,X2X
D,R,X2X
L,Y,X2X
R,N,X2X
Y,F,X2X
Y,Q,X2X
F,Q,X2X
Y,Q,X2X
Y,Q,X2X
Y,Y',X2X
Y,Q,X2X
A,T,X2X
L,E,X2X
W,N,X2X
R,Y,X2X
L,K,X2X
R,Y,X2X
Y,T,X2X
S,Y,X2X
Y,Y',X2X
L,Y,X2X
Y,Q,X2X
Y,R,X2X
Y,T,X2X
L,N,X2X
Y,T,X2X
W,Y,X2X
S,K,X2X
Y,Q,X2X
Y,Q,X2X
L,Y,X2X
E,K,X2X
S,F,X2X
D,K,X2X
Y,Q,X2X
Y,Q,X2X
Y,K,X2X
Y,T,X2X
Y,Q,X2X
L,Y,X2X
A,S,X2X
L,Y,X2X
N,N',X2X
L,Y,X2X
A,A',X2X
S,S',X2X
S,Y,X2X
E,R,X2X
Y,Q,X2X
L,F,X2X
Y,K,X2X
T,Y,X2X
Y,Q,X2X
L,Y,X2X
S,N,X2X
Y,Q,X2X
D,T,X2X
L,Y,X2X
Y,T,X2X
L,N,X2X
A,S,X2X
L,Y,X2X
R,Y,X2X
Y,Q,X2X
R,N,X2X
L,Y,X2X
F,S,X2X
Y,Q,X2X
F,Y,X2X
L,Y,X2X
L,Y,X2X
Y,T,X2X
Y,T,X2X
Y,S,X2X
R,Y,X2X
L,K,X2X
Y,T,X2X
L,Y,X2X
D,K,X2X
Y,Q,X2X
Y,T,X2X
R,Y,X2X
Y,E,X2X
T,T',X2X
Y,Q,X2X
D,K,X2X
L,Y,X2X
W,Y,X2X
R,D,X2X
Y,Q,X2X
D,Y,XX
A,Y,XX
G,Y,XX
G,Y,XX
A,S,XX
N,N',XX
S,N,XX
S,G,XX
D,W,XX
T,Y,XX
K,S,XX
S,R,XX
Q,Y,XX
W,D,XX
E,I,XX
R,K,XX
G,Y,XX
G,S,XX
W,D,XX
N,Y,XX
D,Y,XX
Y,Y',XX
S,G,XX
D,N,XX
S,G,XX
T,R,XX
G,N,XX
E,D,XX
T,Y,XX
E,D,XX
N,Y,XX
G,N,XX
D,D',XX
H,Y,XX
S,R,XX
D,D',XX
G,S,XX
E,R,XX
Q,D,XX
S,Y,XX
Y,T,XX
Y,S,XX
K,S,XX
S,G,XX
S,Y,XX
R,K,XX
I,F,XX
I,F,XX
G,Y,XX
G,S,XX
Y,S,XX
R,N,XX
V,Y,XX
E,D,XX
V,I,XX
N,N',XX
Y,N,XX
D,I,XX
Y,F,XX
A,G,XX
N,Y,XX
Y,D,XX
V,L,XX
S,Y,XX
Y,A,XX
S,Y,XX
Y,S,XX
Y,Y',XX
S,S',XX
Y,Y',XX
S,G,XX
K,Q,XX
E,D,XX
T,D,XX
Y,D,XX
W,A,XX
K,Y,XX
H,N,XX
S,Y,XX
A,T,XX
W,D,XX
E,I,XX
Y,S,XX
D,N,XX
R,Y,XX
F,S,XX
T,Y,XX
Y,Y',XX
S,N,XX
D,Y,XX
S,Y,XX
Y,D,XX
F,G,XX
R,P,XX
A,G,XX
Y,Y',XX
H,D,XX
D,T,XX
S,F,XX
S,T,XX
Y,T,XX
S,F,XX
Y,W,XX
R,G,XX
N,T,XX
I,K,XX
D,Y,XX
Y,Y',XX
I,F,XX
Y,D,XX
Y,H,XX
E,W,XX
S,S',XX
R,Y,XX
K,Y,XX
S,Y,XX
K,D,XX
G,Y,XX
S,Y,XX
R,Y,XX
F,Y,XX
E,W,XX
S,Y,XX
G,N,XX
F,W,XX
E,S,XX
D,A,XX
S,Y,XX
Y,Y',XX
Y,S,XX
W,D,XX
D,I,XX
Y,Y',XX
G,Y,XX
G,R,XX
F,S,XX
S,Y,XX
Y,T,XX
E,I,XX
W,E,XX
D,I,XX
V,L,XX
Q,Y,XX
D,I,XX
E,V,XX
I,K,XX
W,N,XX
S,G,XX
Y,Y',XX
Y,Y',XX
S,Y,XX
I,K,XX
G,S,XX
W,D,XX
R,Y,XX
Y,S,XX
Y,L,XX
S,G,XX
E,I,XX
E,D,XX
W,D,XX
W,D,XX
Y,Y',XX
S,D,XX
Y,S,XX
S,G,XX
W,D,XX
E,Y,XX
F,G,XX
V,R,XX
F,G,XX
G,V,XX
Y,N,XX
S,Y,XX
G,S,XX
E,W,XX
T,N,XX
S,G,XX
Y,T,XX
R,N,XX
S,Y,XX
Y,D,XX
L,I,XX
I,Y,XX
S,Y,XX
Y,G,XX
A,L,XX
F,G,XX
N,Y,XX
G,Y,XX
S,Y,XX
E,I,XX
E,W,XX
Y,Y',XX
L,Y,XX
E,S,XX
G,Y,XX
G,V,XX
S,N,XX
S,E,XX
Y,F,XX
S,D,XX
W,D,XX
S,Y,XX
Y,D,XX
D,V,XX
Y,Y',XX
Y,Y',XX
I,K,XX
Q,S,XX
D,E,XX
R,Y,XX
E,K,XX
Y,G,XX
Q,S,XX
K,P,XX
W,D,XX
T,I,XX
R,K,XX
S,G,XX
D,G,XX
Y,Y',XX
Y,S,XX
S,G,XX
E,D,XX
G,Y,XX
S,N,XX
N,Y,XX
S,Y,XX
D,L,XX
D,A,XX
F,T,XX
T,G,XX
S,F,XX
N,N',XX
G,Y,XX
D,D',XX
Q,Y,XX
R,M,XX
G,S,XX
S,G,XX
S,H,XX
S,T,XX
S,Y,XX
Y,T,XX
K,Y,XX
S,Y,XX
G,S,XX
Y,W,XX
D,S,XX
Y,W,XX
R,S,XX
F,T,XX
Q,S,XX
T,N,XX
F,T,XX
S,Y,XX
W,D,XX
G,L,XX
W,D,XX
Y,Y',XX
S,Y,XX
G,S,XX
A,L,XX
F,G,XX
P,P',XX
E,I,XX
P,Q,XX
G,S,XX
W,D,XX
K,Y,XX
S,Y,XX
G,Y,XX
K,L,XX
S,G,XX
W,D,XX
N,N',XX
W,D,XX
T,N,XX
S,Y,XX
Y,R,XX
D,Y,XX
I,K,XX
G,Y,XX
W,Y,XX
Y,D,XX
T,N,XX
S,G,XX
W,D,XX
G,S,XX
Y,G,XX
F,R,XX
A,Y,XX
W,P,XX
F,I,XX
V,T,XX
D,I,XX
N,L,XX
G,H,XX
H,H',XX
W,D,XX
D,I,XX
S,Y,XX
Y,S,XX
M,Y,XX
K,Y,XX
H,N,XX
Y,D,XX
N,Y,XX
A,A',XX
N,Y,XX
G,S,XX
R,Y,XX
D,I,XX
S,N,XX
N,I,XX
N,Y,XX
T,N,XX
G,S,XX
E,G,XX
D,I,XX
S,Y,XX
G,M,XX
