"resnum_adj","chain","n"
"1","Light",18
"1","Heavy",16
"10","Light",4
"10","Heavy",1
"100","Light",69
"101","Light",12
"102","Heavy",2
"102","Light",1
"103","Heavy",11
"103","Light",4
"104","Light",18
"104","Heavy",6
"105","Light",16
"105","Heavy",8
"106","Heavy",6
"106","Light",6
"107","Heavy",7
"107","Light",7
"108","Heavy",6
"108","Light",3
"109","Heavy",1
"11","Heavy",3
"11","Light",2
"110","Heavy",3
"110","Light",1
"111","Heavy",2
"112","Heavy",7
"112","Light",1
"113","Heavy",5
"114","Heavy",1
"115","Heavy",1
"117","Heavy",4
"118","Heavy",1
"12","Light",4
"12","Heavy",1
"127","Heavy",1
"13","Heavy",2
"13","Light",2
"14","Heavy",4
"14","Light",2
"15","Light",4
"16","Heavy",3
"17","Light",4
"17","Heavy",1
"18","Light",7
"18","Heavy",3
"19","Light",8
"19","Heavy",2
"2","Light",16
"2","Heavy",3
"20","Heavy",2
"20","Light",2
"21","Light",3
"21","Heavy",1
"22","Light",4
"22","Heavy",2
"23","Heavy",8
"23","Light",5
"24","Heavy",5
"24","Light",4
"25","Light",8
"25","Heavy",1
"26","Heavy",2
"26","Light",2
"27","Light",8
"27","Heavy",4
"28","Heavy",11
"28","Light",11
"29","Light",21
"29","Heavy",2
"3","Light",14
"3","Heavy",3
"30","Light",33
"30","Heavy",19
"31","Heavy",29
"31","Light",29
"32","Light",28
"32","Heavy",16
"33","Heavy",24
"33","Light",14
"34","Light",13
"34","Heavy",8
"35","Heavy",19
"35","Light",8
"36","Light",4
"36","Heavy",1
"37","Light",5
"37","Heavy",2
"38","Light",5
"39","Light",5
"39","Heavy",2
"4","Light",17
"4","Heavy",1
"40","Light",7
"40","Heavy",4
"41","Light",3
"41","Heavy",1
"42","Light",3
"42","Heavy",2
"43","Light",6
"44","Light",3
"44","Heavy",1
"45","Light",5
"46","Light",10
"46","Heavy",1
"47","Light",2
"47","Heavy",1
"48","Heavy",4
"48","Light",2
"49","Light",10
"49","Heavy",2
"5","Heavy",7
"5","Light",5
"50","Heavy",29
"50","Light",21
"51","Light",13
"51","Heavy",9
"52","Heavy",22
"52","Light",15
"53","Light",25
"53","Heavy",23
"54","Heavy",18
"54","Light",16
"55","Light",18
"55","Heavy",16
"56","Heavy",23
"56","Light",4
"57","Heavy",28
"57","Light",5
"58","Heavy",11
"58","Light",7
"59","Heavy",22
"59","Light",4
"6","Heavy",8
"6","Light",1
"60","Heavy",8
"60","Light",4
"61","Heavy",9
"61","Light",2
"62","Light",4
"62","Heavy",3
"63","Heavy",4
"63","Light",4
"64","Heavy",4
"65","Heavy",4
"65","Light",3
"66","Heavy",4
"66","Light",4
"67","Light",3
"67","Heavy",1
"68","Heavy",5
"68","Light",2
"69","Light",7
"69","Heavy",5
"70","Light",3
"70","Heavy",1
"71","Heavy",3
"71","Light",1
"72","Light",6
"72","Heavy",4
"73","Light",3
"74","Heavy",5
"74","Light",2
"75","Heavy",4
"75","Light",3
"76","Light",5
"76","Heavy",2
"77","Light",9
"77","Heavy",5
"78","Heavy",6
"78","Light",5
"79","Heavy",4
"79","Light",3
"8","Light",3
"80","Heavy",4
"80","Light",4
"81","Heavy",4
"81","Light",2
"82","Heavy",5
"82","Light",2
"83","Heavy",5
"83","Light",4
"84","Light",7
"84","Heavy",6
"85","Light",8
"85","Heavy",5
"86","Heavy",1
"86","Light",1
"87","Light",6
"87","Heavy",4
"88","Light",8
"88","Heavy",2
"89","Light",5
"89","Heavy",1
"9","Light",5
"9","Heavy",1
"90","Light",18
"91","Light",35
"91","Heavy",2
"92","Light",35
"93","Light",43
"93","Heavy",8
"94","Light",42
"94","Heavy",3
"95","Light",58
"95","Heavy",2
"96","Light",103
"96","Heavy",4
"97","Light",40
"97","Heavy",9
"98","Light",32
"98","Heavy",20
"99","Light",11
"99","Heavy",3
NA,"Light",96
NA,"Heavy",28
