pdbid,domain1,domain2,chain1,chain2,res1,res2,resnum1,resnum2,intertype
5JCG,1-cysPrx_C,1-cysPrx_C,A,H,T,Q,163,159,interdomain
5JCG,1-cysPrx_C,1-cysPrx_C,A,H,Q,E,159,162,interdomain
5JCG,1-cysPrx_C,1-cysPrx_C,A,H,T,T,163,163,interdomain
5OVQ,1-cysPrx_C,1-cysPrx_C,A,B,V,T,191,163,interdomain
5OVQ,1-cysPrx_C,1-cysPrx_C,A,B,P,G,194,168,interdomain
5OVQ,1-cysPrx_C,1-cysPrx_C,A,B,V,V,191,169,interdomain
5OVQ,1-cysPrx_C,1-cysPrx_C,A,B,V,A,193,170,interdomain
5OVQ,1-cysPrx_C,1-cysPrx_C,A,B,V,T,191,171,interdomain
5OVQ,1-cysPrx_C,1-cysPrx_C,A,B,I,P,192,172,interdomain
5OVQ,1-cysPrx_C,1-cysPrx_C,A,B,N,A,188,173,interdomain
5OVQ,1-cysPrx_C,1-cysPrx_C,A,B,N,D,188,174,interdomain
5OVQ,1-cysPrx_C,1-cysPrx_C,A,B,K,W,190,175,interdomain
5OVQ,1-cysPrx_C,1-cysPrx_C,A,B,K,V,190,176,interdomain
5OVQ,1-cysPrx_C,1-cysPrx_C,A,B,N,P,188,177,interdomain
5OVQ,1-cysPrx_C,1-cysPrx_C,A,B,T,E,189,178,interdomain
5OVQ,1-cysPrx_C,1-cysPrx_C,A,B,T,P,185,179,interdomain
5OVQ,1-cysPrx_C,1-cysPrx_C,A,B,E,Q,183,180,interdomain
5OVQ,1-cysPrx_C,1-cysPrx_C,A,B,E,T,183,181,interdomain
5OVQ,1-cysPrx_C,1-cysPrx_C,A,B,T,W,181,182,interdomain
5OVQ,1-cysPrx_C,1-cysPrx_C,A,B,Q,E,180,183,interdomain
5OVQ,1-cysPrx_C,1-cysPrx_C,A,B,Q,F,180,184,interdomain
5OVQ,1-cysPrx_C,1-cysPrx_C,A,B,P,T,179,185,interdomain
5OVQ,1-cysPrx_C,1-cysPrx_C,A,B,P,E,179,186,interdomain
5OVQ,1-cysPrx_C,1-cysPrx_C,A,B,D,N,174,188,interdomain
5OVQ,1-cysPrx_C,1-cysPrx_C,A,B,P,T,177,189,interdomain
5OVQ,1-cysPrx_C,1-cysPrx_C,C,D,W,K,175,190,interdomain
5OVQ,1-cysPrx_C,1-cysPrx_C,A,B,A,V,170,191,interdomain
5OVQ,1-cysPrx_C,1-cysPrx_C,A,B,V,I,169,192,interdomain
5OVQ,1-cysPrx_C,1-cysPrx_C,C,D,A,V,170,193,interdomain
5OVQ,1-cysPrx_C,1-cysPrx_C,C,D,G,P,168,194,interdomain
